{
"type": "FeatureCollection",
"crs": { "type": "name", "properties": { "name": "urn:ogc:def:crs:OGC:1.3:CRS84" } },
"features": [
{ "type": "Feature", "properties": { "ID": 3, "Basin": "Басейн річки Дніпро", "Basin_eng": "Dnipro River Basin", "Subbasin": "Суббасейн Нижнього Дніпра", "Subbasin_eng": "Lower Dnipro Subbasin" }, "geometry": { "type": "Polygon", "coordinates": [ [ [ 35.51, 49.7917 ], [ 35.62, 49.764200000000102 ], [ 35.6475, 49.731699999000099 ], [ 35.6992, 49.7192 ], [ 35.737286602865495, 49.6472552013647 ], [ 35.7375, 49.5975 ], [ 35.7983, 49.588300001000057 ], [ 35.851450804972721, 49.556178837763078 ], [ 35.9483, 49.560904744457062 ], [ 35.9675, 49.609999999000109 ], [ 35.9933, 49.619200001000067 ], [ 36.15, 49.630799999000033 ], [ 36.1542, 49.600068249493091 ], [ 36.180645057749459, 49.578883975686516 ], [ 36.1733, 49.529200001000049 ], [ 36.184200000000104, 49.525800001000086 ], [ 36.1308, 49.460095158981908 ], [ 36.148480198467574, 49.436699999000062 ], [ 36.1983, 49.435799999000039 ], [ 36.2225, 49.365800001000061 ], [ 36.2517, 49.355799999000041 ], [ 36.2792, 49.308431878716107 ], [ 36.313300000000112, 49.2983 ], [ 36.3142, 49.234200001000048 ], [ 36.333386739964922, 49.225146292946597 ], [ 36.288662246199685, 49.177850658924299 ], [ 36.3192, 49.151699999000101 ], [ 36.327837140702471, 49.016431988708881 ], [ 36.2933, 48.970000001000059 ], [ 36.231333115752058, 48.943440143490825 ], [ 36.2275, 48.9175 ], [ 36.377837341155832, 48.8517 ], [ 36.3983, 48.865 ], [ 36.5275, 48.8675 ], [ 36.605835509504765, 48.816738377335561 ], [ 36.645587089079662, 48.814200001000103 ], [ 36.6575, 48.830800001000064 ], [ 36.7658, 48.794199999000085 ], [ 36.8325, 48.797499999000081 ], [ 36.842590526794446, 48.7742 ], [ 36.9375, 48.768300001000043 ], [ 37.0133000000001, 48.7192000000001 ], [ 37.185900675322074, 48.679238798688949 ], [ 37.1942, 48.6450956301899 ], [ 37.2425, 48.595799999000064 ], [ 37.219476869867492, 48.559274407446665 ], [ 37.1742, 48.546245191069012 ], [ 37.1492, 48.5175 ], [ 37.2583, 48.449200001000087 ], [ 37.225091168111931, 48.424232033742939 ], [ 37.2317, 48.401699999000044 ], [ 37.1892, 48.343900024811099 ], [ 37.20924330845596, 48.316863734034527 ], [ 37.202549608746743, 48.291172948329987 ], [ 37.263972407906081, 48.281994916222096 ], [ 37.261478196442958, 48.262499999000077 ], [ 37.2867, 48.261700001000058 ], [ 37.309475533656176, 48.223300001000034 ], [ 37.385, 48.1667 ], [ 37.40368450184463, 48.176955779865345 ], [ 37.402123859314671, 48.194567466694977 ], [ 37.4425, 48.223300001000055 ], [ 37.4625, 48.216700001000135 ], [ 37.4667, 48.24 ], [ 37.515, 48.2633000000001 ], [ 37.5983, 48.2575 ], [ 37.7042, 48.2158 ], [ 37.7067, 48.18 ], [ 37.7558, 48.14420000100008 ], [ 37.7533, 48.119999999000065 ], [ 37.7967, 48.105 ], [ 37.7883, 48.0758 ], [ 37.74, 48.0392 ], [ 37.744999999850229, 48.023300000195036 ], [ 37.6842, 47.975 ], [ 37.689199999580445, 47.949999998701131 ], [ 37.675, 47.9408 ], [ 37.693299999795279, 47.893300000994373 ], [ 37.679199999780302, 47.854200000129978 ], [ 37.611699999555434, 47.790800000120072 ], [ 37.5325, 47.7783 ], [ 37.4933, 47.73169999900005 ], [ 37.473299999695264, 47.660800000919494 ], [ 37.4933, 47.644200001000073 ], [ 37.48, 47.6075 ], [ 37.511699999755322, 47.58750000032493 ], [ 37.509999999600474, 47.571699999255692 ], [ 37.474999999850326, 47.545800000070145 ], [ 37.435799999770218, 47.551699999655419 ], [ 37.409999999800178, 47.467499999125785 ], [ 37.35669999970527, 47.454200000030163 ], [ 37.1308, 47.470000001000066 ], [ 37.127499999825261, 47.420800000319836 ], [ 37.1067, 47.38419999900011 ], [ 37.024999999850102, 47.346699999705194 ], [ 36.9517, 47.341700001000042 ], [ 36.875800000000105, 47.359999999000088 ], [ 36.779199999780246, 47.324999999050753 ], [ 36.6808, 47.3358 ], [ 36.6733, 47.302500000000101 ], [ 36.588299999845276, 47.330000000299819 ], [ 36.537499999925224, 47.275000000050056 ], [ 36.481699999655426, 47.259199998980939 ], [ 36.3083, 47.303300001000089 ], [ 36.278299999745279, 47.295799999670287 ], [ 36.20169999985518, 47.335000000649586 ], [ 36.0308, 47.345799999000064 ], [ 36.0017, 47.3717 ], [ 36.0008, 47.394200001000058 ], [ 35.9383, 47.410800001000069 ], [ 35.87, 47.39580000036981 ], [ 35.842499999875152, 47.433300000294807 ], [ 35.764199999830161, 47.439999999000904 ], [ 35.6525, 47.3917000000001 ], [ 35.6042, 47.34 ], [ 35.5367, 47.359999999000074 ], [ 35.4742, 47.3475 ], [ 35.4092, 47.3517 ], [ 35.3817, 47.3683 ], [ 35.3208, 47.3575 ], [ 35.2442, 47.3792 ], [ 35.200799999920214, 47.334199999730224 ], [ 35.2007999999202, 47.252499999375523 ], [ 35.180800000000104, 47.2283 ], [ 35.0133, 47.205800001000085 ], [ 34.978299999645458, 47.215800000369867 ], [ 34.964199999630459, 47.194999999850211 ], [ 34.87, 47.172499999000102 ], [ 34.8308, 47.175000001000086 ], [ 34.814999999950111, 47.193299998795965 ], [ 34.771699999655318, 47.162500000274946 ], [ 34.724199999930129, 47.152499999575411 ], [ 34.7267, 47.1742 ], [ 34.705, 47.171700001000033 ], [ 34.6667, 47.1325 ], [ 34.647499999925195, 47.14079999872105 ], [ 34.5733, 47.123299999000068 ], [ 34.551699999555467, 47.144999999950166 ], [ 34.52, 47.146700000105064 ], [ 34.4992, 47.130799999000025 ], [ 34.468299999945089, 47.142499999775282 ], [ 34.4475, 47.130000001000042 ], [ 34.445, 47.145 ], [ 34.4067, 47.152500000000124 ], [ 34.402499999875147, 47.172499999175685 ], [ 34.337499999825205, 47.189200001279204 ], [ 34.32, 47.16 ], [ 34.233299999695383, 47.173300000095097 ], [ 34.184199999930172, 47.156699999905157 ], [ 34.1658, 47.1708 ], [ 34.1242, 47.154200001000071 ], [ 34.079199999780336, 47.102499998776011 ], [ 34.008300000000112, 47.076700000000109 ], [ 33.991699999955195, 47.056700001004295 ], [ 34.0092, 47.0483 ], [ 34.005, 47.0308 ], [ 33.9725, 46.990800001000032 ], [ 33.820800000000112, 46.9033 ], [ 33.795, 46.8542 ], [ 33.7342, 46.851700000000115 ], [ 33.705, 46.82 ], [ 33.6467, 46.806700001000102 ], [ 33.6342, 46.7817 ], [ 33.6525, 46.724199999000064 ], [ 33.6375, 46.748299999000068 ], [ 33.5775, 46.764200000000102 ], [ 33.5433, 46.7117 ], [ 33.48, 46.681700001000067 ], [ 33.485, 46.6567 ], [ 33.4542, 46.613299999000077 ], [ 33.35, 46.5558 ], [ 33.3242, 46.5042 ], [ 33.2567, 46.467499999000061 ], [ 33.2475, 46.4517 ], [ 33.2608, 46.436699999000055 ], [ 33.1542, 46.4 ], [ 33.1258, 46.3675 ], [ 33.0, 46.355799999000034 ], [ 32.9833, 46.327500001000047 ], [ 32.9467, 46.348300001000034 ], [ 32.8625, 46.2817 ], [ 32.8217, 46.279200001000049 ], [ 32.7417, 46.31580000000011 ], [ 32.71, 46.300000001000029 ], [ 32.6817, 46.330800001000057 ], [ 32.6475, 46.310799999000032 ], [ 32.6517, 46.3267 ], [ 32.6067, 46.3292000000001 ], [ 32.6033, 46.3542 ], [ 32.5725, 46.3533 ], [ 32.5508, 46.386700001000044 ], [ 32.51, 46.365800001000046 ], [ 32.48, 46.393300001000064 ], [ 32.4083, 46.4067 ], [ 32.3542, 46.3817 ], [ 32.3692, 46.3958 ], [ 32.36, 46.411699999000092 ], [ 32.3242, 46.408299999000036 ], [ 32.2475, 46.470000001000088 ], [ 32.1817, 46.46330000100005 ], [ 32.165, 46.4342 ], [ 32.1158, 46.43 ], [ 32.0883, 46.445 ], [ 32.0975, 46.473300001000048 ], [ 32.0167, 46.460000001000068 ], [ 31.8958, 46.509199999000018 ], [ 31.8442, 46.4933 ], [ 31.8242, 46.505799999000025 ], [ 31.7858, 46.498299999000054 ], [ 31.7392, 46.525 ], [ 31.6858, 46.505000001000049 ], [ 31.62, 46.511700001000094 ], [ 31.6175, 46.5308 ], [ 31.5592, 46.535800001000055 ], [ 31.5117, 46.578299999000095 ], [ 31.501972539000072, 46.622080813000089 ], [ 31.483299999795168, 46.6291999998802 ], [ 31.54749999982511, 46.616699999005803 ], [ 31.553300000097483, 46.643300000897362 ], [ 31.620800000209986, 46.673300000097541 ], [ 31.62080000021, 46.699999999200301 ], [ 31.645000000174999, 46.703299998848074 ], [ 31.666700000052561, 46.784999999975078 ], [ 31.736699999605399, 46.804199998631219 ], [ 31.718300000022627, 46.865800001034685 ], [ 31.741699999955145, 46.895799999570322 ], [ 31.741699999955124, 46.928300000944382 ], [ 31.765, 46.944200000000102 ], [ 31.8042, 46.900800001000064 ], [ 31.805800000000112, 46.8642 ], [ 31.8558, 46.813300001000101 ], [ 31.8442, 46.806700001000088 ], [ 31.8425, 46.695 ], [ 31.8558, 46.6642 ], [ 31.8708, 46.668299999000077 ], [ 31.881700000000102, 46.651699999000115 ], [ 31.9842, 46.6558 ], [ 32.027500000000117, 46.685799999000061 ], [ 32.0358, 46.7125 ], [ 32.0242, 46.730799999000055 ], [ 32.0425, 46.74 ], [ 32.0242, 46.775 ], [ 32.0375, 46.863299999000041 ], [ 32.105, 46.87250000100007 ], [ 32.13, 46.908299999000079 ], [ 32.1067, 46.955800001000071 ], [ 32.1283, 46.9517 ], [ 32.2183, 46.9967 ], [ 32.2442, 47.050000001000072 ], [ 32.2667, 47.0517 ], [ 32.28, 47.068299999000075 ], [ 32.2733, 47.109999999000102 ], [ 32.3267, 47.151699999000108 ], [ 32.3558, 47.2533 ], [ 32.3942, 47.272500001000104 ], [ 32.42, 47.2575 ], [ 32.4342, 47.2917 ], [ 32.4958, 47.339199999000087 ], [ 32.5158, 47.3358 ], [ 32.5233, 47.4275 ], [ 32.499200000000123, 47.432499999000058 ], [ 32.4717, 47.4925 ], [ 32.5025, 47.505000001000056 ], [ 32.4975, 47.5217 ], [ 32.5283, 47.543299999000055 ], [ 32.5708, 47.634199999000103 ], [ 32.6, 47.6558 ], [ 32.5883, 47.71419999900008 ], [ 32.6117, 47.714199999000094 ], [ 32.6342, 47.744999999000086 ], [ 32.6142, 47.7808 ], [ 32.6425, 47.7892 ], [ 32.6608, 47.81580000000011 ], [ 32.6875, 47.814200001000081 ], [ 32.7125, 47.855799999000055 ], [ 32.7575, 47.8683 ], [ 32.7717, 47.8883 ], [ 32.7625, 47.918299999000048 ], [ 32.7808, 47.9833 ], [ 32.7567, 48.0067 ], [ 32.7567, 48.071699999000074 ], [ 32.7967, 48.091700001000042 ], [ 32.75, 48.125 ], [ 32.7725, 48.182499999000115 ], [ 32.7575, 48.210000001000132 ], [ 32.7708, 48.220000001000102 ], [ 32.7567, 48.2217 ], [ 32.7408, 48.2742 ], [ 32.7583, 48.2808 ], [ 32.7575, 48.2983 ], [ 32.8142, 48.324200001000058 ], [ 32.805, 48.376700001000096 ], [ 32.8408, 48.385 ], [ 32.835, 48.433300000000109 ], [ 32.865, 48.446699999000124 ], [ 32.874200000000101, 48.473300001000034 ], [ 32.8467, 48.5 ], [ 32.7792, 48.506700000000116 ], [ 32.73, 48.560799999000054 ], [ 32.69, 48.555 ], [ 32.665, 48.568299999000033 ], [ 32.5692, 48.7633 ], [ 32.5167, 48.7467 ], [ 32.4583, 48.76 ], [ 32.4483, 48.73079999900007 ], [ 32.3825, 48.7042000000001 ], [ 32.3325, 48.7717 ], [ 32.2558, 48.789999999000088 ], [ 32.2658, 48.8225 ], [ 32.2992, 48.828299999000073 ], [ 32.31, 48.848300001000034 ], [ 32.3383, 48.8433 ], [ 32.3492, 48.859999999000124 ], [ 32.3742, 48.8475 ], [ 32.4617, 48.8583 ], [ 32.48, 48.845799999000064 ], [ 32.5275, 48.8825 ], [ 32.6292, 48.887499999000049 ], [ 32.6367, 48.904200001000056 ], [ 32.6667, 48.8783 ], [ 32.6883, 48.886700001000065 ], [ 32.7033, 48.869999999000065 ], [ 32.7333, 48.869200001000088 ], [ 32.755, 48.880799999000033 ], [ 32.77, 48.8675 ], [ 32.8075, 48.876700001000088 ], [ 32.8358, 48.9092 ], [ 32.8833, 48.89330000100005 ], [ 32.8967, 48.9175 ], [ 32.96, 48.914999999000074 ], [ 33.0133, 48.932499999000072 ], [ 33.0775, 48.91 ], [ 33.0967, 48.8892 ], [ 33.0925, 48.859999999000067 ], [ 33.1242, 48.848300001000034 ], [ 33.1667, 48.85669999900005 ], [ 33.2017, 48.806700001000081 ], [ 33.2492, 48.785800001000048 ], [ 33.2992, 48.82 ], [ 33.3767, 48.7817 ], [ 33.4483, 48.8092 ], [ 33.465, 48.8017 ], [ 33.4683, 48.758300001000066 ], [ 33.4867, 48.759199999000082 ], [ 33.5175, 48.724199999000064 ], [ 33.5008, 48.7117 ], [ 33.5283, 48.682499999000051 ], [ 33.5317, 48.615 ], [ 33.5933, 48.605 ], [ 33.645, 48.554199999000069 ], [ 33.7142, 48.5692 ], [ 33.7425, 48.5558 ], [ 33.9458, 48.5425 ], [ 34.0167, 48.490800001000075 ], [ 34.0283, 48.4583 ], [ 34.2275, 48.473300001000041 ], [ 34.2958, 48.553300001000082 ], [ 34.3475, 48.561699999000034 ], [ 34.3858, 48.547499999000117 ], [ 34.4125, 48.5558 ], [ 34.4733, 48.5233 ], [ 34.4875, 48.5 ], [ 34.5175, 48.497500001000041 ], [ 34.545, 48.5175 ], [ 34.54, 48.5458 ], [ 34.5625, 48.5875 ], [ 34.5358, 48.6183 ], [ 34.5592, 48.6417 ], [ 34.418362319966072, 48.711967490243914 ], [ 34.4392, 48.695800001000052 ], [ 34.385, 48.724199999000064 ], [ 34.3558, 48.72079999900005 ], [ 34.292508969458318, 48.773409804197229 ], [ 34.30455927375759, 48.862001684028534 ], [ 34.436701239609384, 48.941790668239427 ], [ 34.4458, 48.9608 ], [ 34.4008, 48.991699999000048 ], [ 34.4525, 49.015000001000033 ], [ 34.4725, 49.1492 ], [ 34.4475, 49.1742 ], [ 34.4292, 49.1558 ], [ 34.4017, 49.1567 ], [ 34.3842, 49.18830000100008 ], [ 34.4217, 49.205 ], [ 34.48, 49.2642 ], [ 34.5425, 49.269200001000058 ], [ 34.5483, 49.295 ], [ 34.59, 49.2917 ], [ 34.61, 49.313300001000066 ], [ 34.625, 49.294199999000043 ], [ 34.6683, 49.295 ], [ 34.7067, 49.2567 ], [ 34.7375, 49.313300001000037 ], [ 34.8117, 49.3375 ], [ 34.8475, 49.3675 ], [ 34.8483, 49.4142 ], [ 34.8817, 49.43 ], [ 34.9233, 49.395 ], [ 34.9483, 49.411699999000049 ], [ 35.0, 49.3917 ], [ 35.1167, 49.411699999000056 ], [ 35.1592, 49.5383 ], [ 35.2025, 49.592499999000047 ], [ 35.2033, 49.62250000100007 ], [ 35.2425, 49.643300001000057 ], [ 35.2767, 49.636700001000079 ], [ 35.3208, 49.671700001000033 ], [ 35.44, 49.6642 ], [ 35.4908, 49.786699999000064 ], [ 35.51, 49.7917 ] ], [ [ 36.309200000000111, 49.205221927340695 ], [ 36.3092, 49.205800001000057 ], [ 36.308821759830934, 49.20580000100005 ], [ 36.308941647028938, 49.205347319358928 ], [ 36.309200000000111, 49.205221927340695 ] ] ] } },
{ "type": "Feature", "properties": { "ID": 11, "Basin": "Басейн річки Дунай", "Basin_eng": "Danube River Basin", "Subbasin": null, "Subbasin_eng": null }, "geometry": { "type": "MultiPolygon", "coordinates": [ [ [ [ 22.8742, 49.003878935000039 ], [ 22.8975, 49.00579999900004 ], [ 22.919199999780197, 48.98249999987523 ], [ 22.913300000194965, 48.965000000449663 ], [ 22.873300000095032, 48.956700000804396 ], [ 22.891699999655316, 48.911699998556209 ], [ 22.970799999720274, 48.875800001369115 ], [ 22.985799999870153, 48.836699999605266 ], [ 23.006699999605484, 48.830800000919481 ], [ 23.019199999580476, 48.847500000324835 ], [ 23.099999999800357, 48.864199999730374 ], [ 23.17080000022003, 48.816700000005078 ], [ 23.201699999755327, 48.759199998681147 ], [ 23.28750000032489, 48.77669999900592 ], [ 23.325800000269968, 48.753299999995086 ], [ 23.362500000175004, 48.771699999555395 ], [ 23.396699999905135, 48.733300000394834 ], [ 23.488299999945081, 48.722499999675343 ], [ 23.512499999875129, 48.735799999670348 ], [ 23.63250000017484, 48.705800001169273 ], [ 23.638299999645444, 48.684199999730268 ], [ 23.704999999850262, 48.634199998930846 ], [ 23.790000000399811, 48.641700000354852 ], [ 23.793299999695364, 48.591700001354006 ], [ 23.844999999750275, 48.560000000899336 ], [ 23.928300000144986, 48.553300001294097 ], [ 23.908299999645351, 48.484999999250746 ], [ 23.924999999950103, 48.464199998731068 ], [ 23.966700000204895, 48.458300000044964 ], [ 24.000799999820181, 48.506699999905287 ], [ 24.03420000042971, 48.501700001354038 ], [ 24.124999999550475, 48.534200000030168 ], [ 24.114999999750342, 48.497500001024342 ], [ 24.139999999700372, 48.481699999055834 ], [ 24.126699999705366, 48.452500000574638 ], [ 24.145000000050135, 48.435000001149199 ], [ 24.14920000037991, 48.388299999645312 ], [ 24.225800000269789, 48.355000000049991 ], [ 24.26080000002014, 48.349999999700231 ], [ 24.28920000027987, 48.380799999120704 ], [ 24.284999999950127, 48.401699998855968 ], [ 24.344999999650341, 48.381700000154936 ], [ 24.371699999755229, 48.397500001224152 ], [ 24.43579999967028, 48.400800001419071 ], [ 24.461699999755183, 48.387499998726135 ], [ 24.48080000012002, 48.39830000034479 ], [ 24.486699999705216, 48.412499999575374 ], [ 24.460799999620352, 48.438300001344103 ], [ 24.481700000254815, 48.470000000899383 ], [ 24.44330000019497, 48.500000000299956 ], [ 24.469200000279841, 48.552500000374877 ], [ 24.57749999972539, 48.567500001423973 ], [ 24.640799999620487, 48.602499999375588 ], [ 24.66000000010008, 48.595000000649677 ], [ 24.68580000007011, 48.61580000116912 ], [ 24.679199999680364, 48.630000001299237 ], [ 24.699200000179982, 48.635799999870279 ], [ 24.79419999963034, 48.622500000774629 ], [ 24.969200000179914, 48.650800000919318 ], [ 24.988299999645296, 48.670799999620385 ], [ 24.966700000005005, 48.714199999130742 ], [ 25.015799999770223, 48.701700000055055 ], [ 25.027499999725194, 48.718300000244959 ], [ 25.019200000079952, 48.749199998881011 ], [ 25.054199999830303, 48.752499999075717 ], [ 25.187500000125056, 48.715800000070118 ], [ 25.195799999770312, 48.685799998870891 ], [ 25.239200000179974, 48.682499998676022 ], [ 25.230800000419645, 48.662499999975111 ], [ 25.253300000195029, 48.638300000045106 ], [ 25.340800000020092, 48.607499999725349 ], [ 25.348299999645345, 48.648299999845229 ], [ 25.313299999895207, 48.675799999070776 ], [ 25.342500000174933, 48.673299999795283 ], [ 25.334999999650346, 48.695000000449774 ], [ 25.388299999745275, 48.713300000794575 ], [ 25.478299999745246, 48.655800000369865 ], [ 25.489199999680434, 48.631699999655318 ], [ 25.573300000094957, 48.595799998870994 ], [ 25.565799999570533, 48.610799999920225 ], [ 25.588300000244853, 48.621699999855167 ], [ 25.581699999855228, 48.637499999125779 ], [ 25.732499999575424, 48.610799999920232 ], [ 25.783300000394835, 48.592499998676097 ], [ 25.830000000100043, 48.540800000419715 ], [ 25.911699999555378, 48.521700000055063 ], [ 25.963300000394781, 48.439999998801049 ], [ 26.043299999695421, 48.476699999605458 ], [ 26.071699999955019, 48.452500000574624 ], [ 26.153300000195014, 48.450800000419768 ], [ 26.140000000200029, 48.468299999845165 ], [ 26.143300000394735, 48.477499998726067 ], [ 26.213299999895259, 48.433300000094988 ], [ 26.25420000013003, 48.451699999655432 ], [ 26.301699999855217, 48.431700000954322 ], [ 26.333300000195006, 48.464999999650459 ], [ 26.387500000424794, 48.428300000644548 ], [ 26.438300000344856, 48.435000001149206 ], [ 26.446700000104986, 48.451699999655425 ], [ 26.490000000399736, 48.445000000049959 ], [ 26.654200000229995, 48.371700000354792 ], [ 26.651700000055094, 48.406700000105126 ], [ 26.677500000025127, 48.407500001024289 ], [ 26.707500000324902, 48.435799999370687 ], [ 26.7623683668068, 48.405694797277121 ], [ 26.709828645475753, 48.404589884815486 ], [ 26.764819859349124, 48.35374048873274 ], [ 26.824250178103345, 48.344405309157779 ], [ 26.831786584983046, 48.313693910045977 ], [ 26.79393933613153, 48.291377580610934 ], [ 26.757783296561929, 48.323759063929806 ], [ 26.73698693739739, 48.312876173596571 ], [ 26.69465900351025, 48.359839948954587 ], [ 26.682634641475676, 48.355528878754939 ], [ 26.69593669012632, 48.327167303828091 ], [ 26.616356015917457, 48.273995667566176 ], [ 26.629862647743039, 48.259934907670051 ], [ 26.628895425983188, 48.247494205393309 ], [ 26.614114145451502, 48.250914902700636 ], [ 26.622172599785706, 48.241269781675193 ], [ 26.577432943175864, 48.24412156156086 ], [ 26.571895014243552, 48.219734838092371 ], [ 26.549987066949786, 48.225624267046449 ], [ 26.531083547767587, 48.210117002497739 ], [ 26.474879091796829, 48.218400490590362 ], [ 26.436953667577789, 48.193218667507566 ], [ 26.383869775469826, 48.187025999750155 ], [ 26.376566024102722, 48.199052316910958 ], [ 26.33305217132073, 48.185095328886426 ], [ 26.334074476555877, 48.159269628990302 ], [ 26.297629672771283, 48.133520082785687 ], [ 26.266673257864575, 48.076612856997912 ], [ 26.211577089511252, 48.050208687081394 ], [ 26.184853546953782, 47.995061266364473 ], [ 26.100529466961408, 47.978548374507923 ], [ 25.914529014002934, 47.97764869453173 ], [ 25.892525642344541, 47.96161750564351 ], [ 25.83785237658595, 47.967418265040983 ], [ 25.775122225810208, 47.939395328032035 ], [ 25.643515728068394, 47.950557225835389 ], [ 25.314598357428334, 47.916762572135063 ], [ 25.267538679266686, 47.891673077051074 ], [ 25.230874111750953, 47.893881707674687 ], [ 25.222208774215641, 47.858657493448703 ], [ 25.179792777814562, 47.825735454627562 ], [ 25.166076305377203, 47.790727286335361 ], [ 25.147232604601133, 47.791095511049122 ], [ 25.098088972428158, 47.749207717961937 ], [ 25.052802970480844, 47.746508961319549 ], [ 25.039376926004476, 47.725864576789021 ], [ 24.883048615601314, 47.72428196154334 ], [ 24.878341144927973, 47.752562606479273 ], [ 24.836318705344073, 47.779637328899781 ], [ 24.827779645214502, 47.820463641384038 ], [ 24.705886457793898, 47.839947635175406 ], [ 24.670607598062279, 47.865868298982946 ], [ 24.673842747245111, 47.89633540175744 ], [ 24.635046947458658, 47.92439696464826 ], [ 24.628326674436508, 47.94800353163776 ], [ 24.596947419887623, 47.946136208119619 ], [ 24.575283163687065, 47.967421065529848 ], [ 24.512455169370654, 47.951756070686166 ], [ 24.435858178612165, 47.970321844077894 ], [ 24.393968236145188, 47.954263494764561 ], [ 24.381543479747993, 47.926448749909923 ], [ 24.344646087647007, 47.914627933232616 ], [ 24.324921712267212, 47.925987958877386 ], [ 24.228286284884241, 47.896413177826076 ], [ 24.195100932661944, 47.916415498576583 ], [ 24.111169882484152, 47.915090414091338 ], [ 24.098630634296455, 47.936237174306328 ], [ 24.007729322950077, 47.967659136759949 ], [ 23.864500318934763, 47.931774540462698 ], [ 23.819606787423435, 47.982519448813562 ], [ 23.77079750789887, 47.996180480744698 ], [ 23.666721429850124, 47.983835598534156 ], [ 23.616973086338941, 48.008307754898972 ], [ 23.568017764108649, 48.002547954224909 ], [ 23.529052691228699, 48.019767683531889 ], [ 23.493660792111879, 47.967695843488457 ], [ 23.331894198558576, 48.020383693053141 ], [ 23.338776034786381, 48.035320395319999 ], [ 23.276741771315713, 48.057572771266528 ], [ 23.292073266068449, 48.073124206017312 ], [ 23.267845338591552, 48.100148845193203 ], [ 23.189183349731991, 48.097700627981688 ], [ 23.174149572844605, 48.119985865155712 ], [ 23.113775118826759, 48.086253480513925 ], [ 23.123230244580213, 48.077344191081622 ], [ 23.105716273287381, 48.0650880152998 ], [ 23.10916151848944, 48.035325604193339 ], [ 23.090932301984264, 48.005233953983904 ], [ 23.013591515236353, 47.990441097378792 ], [ 22.927450091548511, 48.018893163888514 ], [ 22.920260108917041, 48.006512957207356 ], [ 22.947892930814213, 47.967214834796934 ], [ 22.896096875070896, 47.953988361573735 ], [ 22.836148107049667, 47.990014335793035 ], [ 22.865663734294021, 48.012193077049083 ], [ 22.881376090134619, 48.054814272660607 ], [ 22.835883071446631, 48.08043492533173 ], [ 22.826152933910922, 48.116528767788587 ], [ 22.805084456082991, 48.106038400052114 ], [ 22.8010856547792, 48.122229910182284 ], [ 22.771190779830707, 48.121203973484768 ], [ 22.771787589725545, 48.108871013586466 ], [ 22.734791756934111, 48.119627776700639 ], [ 22.672774202867366, 48.091666779598256 ], [ 22.590244314423742, 48.107571543591966 ], [ 22.598223706658874, 48.145338142141732 ], [ 22.561416915858057, 48.181565667021992 ], [ 22.570349736051643, 48.196127165836174 ], [ 22.531314487273963, 48.209295253273297 ], [ 22.502139974680052, 48.248430637963736 ], [ 22.400660596409594, 48.249011856312222 ], [ 22.384557200954266, 48.234072412911658 ], [ 22.338569979620889, 48.278981491902321 ], [ 22.336707343369284, 48.307850085712914 ], [ 22.312925322245828, 48.325836482567837 ], [ 22.31769462490707, 48.353986037825436 ], [ 22.26737435484268, 48.360859089475511 ], [ 22.239666276777232, 48.386614135034407 ], [ 22.265029643303439, 48.409920906724537 ], [ 22.206934676594141, 48.425455668944103 ], [ 22.14456301716951, 48.403480388509337 ], [ 22.137171148429836, 48.418458965908691 ], [ 22.171313042063353, 48.587489081456049 ], [ 22.250237556518119, 48.647360003261767 ], [ 22.339541268115113, 48.683849733578391 ], [ 22.361737374380489, 48.730168755284026 ], [ 22.345633082301063, 48.766104200148803 ], [ 22.387590227507015, 48.799993547064673 ], [ 22.383473370399887, 48.865000279439379 ], [ 22.421082280922633, 48.884533039868032 ], [ 22.424858678984958, 48.929267778985015 ], [ 22.477248776509903, 48.991144867042074 ], [ 22.54542701844214, 49.006720659031281 ], [ 22.553175581687931, 49.079444409132307 ], [ 22.586027316007861, 49.096933986314554 ], [ 22.680155797752047, 49.039343012270265 ], [ 22.765455196999763, 49.053493624331409 ], [ 22.833709796000047, 49.026041395000028 ], [ 22.847061877403807, 49.002359083804798 ], [ 22.8742, 49.003878935000039 ] ] ], [ [ [ 26.876700000504698, 48.41785143249777 ], [ 26.916699999705276, 48.414199999730378 ], [ 26.91000000010002, 48.445000000049973 ], [ 26.875800000369868, 48.464999999650459 ], [ 26.890799999620366, 48.468299999845179 ], [ 26.879199999780209, 48.49249999977534 ], [ 26.904199999730409, 48.501700001354074 ], [ 26.974200000129944, 48.475000000349795 ], [ 27.003300000294843, 48.475800000369773 ], [ 26.998299999945065, 48.496700000105079 ], [ 27.003300000294821, 48.497500001024271 ], [ 27.045799999670244, 48.471700000155074 ], [ 27.149199999780308, 48.462500000374746 ], [ 27.152499999975202, 48.480799998920929 ], [ 27.180800000120108, 48.483299999995033 ], [ 27.189199999880195, 48.500000000299977 ], [ 27.220800000219977, 48.509199999180723 ], [ 27.273300000294924, 48.496700000105079 ], [ 27.288300000444803, 48.519200000779378 ], [ 27.320800000020075, 48.465799999670423 ], [ 27.37420000022993, 48.455800000769486 ], [ 27.373300000095032, 48.441634025589913 ], [ 27.319622639073614, 48.443565602970303 ], [ 27.28598119477649, 48.371201587083803 ], [ 27.235663505766375, 48.373026369071816 ], [ 27.192279742616059, 48.394796262337742 ], [ 27.124135353863625, 48.379021035792213 ], [ 27.087176158553032, 48.41305763140474 ], [ 27.084890620605844, 48.434663855252815 ], [ 27.0122627058592, 48.422975175064352 ], [ 27.040036307629641, 48.410837181890564 ], [ 27.046364330549547, 48.373902288959599 ], [ 27.014867939304004, 48.382012531653203 ], [ 26.995466629181646, 48.359492730605041 ], [ 26.932472888013439, 48.362752927705628 ], [ 26.894567401764206, 48.38322126634845 ], [ 26.901403295225965, 48.397015941132999 ], [ 26.876700000504698, 48.41785143249777 ] ] ], [ [ [ 26.814200000629619, 48.417155480441217 ], [ 26.808300000145042, 48.44250000077448 ], [ 26.867518761481797, 48.417452514821782 ], [ 26.851222279784508, 48.413093262544038 ], [ 26.814200000629619, 48.417155480441217 ] ] ], [ [ [ 29.644978949163377, 45.52146564844363 ], [ 29.624053970163697, 45.491243571771491 ], [ 29.679162883660315, 45.457998662108757 ], [ 29.745385097152163, 45.489913968234475 ], [ 29.743856295419665, 45.462800707957918 ], [ 29.785826507681382, 45.463116691648857 ], [ 29.754191549765494, 45.378006632415563 ], [ 29.76561296259333, 45.321375460476744 ], [ 29.735603023161183, 45.266028065143239 ], [ 29.730426076702276, 45.288790309025742 ], [ 29.715175172895957, 45.28251891371707 ], [ 29.736410159301528, 45.262774047284545 ], [ 29.741487569695686, 45.22809261708074 ], [ 29.698441462403654, 45.248150245237682 ], [ 29.726775001864969, 45.225650419931 ], [ 29.72500000005012, 45.21000000039983 ], [ 29.705833333841461, 45.218333334316085 ], [ 29.670833333191911, 45.205000000050063 ], [ 29.659371685954572, 45.250092357276529 ], [ 29.67852085945016, 45.267818191756263 ], [ 29.669509786547533, 45.308233140846909 ], [ 29.592509346429292, 45.389960952735798 ], [ 29.426951675179865, 45.44285850441662 ], [ 29.325632405910952, 45.448857423131663 ], [ 29.291859373711308, 45.427336765279563 ], [ 29.238868682843478, 45.43297291636712 ], [ 29.171803794409691, 45.396188551060867 ], [ 28.955954529777912, 45.32568046787943 ], [ 28.943743395641324, 45.281850784885883 ], [ 28.800467590906621, 45.338301111007532 ], [ 28.779944178680928, 45.325911230319171 ], [ 28.805832748382791, 45.311457040410197 ], [ 28.79973698527375, 45.29904087073966 ], [ 28.751978769504667, 45.28372450078507 ], [ 28.79274998052723, 45.243089303228928 ], [ 28.712659682998179, 45.223650443713098 ], [ 28.571165033239875, 45.247481592101884 ], [ 28.352062516971639, 45.320541828942297 ], [ 28.287848241103603, 45.395796916994129 ], [ 28.276241813808777, 45.447699042376989 ], [ 28.211726864902971, 45.467267647983746 ], [ 28.304742730592519, 45.54688359000577 ], [ 28.428020823602314, 45.509523743126408 ], [ 28.427597783411162, 45.485782701410606 ], [ 28.51510515587832, 45.499857519508986 ], [ 28.491216128021986, 45.571095092264734 ], [ 28.544102700779217, 45.58000042378066 ], [ 28.516125380981663, 45.665106769162207 ], [ 28.486091656105096, 45.660421136726185 ], [ 28.479797314594517, 45.677788574283497 ], [ 28.51921045309993, 45.736704973655776 ], [ 28.588573782054429, 45.729368941123731 ], [ 28.579040116708203, 45.770122180094596 ], [ 28.709629026158744, 45.77957626533243 ], [ 28.697079588652286, 45.817892683300649 ], [ 28.785883936394754, 45.832281553650844 ], [ 28.75440876195497, 45.928402378167391 ], [ 28.756647143950612, 45.957133686870243 ], [ 28.779477453921483, 45.960403436569486 ], [ 28.776283350696197, 45.97056294102709 ], [ 28.978899891816582, 46.003443102917025 ], [ 29.005475617306008, 46.049312801744513 ], [ 28.950384389827889, 46.093708927225286 ], [ 29.067018532579258, 46.195529936357509 ], [ 28.952195178364789, 46.259410329922964 ], [ 28.969291251789965, 46.292455779111052 ], [ 29.200000000199964, 46.127499998925892 ], [ 29.25080000012003, 46.011700000754665 ], [ 29.30829999964541, 45.970799998721091 ], [ 29.405000000149954, 45.973300000694586 ], [ 29.426699999905125, 45.961699999955236 ], [ 29.428299999945125, 45.935000000749483 ], [ 29.490799999820197, 45.90080000101932 ], [ 29.511699999555525, 45.866699998706103 ], [ 29.500799999620323, 45.856699998905988 ], [ 29.536700000404718, 45.815799999570416 ], [ 29.536700000404718, 45.767499999825183 ], [ 29.577499999625456, 45.732500000075056 ], [ 29.573300000194905, 45.660800001319046 ], [ 29.604199999730309, 45.635000000449779 ], [ 29.585800000169918, 45.59420000032987 ], [ 29.596700000105042, 45.536699999005833 ], [ 29.644978949163377, 45.52146564844363 ] ] ], [ [ [ 30.204774470165834, 45.257228771790444 ], [ 30.207279447188807, 45.256540315583237 ], [ 30.205730205784519, 45.252545457806733 ], [ 30.201842464458313, 45.252792366674477 ], [ 30.204774470165834, 45.257228771790444 ] ] ] ] } },
{ "type": "Feature", "properties": { "ID": 13, "Basin": "Басейн річок Криму", "Basin_eng": "Crimea Rivers Basin", "Subbasin": null, "Subbasin_eng": null }, "geometry": { "type": "Polygon", "coordinates": [ [ [ 34.975008982213765, 45.762014210553126 ], [ 35.083427011047881, 45.622004286069135 ], [ 35.312052436770749, 45.403980558755904 ], [ 35.414620383224204, 45.329734553207111 ], [ 35.517119890370815, 45.284523102359444 ], [ 35.719898656597763, 45.334306570691744 ], [ 35.761250475329305, 45.37353200359923 ], [ 35.748862444854254, 45.393577314554719 ], [ 35.820325426976929, 45.432641728433197 ], [ 35.818687767826418, 45.458086627495923 ], [ 35.845349645669678, 45.473153927511959 ], [ 35.871929157870127, 45.467075805278689 ], [ 35.845626028326727, 45.44822838523659 ], [ 35.874746746765148, 45.414899439957274 ], [ 35.978968441240703, 45.370563650891931 ], [ 36.051420831706153, 45.387199611373141 ], [ 36.072937543139687, 45.408140375583628 ], [ 36.072502771485802, 45.441647806501202 ], [ 36.121269233388617, 45.460640865783496 ], [ 36.283583391760203, 45.481392545729449 ], [ 36.326207358183069, 45.470291505048998 ], [ 36.344025182516205, 45.483453322412991 ], [ 36.415196974360938, 45.445405301713379 ], [ 36.475557372874498, 45.456343487761849 ], [ 36.55420221076362, 45.423472258837812 ], [ 36.596132495917999, 45.437715604491643 ], [ 36.608554331317407, 45.40810193675518 ], [ 36.646922043917307, 45.382515442134014 ], [ 36.597253354250725, 45.345995165993152 ], [ 36.478521067992972, 45.359316780645081 ], [ 36.471309619443559, 45.3315650234073 ], [ 36.494368744760664, 45.317457063506318 ], [ 36.417299378530977, 45.284469548795045 ], [ 36.427681241596026, 45.256013561077069 ], [ 36.426875713863865, 45.277131867270604 ], [ 36.437070299715806, 45.269616925306607 ], [ 36.401634960485133, 45.211393734633255 ], [ 36.420232787513228, 45.136667408374393 ], [ 36.453277236824263, 45.095956385614492 ], [ 36.374399214040118, 45.059273359739279 ], [ 36.261669507415903, 45.05235453056445 ], [ 36.225622586647432, 45.028017528340683 ], [ 36.03219058140678, 45.0499965162441 ], [ 35.953254681258798, 45.012690389869711 ], [ 35.911501658375045, 45.019870296776986 ], [ 35.840530847920441, 44.999049959887692 ], [ 35.812195669894443, 45.022040364471323 ], [ 35.809013554631981, 45.044092827422226 ], [ 35.709863212233032, 45.100611730447355 ], [ 35.60150234325085, 45.128913300847266 ], [ 35.516173996932551, 45.122139026195292 ], [ 35.443140080808867, 45.095641817951226 ], [ 35.389216803778844, 45.053200149187987 ], [ 35.384071821657436, 45.032005898653445 ], [ 35.425389136242359, 45.01344104756857 ], [ 35.357189972339491, 44.987406320445437 ], [ 35.383657265538027, 44.947050197595111 ], [ 35.341976032956325, 44.966426858720439 ], [ 35.261480676427212, 44.965373684264158 ], [ 35.239748278250531, 44.918300573414186 ], [ 35.157346891895727, 44.893561200496812 ], [ 35.130011632952588, 44.823522403519831 ], [ 35.082177356908062, 44.792475447628824 ], [ 35.047324022480275, 44.801304615385 ], [ 35.050885686725223, 44.81522183911666 ], [ 35.030589239949201, 44.830171720936306 ], [ 34.965926837799429, 44.840922297007076 ], [ 34.909526017810506, 44.81602136326557 ], [ 34.722913873469182, 44.810258387267886 ], [ 34.458814012255537, 44.711082338986849 ], [ 34.416422341930705, 44.673825094121973 ], [ 34.372172249820025, 44.59203225350057 ], [ 34.349576252741961, 44.583218494138258 ], [ 34.346936524622485, 44.548620351218723 ], [ 34.305971285373005, 44.552942945313319 ], [ 34.250741817084823, 44.506704355572985 ], [ 34.16840705854743, 44.495418571004251 ], [ 34.127871208482205, 44.429431920949376 ], [ 33.971079675430694, 44.391463385086993 ], [ 33.861086141178554, 44.40715924709815 ], [ 33.77738560764454, 44.386404332833109 ], [ 33.731916439384854, 44.390067499903175 ], [ 33.705220966657031, 44.421726741760104 ], [ 33.649404973477274, 44.426655486897445 ], [ 33.63701103443173, 44.470471502757633 ], [ 33.598328365761525, 44.503406577251795 ], [ 33.554854905437836, 44.487753067111541 ], [ 33.487256725710054, 44.497856127598126 ], [ 33.378563447545211, 44.583227674417692 ], [ 33.402581773858635, 44.590889579993316 ], [ 33.411762995565823, 44.563105555876874 ], [ 33.413731866032855, 44.585593895941656 ], [ 33.416296084039324, 44.58785098513988 ], [ 33.415923018893245, 44.591306207007797 ], [ 33.416795586814111, 44.59263705742665 ], [ 33.426293563996822, 44.573112217854664 ], [ 33.438378230071379, 44.572680652989774 ], [ 33.42548233684041, 44.598584798949403 ], [ 33.448149980137572, 44.594797177347971 ], [ 33.468340957078077, 44.612011787033452 ], [ 33.465708809399771, 44.601168875517615 ], [ 33.468271247131248, 44.594364097099856 ], [ 33.471815524666916, 44.592237236459361 ], [ 33.474015105158337, 44.611993376963412 ], [ 33.50018894366486, 44.603892415102898 ], [ 33.507457653822222, 44.620994830573764 ], [ 33.527303066087875, 44.618630492663961 ], [ 33.527923281034703, 44.59721534281384 ], [ 33.532140553743659, 44.616995550804205 ], [ 33.602319861872218, 44.605733828253555 ], [ 33.561709325524987, 44.625349683341369 ], [ 33.509483773868688, 44.624501816908513 ], [ 33.546446228710636, 44.673664755723898 ], [ 33.534924951925092, 44.79330398758902 ], [ 33.552911828790144, 44.839706776521894 ], [ 33.597977634660154, 44.849773858676848 ], [ 33.613374834780878, 44.912861880271755 ], [ 33.587334575530292, 45.041006325381773 ], [ 33.505209744952651, 45.139680395721108 ], [ 33.391326248307799, 45.19785763652083 ], [ 33.259733344062965, 45.147976264219054 ], [ 33.14909287927464, 45.203028040095106 ], [ 32.982680151667758, 45.32941773014425 ], [ 32.906453955534857, 45.36125329751021 ], [ 32.756378170950704, 45.365359204269275 ], [ 32.65234636681879, 45.315283012460498 ], [ 32.493962382322835, 45.346611154012514 ], [ 32.513686904393587, 45.375009519647968 ], [ 32.480106961706511, 45.39064987138714 ], [ 32.500552165650014, 45.422716532442031 ], [ 32.584342373901627, 45.480319853278687 ], [ 32.692306692400116, 45.522797813868173 ], [ 32.697176290153777, 45.510221601745656 ], [ 32.790019666774306, 45.561686901229571 ], [ 32.829825676813584, 45.547709623600433 ], [ 32.844866195918264, 45.578097821657295 ], [ 32.821752244512197, 45.586416344505324 ], [ 32.903211780299586, 45.635471221819465 ], [ 33.067789754393765, 45.704891390625221 ], [ 33.139418373059641, 45.719592031647032 ], [ 33.157128181620394, 45.737966078571731 ], [ 33.171304482815763, 45.800668283814282 ], [ 33.179537584940427, 45.807738258115521 ], [ 33.169073526522077, 45.788332357052759 ], [ 33.180585132897647, 45.773508231020081 ], [ 33.238245094835293, 45.750870825628297 ], [ 33.352394873924482, 45.784180591860988 ], [ 33.41833706850111, 45.830273751532502 ], [ 33.428969063271715, 45.835719088964808 ], [ 33.44625706731, 45.841970715376256 ], [ 33.462939443600519, 45.846318904194092 ], [ 33.465896660002969, 45.845783995535058 ], [ 33.429481533845774, 45.835059288755403 ], [ 33.415059106192928, 45.824083064981544 ], [ 33.447669741265592, 45.823509077182244 ], [ 33.473298173971614, 45.849677167867128 ], [ 33.539776704105144, 45.881515633240028 ], [ 33.494434939121277, 45.849200729530232 ], [ 33.542389364477629, 45.835244114724262 ], [ 33.568255930466876, 45.869494284933424 ], [ 33.615075587668429, 45.890461314738054 ], [ 33.68395844392716, 45.840993146916269 ], [ 33.681149900747421, 45.908321292094108 ], [ 33.728778518813677, 45.927669431599043 ], [ 33.767884451606299, 45.923987814885827 ], [ 33.783967827253562, 45.938405795391176 ], [ 33.76667809291974, 45.932908994254795 ], [ 33.74468882622849, 45.954241929421613 ], [ 33.618385889697826, 45.946355539368625 ], [ 33.632237149724808, 45.963881067257581 ], [ 33.61507627654899, 46.053194246917094 ], [ 33.642897944384636, 46.080799107992441 ], [ 33.615812875502513, 46.127976305022287 ], [ 33.641300000000108, 46.1424 ], [ 33.61519999988014, 46.226199999030875 ], [ 33.645900000085014, 46.230099999915076 ], [ 33.740000000299929, 46.185199999580469 ], [ 33.796900000035095, 46.20300000025 ], [ 33.848700000204893, 46.199700000055081 ], [ 33.998200000229929, 46.126499998675953 ], [ 34.120699999805197, 46.106199999630356 ], [ 34.184400000160075, 46.06690000033479 ], [ 34.247800000169967, 46.053200000779491 ], [ 34.336900000035122, 46.05880000091944 ], [ 34.482700000304881, 45.942799999820316 ], [ 34.521800000269927, 45.954700000904374 ], [ 34.561199999680376, 45.994399999760198 ], [ 34.628499999675306, 45.986400001359016 ], [ 34.754000000000197, 45.908800000319843 ], [ 34.802199999630396, 45.900599998990934 ], [ 34.79909999966538, 45.810499999775224 ], [ 34.975008982213765, 45.762014210553126 ] ] ] } },
{ "type": "Feature", "properties": { "ID": 14, "Basin": "Басейн річок Приазов'я", "Basin_eng": "Pryazovia Rivers Basin", "Subbasin": null, "Subbasin_eng": null }, "geometry": { "type": "Polygon", "coordinates": [ [ [ 34.0083, 47.0492 ], [ 33.991699999955195, 47.056700001004295 ], [ 34.008300000000112, 47.076700000000109 ], [ 34.079199999780336, 47.102499998776011 ], [ 34.1242, 47.154200001000071 ], [ 34.1658, 47.1708 ], [ 34.184199999930172, 47.156699999905157 ], [ 34.233299999695383, 47.173300000095097 ], [ 34.32, 47.16 ], [ 34.335799999670328, 47.189200001279225 ], [ 34.372499999575389, 47.185799999170698 ], [ 34.402499999875147, 47.172499999175685 ], [ 34.4067, 47.152500000000124 ], [ 34.445, 47.145 ], [ 34.4475, 47.130000001000042 ], [ 34.468299999945089, 47.142499999775282 ], [ 34.4992, 47.130799999000025 ], [ 34.5217, 47.1467 ], [ 34.5783, 47.123299999000054 ], [ 34.647499999925195, 47.14079999872105 ], [ 34.6667, 47.1325 ], [ 34.720799999620418, 47.17500000114935 ], [ 34.721699999755295, 47.152499999575411 ], [ 34.771699999655318, 47.162500000274946 ], [ 34.814999999950111, 47.193299998795965 ], [ 34.8308, 47.175000001000086 ], [ 34.87, 47.172499999000102 ], [ 34.964199999630459, 47.194999999850211 ], [ 34.978299999645458, 47.215800000369867 ], [ 35.0133, 47.205800001000085 ], [ 35.158299999645422, 47.220000000699613 ], [ 35.199199999880221, 47.249199999180796 ], [ 35.200799999920214, 47.334199999730224 ], [ 35.2442, 47.3792 ], [ 35.3208, 47.3575 ], [ 35.3817, 47.3683 ], [ 35.4092, 47.3517 ], [ 35.4742, 47.3475 ], [ 35.5367, 47.359999999000074 ], [ 35.6042, 47.34 ], [ 35.6525, 47.3917000000001 ], [ 35.73, 47.4267 ], [ 35.764199999830161, 47.439999999000904 ], [ 35.842499999875152, 47.433300000294807 ], [ 35.87, 47.39580000036981 ], [ 35.9383, 47.410800001000069 ], [ 36.0008, 47.394200001000058 ], [ 36.0017, 47.3717 ], [ 36.0308, 47.345799999000064 ], [ 36.20169999985518, 47.335000000649586 ], [ 36.278299999745279, 47.295799999670287 ], [ 36.3083, 47.303300001000089 ], [ 36.481699999655426, 47.259199998980939 ], [ 36.537499999925224, 47.275000000050056 ], [ 36.588299999845276, 47.330000000299819 ], [ 36.6733, 47.302500000000101 ], [ 36.6808, 47.3358 ], [ 36.779199999780246, 47.324999999050753 ], [ 36.875800000000105, 47.359999999000088 ], [ 36.9517, 47.341700001000042 ], [ 37.024999999850102, 47.346699999705194 ], [ 37.1067, 47.38419999900011 ], [ 37.127499999825261, 47.420800000319836 ], [ 37.1308, 47.470000001000066 ], [ 37.35669999970527, 47.454200000030163 ], [ 37.409999999800178, 47.467499999125785 ], [ 37.435799999770218, 47.551699999655419 ], [ 37.474999999850326, 47.545800000070145 ], [ 37.509999999600474, 47.571699999255692 ], [ 37.511699999755322, 47.58750000032493 ], [ 37.48, 47.6075 ], [ 37.4933, 47.644200001000073 ], [ 37.473299999695264, 47.660800000919494 ], [ 37.4933, 47.73169999900005 ], [ 37.5325, 47.7783 ], [ 37.611699999555434, 47.790800000120072 ], [ 37.679199999780302, 47.854200000129978 ], [ 37.693299999795279, 47.893300000994373 ], [ 37.675, 47.9408 ], [ 37.689199999580445, 47.949999998701131 ], [ 37.6842, 47.975 ], [ 37.744999999850229, 48.023300000195036 ], [ 37.74, 48.0392 ], [ 37.7883, 48.0758 ], [ 37.7875, 48.099199999000056 ], [ 37.860298177618809, 48.126105364040015 ], [ 37.903425678063364, 48.099204151259372 ], [ 37.948468648159242, 48.093382056703796 ], [ 37.993780451341706, 48.119790634887806 ], [ 38.047061758477859, 48.114510004349256 ], [ 38.031519082699198, 48.180130234738584 ], [ 37.968719565159937, 48.22319181546564 ], [ 38.022900147454571, 48.263813552821432 ], [ 38.021023198790431, 48.284934718602948 ], [ 38.070657762048512, 48.337010210330519 ], [ 38.123587497357995, 48.306174973915276 ], [ 38.233818286198371, 48.322020663374836 ], [ 38.361390029859926, 48.301204681470587 ], [ 38.392338387765648, 48.313098714449346 ], [ 38.41018499836219, 48.345941111316399 ], [ 38.464614068151612, 48.354896427012442 ], [ 38.522958714905677, 48.306104713804864 ], [ 38.646784970750183, 48.252816082255634 ], [ 38.708972492887462, 48.266441660735644 ], [ 38.723943864447804, 48.286060508017059 ], [ 38.802349264737671, 48.297553597199652 ], [ 38.89610283694838, 48.2577858321512 ], [ 38.929115594237608, 48.218147193792177 ], [ 39.066151022116181, 48.220849088386046 ], [ 39.134999999950189, 48.180255484396788 ], [ 39.123004201352472, 48.157664360974984 ], [ 39.158903319934723, 48.142841376597652 ], [ 39.234869730717513, 48.137499999225675 ], [ 39.310963560461474, 48.105037096797275 ], [ 39.425054586256771, 48.10491556579543 ], [ 39.470392160522202, 48.074987471500897 ], [ 39.514677732053229, 48.066384270180585 ], [ 39.527824782213571, 48.082055801374125 ], [ 39.614021730347318, 48.047330487802689 ], [ 39.55250000037492, 47.945000000149889 ], [ 39.518299999745182, 47.942500000874439 ], [ 39.500000000299949, 47.920000000199863 ], [ 39.510800000119978, 47.899199999680455 ], [ 39.388299999645326, 47.901699998955934 ], [ 39.381700000154922, 47.883300001194236 ], [ 39.339199999880115, 47.879200000080125 ], [ 39.208299999645348, 47.898300000444735 ], [ 39.18830000004511, 47.881700000254845 ], [ 39.112500000175032, 47.876700000804455 ], [ 39.121668865425903, 47.842669320932544 ], [ 39.082837967798071, 47.851620306531963 ], [ 39.082936853652932, 47.869606976780688 ], [ 38.878297058262682, 47.875836689411763 ], [ 38.82735315332549, 47.848277097510234 ], [ 38.828529372132977, 47.818177097095571 ], [ 38.789003428065897, 47.816043678573052 ], [ 38.796365482481029, 47.773549378201324 ], [ 38.788934099329374, 47.737072532471466 ], [ 38.770949805988955, 47.726561810379309 ], [ 38.772748604764452, 47.685333293196997 ], [ 38.735486613116869, 47.680366009283986 ], [ 38.733574075283528, 47.700255241186646 ], [ 38.666450916176821, 47.698458555817759 ], [ 38.666303155766208, 47.669303598981969 ], [ 38.629610281189585, 47.669213520187952 ], [ 38.616284806998323, 47.64451080463008 ], [ 38.456655477468423, 47.644087509031309 ], [ 38.456823669576892, 47.617029774804472 ], [ 38.350313859696968, 47.616498601029612 ], [ 38.350758115794456, 47.576021015057897 ], [ 38.310847357219828, 47.575831352535047 ], [ 38.306537527185327, 47.544495538838135 ], [ 38.284930463370308, 47.544197436062923 ], [ 38.302430736189656, 47.392836950964728 ], [ 38.28638615639619, 47.391350832075368 ], [ 38.286640643850774, 47.373308478503525 ], [ 38.253899517149044, 47.37138259383174 ], [ 38.221088661512681, 47.327104237270831 ], [ 38.220786073818388, 47.305371325926011 ], [ 38.336573481481089, 47.306284207050624 ], [ 38.323049570981041, 47.281493791405545 ], [ 38.331821534836038, 47.262762451026319 ], [ 38.233508709059734, 47.229619006312269 ], [ 38.243374525514014, 47.21785469403909 ], [ 38.230728069522989, 47.119502159150024 ], [ 38.131138876058479, 47.047561427617886 ], [ 38.112884991149585, 47.040817606747218 ], [ 38.136145693269256, 47.054992192935437 ], [ 38.11894053171018, 47.086092347748682 ], [ 38.06483762805415, 47.112084744715311 ], [ 38.034499949124594, 47.090444592974187 ], [ 37.971321778877041, 47.09450448169644 ], [ 37.982832892252645, 47.086972078559725 ], [ 37.898629246942221, 47.111369227008375 ], [ 37.709819159926447, 47.080235240963646 ], [ 37.629036362837979, 47.094776532910707 ], [ 37.586045888083099, 47.078694140688839 ], [ 37.574746538322209, 47.099964166013528 ], [ 37.574314704359672, 47.085740218593294 ], [ 37.519887730734247, 47.071535236362067 ], [ 37.49847772787615, 47.041387770984834 ], [ 37.307195831410667, 46.870404731765255 ], [ 37.292575327789173, 46.86744565879021 ], [ 37.284035772078667, 46.870073948334422 ], [ 37.323690564010526, 46.885205408344511 ], [ 37.320894568030063, 46.910641079622181 ], [ 37.236528210008949, 46.951153776925409 ], [ 36.968009995065316, 46.853631427348553 ], [ 36.898249535387777, 46.809754319506396 ], [ 36.816079131489772, 46.677784877436451 ], [ 36.767871079377372, 46.632416885426778 ], [ 36.748779389257578, 46.634155526056851 ], [ 36.757916637043316, 46.656032410767217 ], [ 36.791348550852909, 46.668024094055454 ], [ 36.805119494853514, 46.706735846757567 ], [ 36.805630327033796, 46.679590140861073 ], [ 36.828540096948004, 46.699323397157151 ], [ 36.813581712093821, 46.728755900161751 ], [ 36.723436101894798, 46.778415997600248 ], [ 36.626305644490017, 46.78203855043887 ], [ 36.380218123068026, 46.711878694646082 ], [ 36.32788413694341, 46.673292375742641 ], [ 36.234440342347995, 46.560391819726718 ], [ 36.171016357814338, 46.498806578848956 ], [ 36.113555628589445, 46.488499671822581 ], [ 36.105214752190996, 46.490400986762722 ], [ 36.101172009995942, 46.491939317098911 ], [ 36.099118744795085, 46.493449432503596 ], [ 36.148202415109388, 46.507425151549569 ], [ 36.154145015663659, 46.542417071504047 ], [ 36.160535902607712, 46.525033880258711 ], [ 36.1886019552161, 46.529579643485874 ], [ 36.248805133994281, 46.578113811241039 ], [ 36.262873941279523, 46.6125443082733 ], [ 36.242607649723425, 46.643851300497211 ], [ 36.188196067754312, 46.671361307987226 ], [ 35.924365370000373, 46.660519474149851 ], [ 35.72559675298789, 46.587507010740154 ], [ 35.5880355319144, 46.485280910086011 ], [ 35.445290296610047, 46.435941721233611 ], [ 35.300455064749606, 46.293445569357587 ], [ 35.192298845315541, 46.159082653141979 ], [ 35.124246260256776, 46.116014409037788 ], [ 34.983334579827059, 46.078204774330935 ], [ 34.989330821260509, 46.104331256082695 ], [ 35.030876210069096, 46.127031313644245 ], [ 35.037729058449315, 46.146590483564019 ], [ 35.214332653629128, 46.188706942771283 ], [ 35.223612551877842, 46.222114575927051 ], [ 35.299879062468868, 46.29806765030191 ], [ 35.293461379838902, 46.308559258203275 ], [ 35.355677203840017, 46.362659161191431 ], [ 35.332551368550988, 46.357674155238186 ], [ 35.317074210606421, 46.331163276264284 ], [ 35.301805370721375, 46.355399713126346 ], [ 35.264805606993264, 46.351825925126462 ], [ 35.257851513836343, 46.385984393265275 ], [ 35.206577188986181, 46.388771307749721 ], [ 35.13742267901349, 46.351083737124867 ], [ 35.074599536539523, 46.278334736758751 ], [ 34.898118634067835, 46.241182108068024 ], [ 34.829936004666543, 46.20149365647849 ], [ 34.813445197079155, 46.161413177719488 ], [ 34.856765582448354, 45.982461411747067 ], [ 34.975008982213765, 45.762014210553126 ], [ 34.959799597973166, 45.756600201338308 ], [ 34.79909999966538, 45.810499999775224 ], [ 34.802199999630396, 45.900599998990934 ], [ 34.754000000000197, 45.908800000319843 ], [ 34.628499999675306, 45.986400001359016 ], [ 34.561199999680376, 45.994399999760198 ], [ 34.521800000269927, 45.954700000904374 ], [ 34.482700000304881, 45.942799999820316 ], [ 34.336900000035122, 46.05880000091944 ], [ 34.247800000169967, 46.053200000779491 ], [ 34.184400000160075, 46.06690000033479 ], [ 34.120699999805197, 46.106199999630356 ], [ 33.998200000229929, 46.126499998675953 ], [ 33.848700000204893, 46.199700000055081 ], [ 33.796900000035095, 46.20300000025 ], [ 33.740000000299929, 46.185199999580469 ], [ 33.645900000085014, 46.230099999915076 ], [ 33.61519999988014, 46.226199999030875 ], [ 33.6327, 46.157500001000095 ], [ 33.62, 46.1567 ], [ 33.5967, 46.181700001000074 ], [ 33.539999999975144, 46.185799999046367 ], [ 33.541699999994435, 46.21250000004693 ], [ 33.5075, 46.2358 ], [ 33.47, 46.2358 ], [ 33.474199999966352, 46.277500000053131 ], [ 33.549199999947604, 46.298300000005661 ], [ 33.57, 46.331700001000058 ], [ 33.6067, 46.320800001000102 ], [ 33.6242, 46.3342 ], [ 33.6867, 46.3333 ], [ 33.7133, 46.350000000000101 ], [ 33.7108, 46.375 ], [ 33.729999999950152, 46.392500000046937 ], [ 33.784199999978824, 46.390799999040183 ], [ 33.8392, 46.422499999000109 ], [ 33.8825, 46.4125 ], [ 33.912499999971985, 46.436699999000773 ], [ 33.987499999953279, 46.451700000006944 ], [ 33.974199999953896, 46.479200000022587 ], [ 34.004999999993814, 46.4800000000251 ], [ 34.0475, 46.521700000000109 ], [ 34.089999999950109, 46.518300001005635 ], [ 34.082499999996983, 46.547499998953377 ], [ 34.0625, 46.555 ], [ 34.05, 46.543299999000062 ], [ 34.0492, 46.564200001000096 ], [ 33.955, 46.61329999900007 ], [ 33.950799999965135, 46.664199999953901 ], [ 33.914999999993853, 46.694199999991362 ], [ 33.9175, 46.725 ], [ 33.9342, 46.7325 ], [ 33.925799999971332, 46.776699999050791 ], [ 33.9558, 46.8058 ], [ 33.9575, 46.8358 ], [ 33.9417, 46.8517 ], [ 33.9667, 46.8708 ], [ 33.9667, 46.9067 ], [ 33.999999999950099, 46.919199998947761 ], [ 33.990799999977568, 46.961699999969483 ], [ 34.0358, 47.0075 ], [ 34.090799999952644, 47.015000000968733 ], [ 34.065799999958834, 47.042499999996963 ], [ 34.0083, 47.0492 ] ] ] } },
{ "type": "Feature", "properties": { "ID": 12, "Basin": "Басейн річки Південний Буг", "Basin_eng": "South Bug River Basin", "Subbasin": null, "Subbasin_eng": null }, "geometry": { "type": "Polygon", "coordinates": [ [ [ 32.2558, 48.789999999000088 ], [ 32.3325, 48.7717 ], [ 32.3825, 48.7042000000001 ], [ 32.4483, 48.73079999900007 ], [ 32.4583, 48.76 ], [ 32.5167, 48.7467 ], [ 32.5692, 48.7633 ], [ 32.665, 48.568299999000033 ], [ 32.69, 48.555 ], [ 32.73, 48.560799999000054 ], [ 32.7792, 48.506700000000116 ], [ 32.8467, 48.5 ], [ 32.875, 48.4625 ], [ 32.835, 48.433300000000109 ], [ 32.8408, 48.385 ], [ 32.805, 48.376700001000096 ], [ 32.8142, 48.324200001000058 ], [ 32.7575, 48.2983 ], [ 32.7583, 48.2808 ], [ 32.7408, 48.2742 ], [ 32.7567, 48.2217 ], [ 32.7708, 48.220000001000102 ], [ 32.7575, 48.210000001000132 ], [ 32.7725, 48.182499999000115 ], [ 32.75, 48.125 ], [ 32.7967, 48.091700001000042 ], [ 32.7567, 48.071699999000074 ], [ 32.7567, 48.0067 ], [ 32.7808, 47.9833 ], [ 32.7625, 47.918299999000048 ], [ 32.7717, 47.8883 ], [ 32.7575, 47.8683 ], [ 32.7125, 47.855799999000055 ], [ 32.6875, 47.814200001000081 ], [ 32.6608, 47.81580000000011 ], [ 32.6425, 47.7892 ], [ 32.6142, 47.7808 ], [ 32.6342, 47.744999999000086 ], [ 32.6117, 47.714199999000094 ], [ 32.5883, 47.71419999900008 ], [ 32.6, 47.6558 ], [ 32.5708, 47.634199999000103 ], [ 32.5283, 47.543299999000055 ], [ 32.4975, 47.5217 ], [ 32.5025, 47.505000001000056 ], [ 32.4717, 47.4925 ], [ 32.499200000000123, 47.432499999000058 ], [ 32.5233, 47.4275 ], [ 32.5158, 47.3358 ], [ 32.4958, 47.339199999000087 ], [ 32.4342, 47.2917 ], [ 32.42, 47.2575 ], [ 32.3942, 47.272500001000104 ], [ 32.3558, 47.2533 ], [ 32.3267, 47.151699999000108 ], [ 32.2733, 47.109999999000102 ], [ 32.28, 47.068299999000075 ], [ 32.2667, 47.0517 ], [ 32.2442, 47.050000001000072 ], [ 32.2183, 46.9967 ], [ 32.1283, 46.9517 ], [ 32.1067, 46.955800001000071 ], [ 32.13, 46.908299999000079 ], [ 32.105, 46.87250000100007 ], [ 32.045, 46.866699999000069 ], [ 32.0325, 46.85 ], [ 32.0242, 46.775 ], [ 32.0425, 46.74 ], [ 32.0242, 46.730799999000055 ], [ 32.0358, 46.7125 ], [ 32.027500000000117, 46.685799999000061 ], [ 31.9842, 46.6558 ], [ 31.881700000000102, 46.651699999000115 ], [ 31.842500000000104, 46.690800000000131 ], [ 31.8442, 46.806700001000088 ], [ 31.8558, 46.813300001000101 ], [ 31.805800000000112, 46.8642 ], [ 31.8042, 46.900800001000064 ], [ 31.7667, 46.944200000000109 ], [ 31.706700000204947, 46.955800001069299 ], [ 31.702499999875208, 46.98250000027496 ], [ 31.634999999650429, 47.066699999905232 ], [ 31.636699999805284, 47.093299999895237 ], [ 31.550000000000182, 47.169199998980773 ], [ 31.545799999670241, 47.18920000127919 ], [ 31.595799999570488, 47.255000001349089 ], [ 31.61580000007012, 47.259199998980932 ], [ 31.615800000070127, 47.27750000022489 ], [ 31.585799999770359, 47.292500000374773 ], [ 31.551700000155055, 47.279999998601248 ], [ 31.482499999775211, 47.298299999845227 ], [ 31.463300000194952, 47.322499999775232 ], [ 31.442499999675238, 47.301700000154995 ], [ 31.328299999745312, 47.324999999050689 ], [ 31.325000000449787, 47.310000000699631 ], [ 31.278299999845242, 47.31249999997511 ], [ 31.272500000374901, 47.291700000354879 ], [ 31.239999999900217, 47.28920000017991 ], [ 31.140800000120066, 47.302500000174916 ], [ 31.091700000354876, 47.346699999705194 ], [ 31.049200000079942, 47.340000000099977 ], [ 31.054200000429674, 47.326700000104985 ], [ 31.039200000279948, 47.319199999580356 ], [ 31.034199999930202, 47.339199999180764 ], [ 30.979199999680429, 47.344200000429737 ], [ 30.935000000149973, 47.399199999780137 ], [ 30.889999999700269, 47.427499999925104 ], [ 30.850799999620346, 47.432499999375629 ], [ 30.810800000419814, 47.461699999655416 ], [ 30.774999999750282, 47.447500000424725 ], [ 30.771699999555402, 47.469200000180059 ], [ 30.698299999745302, 47.474199998731038 ], [ 30.657499999625454, 47.489999999800325 ], [ 30.606699999705377, 47.537500000424863 ], [ 30.550800000219844, 47.54329999899592 ], [ 30.525000000249854, 47.562500000374868 ], [ 30.511700000254802, 47.605799998870964 ], [ 30.479199999780349, 47.604999999750312 ], [ 30.436700000404766, 47.660800000919508 ], [ 30.372500000374849, 47.695800000669649 ], [ 30.339999999900183, 47.775800000869502 ], [ 30.254200000229897, 47.789200000079965 ], [ 30.247499999725285, 47.807499998626227 ], [ 30.217500000324872, 47.816700000204889 ], [ 30.190000000199973, 47.810000000599672 ], [ 30.1542000004298, 47.858300000344848 ], [ 30.139200000279928, 47.84749999962532 ], [ 30.111700000155079, 47.870800000319868 ], [ 30.098300000044972, 47.858300000344791 ], [ 30.104999999650428, 47.8325000003748 ], [ 30.014199999630446, 47.804199999330557 ], [ 29.957500000124913, 47.84 ], [ 29.902499999875168, 47.827500000924452 ], [ 29.861699999755224, 47.848300001444073 ], [ 29.839199999980071, 47.84 ], [ 29.808300000444792, 47.860799999620326 ], [ 29.656699999805248, 47.88829999974525 ], [ 29.645799999870057, 47.868300000144991 ], [ 29.535800000269809, 47.880799999220578 ], [ 29.53750000042486, 47.863299998896046 ], [ 29.5124999995755, 47.850799999820232 ], [ 29.480000000000203, 47.873299998696154 ], [ 29.458300000244886, 47.862500000674579 ], [ 29.368300000244915, 47.891700000055167 ], [ 29.32579999997013, 47.890000000799517 ], [ 29.278300000244947, 47.967499999025854 ], [ 29.197500000025116, 48.010800000219852 ], [ 29.082500000075115, 48.143300001393968 ], [ 29.030800000020022, 48.164999999350606 ], [ 29.018300000045034, 48.20420000032982 ], [ 28.989999999900089, 48.205000000349855 ], [ 28.948299999645332, 48.23329999959536 ], [ 28.93579999967028, 48.272500000574659 ], [ 28.959199999580512, 48.296700001404098 ], [ 28.869999999600335, 48.383300001094319 ], [ 28.832499999675299, 48.392499999975072 ], [ 28.840800000219918, 48.454999999850102 ], [ 28.774200000130012, 48.493299999795354 ], [ 28.766699999605379, 48.519999999900264 ], [ 28.728300000444868, 48.544999999850226 ], [ 28.721700000055094, 48.57080000071953 ], [ 28.744199999830215, 48.574200001029411 ], [ 28.742499999675321, 48.589199999380519 ], [ 28.59670000030491, 48.695800001369172 ], [ 28.495800000369801, 48.717499999325618 ], [ 28.489199999980197, 48.72670000000506 ], [ 28.519200000279984, 48.744200001229217 ], [ 28.496699999605489, 48.759999999600382 ], [ 28.501699999955015, 48.772500001374134 ], [ 28.47579999987018, 48.78329999939556 ], [ 28.461699999855298, 48.816700000005042 ], [ 28.409999999800224, 48.835000001249178 ], [ 28.400800000020073, 48.86580000066958 ], [ 28.262500000274937, 48.904999998950949 ], [ 28.209200000179983, 48.944999999950049 ], [ 28.206700000005146, 48.972500000075094 ], [ 28.170000000100071, 48.984200000929498 ], [ 28.160800000319739, 49.009199999080856 ], [ 28.106700000205024, 49.037500000125107 ], [ 27.865000000349838, 49.044999999750338 ], [ 27.831699999855193, 49.031699999755318 ], [ 27.776699999605359, 49.045799999770367 ], [ 27.689999999800254, 49.021699999955153 ], [ 27.586699999805251, 49.042499999575455 ], [ 27.55580000026983, 49.031699999755311 ], [ 27.483299999695252, 49.060799999020851 ], [ 27.443299999595368, 49.04920000008007 ], [ 27.30920000017996, 49.063300000994268 ], [ 27.230800000020107, 49.106699998706006 ], [ 27.264199999730316, 49.118300000344895 ], [ 27.254999999950165, 49.134199998830944 ], [ 27.27999999990017, 49.157500001324202 ], [ 27.217500000025108, 49.167500000224955 ], [ 27.213299999695398, 49.204200000129951 ], [ 27.188299999745297, 49.191700000154988 ], [ 27.173299999595432, 49.207500000324849 ], [ 27.10919999968036, 49.19829999964535 ], [ 27.095000000449666, 49.219200000279876 ], [ 26.94499999985015, 49.249199998781094 ], [ 26.920799999920135, 49.260000000399756 ], [ 26.920799999920135, 49.299199999580317 ], [ 26.894999999950091, 49.313300001394119 ], [ 26.872500000174977, 49.304199999030914 ], [ 26.832500000075008, 49.3417000007545 ], [ 26.771700000354834, 49.356699999105885 ], [ 26.735799999570432, 49.399200000279798 ], [ 26.650799999920256, 49.399200000279798 ], [ 26.594199999630419, 49.423300000094983 ], [ 26.604200000329907, 49.444999999850097 ], [ 26.590800000219893, 49.467499998726055 ], [ 26.521699999955214, 49.466700001403957 ], [ 26.472500000075012, 49.485799999970226 ], [ 26.534999999950251, 49.505799998671137 ], [ 26.540000000299813, 49.519999999700389 ], [ 26.474200000229867, 49.555800000369949 ], [ 26.460000000099978, 49.574999999050839 ], [ 26.47670000040473, 49.585799999770337 ], [ 26.476700000404719, 49.609999998800973 ], [ 26.42829999964535, 49.630799999320658 ], [ 26.6558, 49.640000001000033 ], [ 26.7667, 49.626700001000074 ], [ 26.7817, 49.6392 ], [ 26.8067, 49.6283 ], [ 26.8258, 49.6492 ], [ 26.8575, 49.6358 ], [ 27.0225, 49.645 ], [ 27.0517, 49.625 ], [ 27.0875, 49.625 ], [ 27.1117, 49.633300001000059 ], [ 27.1192, 49.67 ], [ 27.2267, 49.6667 ], [ 27.2425, 49.6808 ], [ 27.4217, 49.643300001000064 ], [ 27.4342, 49.6667 ], [ 27.46, 49.6742 ], [ 27.6283, 49.6642 ], [ 27.675, 49.703299999000087 ], [ 27.815, 49.696699999000032 ], [ 27.8333, 49.717499999000033 ], [ 27.8692, 49.7192 ], [ 27.8583, 49.758300001000059 ], [ 27.9442, 49.765000001000047 ], [ 27.9567, 49.779200001000042 ], [ 28.1175, 49.7717 ], [ 28.2242, 49.800000001000051 ], [ 28.3242, 49.804199999000048 ], [ 28.405, 49.7775 ], [ 28.4383, 49.720799999000057 ], [ 28.4217, 49.7117 ], [ 28.4283, 49.6983 ], [ 28.5492, 49.664999999000074 ], [ 28.5833, 49.67 ], [ 28.6125, 49.644200001000051 ], [ 28.7125, 49.6108 ], [ 28.7425, 49.6117 ], [ 28.7508, 49.630799999000033 ], [ 28.8075, 49.650800001000057 ], [ 28.8533, 49.630000001000028 ], [ 28.87, 49.637499999000049 ], [ 28.9383, 49.59 ], [ 28.9725, 49.589199999000066 ], [ 28.9667, 49.555 ], [ 29.0058, 49.52999999900004 ], [ 28.9942, 49.50919999900001 ], [ 29.0342, 49.497500001000049 ], [ 29.0367, 49.46419999900008 ], [ 29.0, 49.4375 ], [ 29.03, 49.3817 ], [ 29.095, 49.380000001000035 ], [ 29.1117, 49.355 ], [ 29.1617, 49.3508 ], [ 29.1992, 49.3233 ], [ 29.2117, 49.2883 ], [ 29.2333, 49.275800001000036 ], [ 29.2333, 49.21749999900004 ], [ 29.2725, 49.1917 ], [ 29.3858, 49.181700001000074 ], [ 29.4542, 49.123299999000039 ], [ 29.5083, 49.1208 ], [ 29.5392, 49.102499999000095 ], [ 29.5567, 49.1417 ], [ 29.5858, 49.144200001000037 ], [ 29.6483, 49.185000001000041 ], [ 29.6875, 49.185799999000032 ], [ 29.6967, 49.21749999900004 ], [ 29.6842, 49.259199999000025 ], [ 29.7033, 49.255799999000018 ], [ 29.7067, 49.283299999000072 ], [ 29.7258, 49.294199999000043 ], [ 29.7492, 49.279200001000049 ], [ 29.7758, 49.285 ], [ 29.8058, 49.2608 ], [ 29.815, 49.2717 ], [ 29.8392, 49.250800001000059 ], [ 29.8467, 49.261700001000065 ], [ 29.9375, 49.2158 ], [ 30.0175, 49.23 ], [ 30.0408, 49.276699999000073 ], [ 30.0633, 49.2808 ], [ 30.0533, 49.304199999000041 ], [ 30.0692, 49.318299999000033 ], [ 30.1008, 49.314999999000058 ], [ 30.06, 49.380799999000033 ], [ 30.1417, 49.40499999900004 ], [ 30.125, 49.4242 ], [ 30.1633, 49.431700001000081 ], [ 30.1742, 49.4608 ], [ 30.1567, 49.49 ], [ 30.1767, 49.546700001000026 ], [ 30.2542, 49.574999999000056 ], [ 30.2942, 49.5217 ], [ 30.3375, 49.5283 ], [ 30.38, 49.5108 ], [ 30.39, 49.5317 ], [ 30.4375, 49.532500001000066 ], [ 30.4483, 49.4892 ], [ 30.475, 49.480799999000048 ], [ 30.4892, 49.4825 ], [ 30.4875, 49.5042 ], [ 30.5083, 49.508300001000066 ], [ 30.5342, 49.5075 ], [ 30.5492, 49.4858 ], [ 30.5808, 49.5033 ], [ 30.6417, 49.502499999000051 ], [ 30.6467, 49.4792 ], [ 30.7133, 49.4792 ], [ 30.7517, 49.445800001000066 ], [ 30.7758, 49.46330000100005 ], [ 30.7683, 49.4833 ], [ 30.7908, 49.4892 ], [ 30.8133, 49.466700001000035 ], [ 30.7833, 49.4342 ], [ 30.7917, 49.414999999000088 ], [ 30.7508, 49.401699999000073 ], [ 30.7825, 49.352499999000088 ], [ 30.7792, 49.3233 ], [ 30.8125, 49.310000001000049 ], [ 30.8175, 49.3233 ], [ 30.86, 49.3258 ], [ 30.8733, 49.305 ], [ 30.9417, 49.283299999000064 ], [ 31.0175, 49.293299999000048 ], [ 31.0242, 49.2608 ], [ 31.01, 49.230799999000055 ], [ 31.0375, 49.227499999000081 ], [ 31.1117, 49.16 ], [ 31.1633, 49.145 ], [ 31.1875, 49.1075 ], [ 31.2342, 49.106699999000043 ], [ 31.2442, 49.078299999000073 ], [ 31.3092, 49.081700001000044 ], [ 31.32, 49.095799999000057 ], [ 31.3667, 49.085000001000068 ], [ 31.4317, 48.95329999900008 ], [ 31.5275, 48.997500001000049 ], [ 31.5742, 48.984999999000088 ], [ 31.5933, 48.9958 ], [ 31.6292, 48.9867 ], [ 31.6358, 48.964199999000066 ], [ 31.6725, 48.939200001000067 ], [ 31.6933, 48.9517 ], [ 31.74, 48.9342 ], [ 31.7633, 48.85669999900005 ], [ 31.8358, 48.845000001000088 ], [ 31.84, 48.8292 ], [ 31.875, 48.8342 ], [ 31.8925, 48.811699999000041 ], [ 31.9417, 48.818299999000025 ], [ 32.0042, 48.7675 ], [ 32.1967, 48.789999999000081 ], [ 32.2133, 48.818299999000018 ], [ 32.2558, 48.789999999000088 ] ] ] } },
{ "type": "Feature", "properties": { "ID": 4, "Basin": "Басейн річки Дніпро", "Basin_eng": "Dnipro River Basin", "Subbasin": "Суббасейн річки Прип'ять", "Subbasin_eng": "Prypiat River Subbasin" }, "geometry": { "type": "MultiPolygon", "coordinates": [ [ [ [ 24.635, 51.7983 ], [ 24.695, 51.831700001000051 ], [ 24.7167, 51.8267 ], [ 24.7558, 51.8675 ], [ 24.8008, 51.875 ], [ 24.805622297608682, 51.916923466764963 ], [ 25.089478128454875, 51.97772130685852 ], [ 25.09380665550464, 52.016626163310868 ], [ 25.064314548965864, 52.03806252823383 ], [ 25.063470711953737, 52.057807051289736 ], [ 25.110475916773275, 52.136888206644919 ], [ 25.107233062256402, 52.203335095618741 ], [ 25.056602966276863, 52.263943834741973 ], [ 25.043777986092493, 52.317202180666712 ], [ 24.954571401707046, 52.369212504400259 ], [ 24.889350312860039, 52.371986760173591 ], [ 24.844629251795737, 52.397936755809354 ], [ 24.714075021263046, 52.423002451862502 ], [ 24.652545157784097, 52.410837866264998 ], [ 24.626108083601107, 52.433196372690098 ], [ 24.633935890128143, 52.448545642753089 ], [ 24.575412160129609, 52.466138590492513 ], [ 24.566670839072408, 52.532486710814119 ], [ 24.523002353251847, 52.570024662646809 ], [ 24.534882935667081, 52.585262593670507 ], [ 24.513415854838463, 52.598507892609142 ], [ 24.505089104086736, 52.637765833442835 ], [ 24.429423392273222, 52.68241162641695 ], [ 24.321055439891762, 52.662959350413438 ], [ 24.300170624979447, 52.679499666992648 ], [ 24.325551703054071, 52.691237578768586 ], [ 24.26877656490413, 52.714574188585139 ], [ 24.261992632194669, 52.744895745815171 ], [ 24.209499086701086, 52.756605247928611 ], [ 24.191533114638784, 52.774991312064373 ], [ 24.198071763518175, 52.786167103395101 ], [ 24.226186915180488, 52.807994635704667 ], [ 24.33104636573437, 52.833021166426661 ], [ 24.347760080688605, 52.874937556189913 ], [ 24.417037346253441, 52.888632677530289 ], [ 24.447337827568735, 52.879738737390028 ], [ 24.441444104691456, 52.854653418191326 ], [ 24.456965592448078, 52.841396118494799 ], [ 24.501640202162818, 52.845447932277793 ], [ 24.527450419020649, 52.810733248648106 ], [ 24.612088012413732, 52.83938811051835 ], [ 24.733388733970173, 52.822482042506067 ], [ 24.754754367810254, 52.831373918699789 ], [ 24.779005730097023, 52.821563443246262 ], [ 24.775934591530234, 52.802038975622111 ], [ 24.835998872834793, 52.749518842663562 ], [ 24.902931563764362, 52.728256121014972 ], [ 25.008077622147727, 52.730505838301099 ], [ 25.014004945447144, 52.746106737232815 ], [ 24.979809255816733, 52.758983805875829 ], [ 25.013595900760247, 52.785103707538667 ], [ 25.059773221497824, 52.780828739790671 ], [ 25.057616303832074, 52.811080873884258 ], [ 25.076223899646614, 52.827941900607648 ], [ 25.061261130695588, 52.85404712230995 ], [ 25.101940817242046, 52.869100250016494 ], [ 25.17758140403626, 52.844975041232495 ], [ 25.176025792745929, 52.819816420566518 ], [ 25.31193751324021, 52.768377182407576 ], [ 25.367297701532667, 52.784704414359766 ], [ 25.434898346102926, 52.766061203857483 ], [ 25.453607168182497, 52.779169018786199 ], [ 25.470950722319163, 52.757280033219153 ], [ 25.50072829383361, 52.761230322310389 ], [ 25.513425782966927, 52.738629760401835 ], [ 25.541019848287288, 52.747359146414041 ], [ 25.591164881402765, 52.727113510716968 ], [ 25.604495227789485, 52.700438219563978 ], [ 25.628691879581158, 52.7052383701051 ], [ 25.661843116818083, 52.681026940987692 ], [ 25.68013500103083, 52.632480881163744 ], [ 25.708391776268307, 52.63300086018419 ], [ 25.801079925167542, 52.69289474939167 ], [ 25.857941268899062, 52.679929356772114 ], [ 25.941574020803255, 52.689069802871366 ], [ 25.970399762252885, 52.707212634708689 ], [ 25.953377945048132, 52.749714445060263 ], [ 25.989110141757322, 52.775653289276356 ], [ 26.119560413200535, 52.794000022697411 ], [ 26.124465973613251, 52.805779761740425 ], [ 26.201502317815471, 52.806954683753482 ], [ 26.253975154828989, 52.835411980642291 ], [ 26.236809079719208, 52.845513639333909 ], [ 26.253647085359439, 52.850580740264377 ], [ 26.240544878228199, 52.865019742542671 ], [ 26.28096143064764, 52.888668215307504 ], [ 26.275234128854585, 52.908045131655157 ], [ 26.346060357946641, 52.937499162648884 ], [ 26.379465260693518, 52.92788068301072 ], [ 26.389060599748625, 52.958379653978078 ], [ 26.419557424642242, 52.96787765144223 ], [ 26.379870308490702, 53.000552325497551 ], [ 26.401912528525443, 53.065401419778496 ], [ 26.431321401924308, 53.073602604125746 ], [ 26.449718014423375, 53.055741167222031 ], [ 26.523541626121364, 53.054053950852605 ], [ 26.484567622247649, 53.108965943109943 ], [ 26.581321487686964, 53.164313289164035 ], [ 26.617245356249466, 53.147783900308937 ], [ 26.665029962407033, 53.170864922982098 ], [ 26.823258850771079, 53.14391706460497 ], [ 26.875593754283635, 53.159761089432919 ], [ 26.909415759267624, 53.1475506813834 ], [ 27.031383257881206, 53.183290139056382 ], [ 27.138996230074333, 53.17552253164736 ], [ 27.156010451129859, 53.200977927879372 ], [ 27.210897978734547, 53.20940999468403 ], [ 27.235148746566136, 53.191717548307565 ], [ 27.294387497853453, 53.188014469580857 ], [ 27.301910773237577, 53.208477799780674 ], [ 27.345067826918946, 53.207668543602274 ], [ 27.378525802886617, 53.233870497438723 ], [ 27.429183909912599, 53.207130530829936 ], [ 27.48759750140654, 53.204522570960101 ], [ 27.512569899424996, 53.228239921379263 ], [ 27.493741711161789, 53.247058975525881 ], [ 27.521041503985142, 53.25283279111774 ], [ 27.514973096123114, 53.273473321711073 ], [ 27.539571112373363, 53.279117788164577 ], [ 27.563169503106113, 53.324910347143543 ], [ 27.506316646260416, 53.340757536934362 ], [ 27.513694383302333, 53.389912215454366 ], [ 27.430089697861582, 53.420487789387082 ], [ 27.524759229778965, 53.463847658287897 ], [ 27.447721185820381, 53.50622610833291 ], [ 27.465361129785734, 53.560784464783417 ], [ 27.406254918451861, 53.559667290267164 ], [ 27.401969406758194, 53.581618348505096 ], [ 27.470253895915206, 53.597110044685316 ], [ 27.454403069422746, 53.612782822525972 ], [ 27.466346188906336, 53.65846062356168 ], [ 27.448533353197593, 53.688809934600108 ], [ 27.457566799835551, 53.714662778184611 ], [ 27.399923999622274, 53.732075145046792 ], [ 27.39730894433335, 53.767231958198622 ], [ 27.368549733265237, 53.806082948849145 ], [ 27.29463300300479, 53.814475419614006 ], [ 27.246370746799627, 53.847854998109092 ], [ 27.152407701841987, 53.835091694109934 ], [ 27.085919461585217, 53.858900750006931 ], [ 27.134815929065947, 53.886336058647842 ], [ 27.307294812923978, 53.894666528866537 ], [ 27.537619095726892, 53.757991058893708 ], [ 27.616486839041645, 53.737179772931057 ], [ 27.664201644387624, 53.742285979899478 ], [ 27.753438569286285, 53.695483134899987 ], [ 27.881326312043988, 53.593598117386108 ], [ 27.957654290087071, 53.445918893169299 ], [ 28.016724136345303, 53.375247877513345 ], [ 28.113957593069056, 53.363460083955943 ], [ 28.262904318234138, 53.271040700830255 ], [ 28.373881459233356, 53.294352361477486 ], [ 28.382597920973598, 53.274757203973486 ], [ 28.459523406803189, 53.243946232954933 ], [ 28.44873263939099, 53.229201797740494 ], [ 28.475293925725868, 53.227249885054412 ], [ 28.467364902877762, 53.21656965098839 ], [ 28.497549576829169, 53.185263537099729 ], [ 28.588665007389913, 53.208610885899674 ], [ 28.682984269575197, 53.173855912385925 ], [ 28.685079455894332, 53.202099493163949 ], [ 28.790342133621103, 53.205706683436709 ], [ 28.820344196664553, 53.190622630996678 ], [ 28.792501625741128, 53.169710307772768 ], [ 28.818174586080474, 53.159415326582348 ], [ 28.799826354931731, 53.13966153650945 ], [ 28.804557261788975, 53.113638761633702 ], [ 28.835919196918766, 53.117706603491385 ], [ 28.84914909279583, 53.078473384350595 ], [ 28.913328728634614, 53.057885900974483 ], [ 28.922879363813706, 53.036389998090712 ], [ 28.899365560501554, 53.003461613661365 ], [ 28.996944600479416, 52.97582687929394 ], [ 29.036238913324663, 52.981757287246261 ], [ 29.022241999643338, 52.967783228609939 ], [ 29.026434747892718, 52.928064883652048 ], [ 29.054394435936576, 52.896386467094743 ], [ 29.009356764888754, 52.847114388775715 ], [ 29.143681508210847, 52.795726071152409 ], [ 29.189609322562394, 52.739731572368719 ], [ 29.300723877122159, 52.735019341609245 ], [ 29.409785061392636, 52.695555953679303 ], [ 29.417100539641829, 52.659216374317943 ], [ 29.491592012936234, 52.621922830074617 ], [ 29.515104994996516, 52.571235377825701 ], [ 29.510305222934232, 52.509171175609985 ], [ 29.473113159247216, 52.468047461204229 ], [ 29.506594407917074, 52.464101440338297 ], [ 29.480321451432165, 52.401397784218354 ], [ 29.499561564759592, 52.372654688275368 ], [ 29.567586636745975, 52.321292937414839 ], [ 29.670583958064913, 52.28109634636553 ], [ 29.710313970847636, 52.244992325645512 ], [ 29.690263259786263, 52.233232665553224 ], [ 29.697346433976382, 52.224538254354925 ], [ 29.764769349690699, 52.211915417673602 ], [ 29.787323830239863, 52.189147283294993 ], [ 29.823947585777145, 52.194092109471868 ], [ 29.832336389990108, 52.211773960556066 ], [ 29.940163948640485, 52.203094188076761 ], [ 29.905868107910109, 52.125788335774175 ], [ 29.974557318048035, 52.067629730517368 ], [ 29.999984359156063, 52.063010583790629 ], [ 30.050506451829971, 52.131473971660839 ], [ 30.236382925385026, 52.124288397599635 ], [ 30.33798898792881, 52.156596195543429 ], [ 30.34151179448428, 52.169354736450515 ], [ 30.441629486162483, 52.140822440125909 ], [ 30.548634732795158, 52.145145557584272 ], [ 30.575747247153629, 52.095951411069464 ], [ 30.556526263949895, 52.073997580865402 ], [ 30.578694319268621, 52.045356709501995 ], [ 30.504831049292399, 51.999141660590375 ], [ 30.525379754661856, 51.951623177813644 ], [ 30.540841966637537, 51.947848835194556 ], [ 30.523263021884244, 51.929856585495678 ], [ 30.535305827113657, 51.915764723339969 ], [ 30.48072852491708, 51.908050892870499 ], [ 30.481100170047693, 51.877729504273312 ], [ 30.39639535879558, 51.888180476769115 ], [ 30.366788229802285, 51.862109588212931 ], [ 30.39299868915008, 51.855316112597706 ], [ 30.382003271690397, 51.839496867917084 ], [ 30.435022962060604, 51.826320488724619 ], [ 30.454721361747708, 51.805435846915266 ], [ 30.528011911421654, 51.795114395203179 ], [ 30.499574055028418, 51.783446513721408 ], [ 30.48223490872391, 51.738811008549796 ], [ 30.515339556683298, 51.737056780368178 ], [ 30.51014804629434, 51.723421361677758 ], [ 30.556449313112427, 51.70922898469928 ], [ 30.509588185646386, 51.697588039484415 ], [ 30.531663096526064, 51.69190621210911 ], [ 30.52207303677444, 51.686375971417803 ], [ 30.540374278960485, 51.665038000692505 ], [ 30.572456877201063, 51.656688859048742 ], [ 30.545571550765366, 51.639912500937768 ], [ 30.558170682765351, 51.624290081937758 ], [ 30.50637902676532, 51.597706023937739 ], [ 30.554023041765326, 51.578094481937775 ], [ 30.527383321765328, 51.571019559937746 ], [ 30.54611343176537, 51.543662624937774 ], [ 30.581412699765327, 51.549080421937774 ], [ 30.567816493765342, 51.513374232937778 ], [ 30.594473689765369, 51.475260737937766 ], [ 30.623035091765352, 51.467737888937776 ], [ 30.588943276912087, 51.454870478796394 ], [ 30.523225202452327, 51.459906204317321 ], [ 30.501138219493445, 51.425102739946432 ], [ 30.507399585838179, 51.389913378484565 ], [ 30.481725653305975, 51.385329596916087 ], [ 30.469355174025743, 51.349575095713092 ], [ 30.560346775601467, 51.314866215102505 ], [ 30.583859058101698, 51.33309759234271 ], [ 30.616147304102075, 51.332071595840603 ], [ 30.593361759000064, 51.311564612000048 ], [ 30.622556152000072, 51.30487490400008 ], [ 30.615352407000046, 51.284979359000033 ], [ 30.567053192000063, 51.25728713200003 ], [ 30.501691442000034, 51.282080431000054 ], [ 30.3092, 51.251700001000081 ], [ 30.2992, 51.2042 ], [ 30.2725, 51.2008 ], [ 30.2583, 51.1733 ], [ 30.2317, 51.1642 ], [ 30.2567, 51.130000001000042 ], [ 30.24, 51.1183 ], [ 30.205, 51.1317 ], [ 30.1792, 51.115 ], [ 30.1542, 51.123299999000039 ], [ 29.9875, 51.09 ], [ 29.9292, 51.098300001000041 ], [ 29.8692, 51.0858 ], [ 29.8775, 51.0692 ], [ 29.835, 51.0275 ], [ 29.8217, 51.044199999000057 ], [ 29.7358, 51.054199999000055 ], [ 29.6333, 51.001700001000067 ], [ 29.5092, 51.0517 ], [ 29.4575, 51.0308 ], [ 29.445, 51.008300001000059 ], [ 29.4042, 51.0033 ], [ 29.4017, 50.9758 ], [ 29.36, 50.9508 ], [ 29.2475, 50.945800001000066 ], [ 29.25, 50.9233 ], [ 29.1975, 50.935799999000032 ], [ 29.18, 50.9067 ], [ 29.1183, 50.9058 ], [ 29.1242, 50.8917 ], [ 29.0942, 50.886700001000072 ], [ 29.0875, 50.865 ], [ 28.9342, 50.884199999000032 ], [ 28.8717, 50.869999999000072 ], [ 28.8633, 50.886700001000058 ], [ 28.845, 50.873299999000032 ], [ 28.6808, 50.8792 ], [ 28.6008, 50.835000001000083 ], [ 28.5467, 50.84249999900004 ], [ 28.515, 50.82750000100004 ], [ 28.5067, 50.8017 ], [ 28.4967, 50.810000001000049 ], [ 28.4775, 50.785800001000041 ], [ 28.4367, 50.7817 ], [ 28.4067, 50.75 ], [ 28.31, 50.750800001000073 ], [ 28.3, 50.7325 ], [ 28.3192, 50.715 ], [ 28.2942, 50.7042 ], [ 28.3142, 50.6808 ], [ 28.2058, 50.6325 ], [ 28.225, 50.624199999000034 ], [ 28.225, 50.5758 ], [ 28.2733, 50.571699999000032 ], [ 28.3008, 50.5275 ], [ 28.3175, 50.4758 ], [ 28.3075, 50.449200001000058 ], [ 28.3367, 50.4275 ], [ 28.3267, 50.404200001000049 ], [ 28.285, 50.4067 ], [ 28.3217, 50.3825 ], [ 28.3133, 50.362500001000051 ], [ 28.2667, 50.349199999000064 ], [ 28.2708, 50.3125 ], [ 28.2233, 50.2875 ], [ 28.1642, 50.296700001000033 ], [ 28.13, 50.311699999000048 ], [ 28.1325, 50.328299999000066 ], [ 28.0967, 50.33 ], [ 28.0467, 50.2717 ], [ 28.0642, 50.2533 ], [ 28.0217, 50.252499999000065 ], [ 28.0092, 50.2325 ], [ 27.9658, 50.2267 ], [ 27.9608, 50.2008 ], [ 27.875, 50.192500001000035 ], [ 27.8817, 50.168299999000048 ], [ 27.8417, 50.1592 ], [ 27.8575, 50.1283 ], [ 27.8417, 50.095000001000074 ], [ 27.8875, 50.068299999000033 ], [ 27.8592, 50.0033 ], [ 27.8933, 49.98169999900005 ], [ 27.96, 49.9725 ], [ 28.0083, 49.914999999000102 ], [ 27.9967, 49.8817 ], [ 27.9158, 49.876700001000067 ], [ 27.915, 49.8542 ], [ 27.8917, 49.841700001000056 ], [ 27.9192, 49.810000001000041 ], [ 27.8967, 49.7925 ], [ 27.9125, 49.7675 ], [ 27.8583, 49.758300001000059 ], [ 27.8692, 49.7192 ], [ 27.8333, 49.717499999000033 ], [ 27.815, 49.696699999000032 ], [ 27.675, 49.703299999000087 ], [ 27.6283, 49.6642 ], [ 27.46, 49.6742 ], [ 27.4342, 49.6667 ], [ 27.4217, 49.643300001000064 ], [ 27.2425, 49.6808 ], [ 27.2267, 49.6667 ], [ 27.1192, 49.67 ], [ 27.1117, 49.633300001000059 ], [ 27.0875, 49.625 ], [ 27.0517, 49.625 ], [ 27.0225, 49.645 ], [ 26.8575, 49.6358 ], [ 26.8258, 49.6492 ], [ 26.8067, 49.6283 ], [ 26.62, 49.640000001000033 ], [ 26.5233, 49.625800001000059 ], [ 26.352499999775276, 49.650800000719642 ], [ 26.351699999755244, 49.684200000429783 ], [ 26.3167, 49.695800001000059 ], [ 26.3358, 49.7192 ], [ 26.249199999780274, 49.740800000719609 ], [ 26.1417, 49.755000001000042 ], [ 26.11999999970039, 49.732500000174994 ], [ 26.13419999983023, 49.710000001299221 ], [ 26.0625, 49.7283 ], [ 25.994999999950043, 49.703299998995817 ], [ 25.8417, 49.7392 ], [ 25.8183, 49.7608 ], [ 25.83, 49.7883 ], [ 25.7517, 49.818299999000033 ], [ 25.6542, 49.7983 ], [ 25.6533, 49.77580000100005 ], [ 25.618299999645455, 49.794199999130626 ], [ 25.529999999800353, 49.788300000444785 ], [ 25.5, 49.810000001000034 ], [ 25.5075, 49.827500001000026 ], [ 25.492499999875143, 49.846700000104946 ], [ 25.464199999730234, 49.858299999945103 ], [ 25.453299999795203, 49.901699998556175 ], [ 25.338299999845248, 49.943299998696148 ], [ 25.2792, 49.9233 ], [ 25.1125, 49.9517 ], [ 25.0333, 49.949999999000049 ], [ 25.012499999575315, 49.929999999600504 ], [ 24.99, 49.9408 ], [ 24.8692, 49.931700001000074 ], [ 24.8442, 49.9592 ], [ 24.8133, 49.965 ], [ 24.8258, 49.98169999900005 ], [ 24.7758, 50.012499999000049 ], [ 24.7867, 50.0392 ], [ 24.6275, 50.043299999000055 ], [ 24.5825, 50.064999999000094 ], [ 24.6033, 50.0792 ], [ 24.5942, 50.0942 ], [ 24.6058, 50.1183 ], [ 24.5575, 50.1558 ], [ 24.5417, 50.199200001000072 ], [ 24.5942, 50.2008 ], [ 24.5775, 50.2092 ], [ 24.5717, 50.2458 ], [ 24.6275, 50.2533 ], [ 24.6142, 50.2808 ], [ 24.64, 50.311699999000041 ], [ 24.5858, 50.349199999000071 ], [ 24.6375, 50.4158 ], [ 24.5917, 50.42 ], [ 24.5858, 50.4342 ], [ 24.6225, 50.487500001000058 ], [ 24.6633, 50.4892 ], [ 24.6392, 50.5175 ], [ 24.6725, 50.5558 ], [ 24.8225, 50.543299999000062 ], [ 24.8375, 50.5792 ], [ 24.815, 50.609200001000033 ], [ 24.8758, 50.615800001000068 ], [ 24.7808, 50.658299999000043 ], [ 24.7992, 50.660800001000041 ], [ 24.8, 50.688300001000066 ], [ 24.8475, 50.7008 ], [ 24.8367, 50.725 ], [ 24.7392, 50.759199999000032 ], [ 24.7175, 50.7983 ], [ 24.665, 50.8267 ], [ 24.6033, 50.82829999900008 ], [ 24.5642, 50.857500000000115 ], [ 24.5008, 50.849199999000056 ], [ 24.374148807528705, 50.912220615396365 ], [ 24.365520006180358, 50.937198706208108 ], [ 24.313045804147716, 50.963453484108705 ], [ 24.2717, 51.029999999000033 ], [ 24.2483, 51.0342 ], [ 24.28, 51.047499999000081 ], [ 24.2858, 51.095000001000074 ], [ 24.3258, 51.095799999000064 ], [ 24.3017, 51.1417 ], [ 24.2458, 51.130799999000033 ], [ 24.2458, 51.144200001000051 ], [ 24.175, 51.15829999900005 ], [ 24.1817, 51.1775 ], [ 24.1633, 51.205800001000057 ], [ 24.086451896551864, 51.2043107113848 ], [ 24.040175235200909, 51.226566000239032 ], [ 24.040810791370493, 51.257604359528223 ], [ 24.065, 51.283299999000057 ], [ 24.0958, 51.2842 ], [ 24.0933, 51.300799999000041 ], [ 23.9975, 51.305 ], [ 23.9475, 51.286699999000064 ], [ 23.8942, 51.296700001000012 ], [ 23.8475, 51.330800001000071 ], [ 23.7558, 51.311699999000027 ], [ 23.7283, 51.320800001000066 ], [ 23.7258, 51.3433 ], [ 23.7408, 51.4067 ], [ 23.7633, 51.407500001000074 ], [ 23.7825, 51.443299999000033 ], [ 23.855, 51.4625 ], [ 23.9592, 51.452500001000026 ], [ 23.9583, 51.4658 ], [ 23.9792, 51.4683 ], [ 23.9792, 51.491699999000041 ], [ 24.0083, 51.5 ], [ 24.0133, 51.5492 ], [ 24.0875, 51.560000001000027 ], [ 24.1, 51.5458 ], [ 24.2433, 51.5908 ], [ 24.2558, 51.574999999000056 ], [ 24.2908, 51.59249999900004 ], [ 24.2892, 51.619200001000074 ], [ 24.3317, 51.627499999000051 ], [ 24.3617, 51.654999999000033 ], [ 24.4008, 51.651699999000073 ], [ 24.4233, 51.678300001000089 ], [ 24.5267, 51.705 ], [ 24.5425, 51.7542 ], [ 24.5608, 51.755000001000049 ], [ 24.5525, 51.772500001000083 ], [ 24.5733, 51.7708 ], [ 24.585, 51.7983 ], [ 24.635, 51.7983 ] ], [ [ 24.635, 51.7983 ], [ 24.635, 51.797499999000067 ], [ 24.6358, 51.797499999000074 ], [ 24.6358, 51.7983 ], [ 24.635, 51.7983 ] ] ], [ [ [ 28.2867, 50.5408 ], [ 28.2867, 50.5417 ], [ 28.2875, 50.5417 ], [ 28.2875, 50.5408 ], [ 28.2867, 50.5408 ] ] ] ] } },
{ "type": "Feature", "properties": { "ID": 15, "Basin": "Басейн річок Причорномор'я", "Basin_eng": "Black Sea Littoral Rivers Basin", "Subbasin": null, "Subbasin_eng": null }, "geometry": { "type": "MultiPolygon", "coordinates": [ [ [ [ 33.325, 46.074999999000049 ], [ 33.32, 46.074999999000056 ], [ 33.32, 46.076700000000109 ], [ 33.3267, 46.0767 ], [ 33.325, 46.074999999000049 ] ] ], [ [ [ 33.1925, 46.089199999000094 ], [ 33.1958, 46.0833 ], [ 33.2125, 46.0733 ], [ 33.1933, 46.0825 ], [ 33.1925, 46.089199999000094 ] ] ], [ [ [ 33.0408, 46.1142 ], [ 33.0417, 46.112500001000072 ], [ 33.0367, 46.1117 ], [ 33.0367, 46.1142 ], [ 33.0408, 46.1142 ] ] ], [ [ [ 31.9725, 46.2042 ], [ 31.9725, 46.199200001000079 ], [ 31.9692, 46.198300000000103 ], [ 31.9692, 46.2042 ], [ 31.9725, 46.2042 ] ] ], [ [ [ 32.0317, 46.220000001000059 ], [ 32.035, 46.2192 ], [ 32.0358, 46.217499999000033 ], [ 32.0283, 46.217499999000069 ], [ 32.0317, 46.220000001000059 ] ] ], [ [ [ 31.83, 46.2708 ], [ 31.8308, 46.268300001000064 ], [ 31.8325, 46.2667 ], [ 31.8275, 46.269200001000051 ], [ 31.83, 46.2708 ] ] ], [ [ [ 31.7333, 46.276699999000058 ], [ 31.7392, 46.2733 ], [ 31.74, 46.2708 ], [ 31.7308, 46.2717 ], [ 31.7333, 46.276699999000058 ] ] ], [ [ [ 31.7583, 46.303300001000039 ], [ 31.7567, 46.3058 ], [ 31.76, 46.307499999000086 ], [ 31.76, 46.3058 ], [ 31.7583, 46.303300001000039 ] ] ], [ [ [ 31.7675, 46.314200001000096 ], [ 31.765, 46.314999999000072 ], [ 31.7742, 46.319200000000116 ], [ 31.7742, 46.3158 ], [ 31.7675, 46.314200001000096 ] ] ], [ [ [ 31.535, 46.369999999000086 ], [ 31.54, 46.2958 ], [ 31.5992, 46.25080000100008 ], [ 31.6775, 46.25 ], [ 31.6458, 46.234200001000069 ], [ 31.8442, 46.199200001000094 ], [ 32.0333, 46.177500000000101 ], [ 32.0408, 46.172499999000117 ], [ 31.8283, 46.199200001000072 ], [ 31.65, 46.230799999000055 ], [ 31.6067, 46.2433 ], [ 31.5208, 46.3058 ], [ 31.5125, 46.352499999000059 ], [ 31.535, 46.369999999000086 ] ] ], [ [ [ 32.0342, 46.3917 ], [ 32.035, 46.385800000000103 ], [ 32.0267, 46.385 ], [ 32.0292, 46.3917 ], [ 32.0367, 46.395 ], [ 32.0342, 46.3917 ] ] ], [ [ [ 32.0433, 46.3958 ], [ 32.0392, 46.3967 ], [ 32.0475, 46.400800001000043 ], [ 32.0475, 46.3983 ], [ 32.0433, 46.3958 ] ] ], [ [ [ 31.7317, 46.425000001000043 ], [ 31.765, 46.380799999000011 ], [ 31.7767, 46.373299999000082 ], [ 31.7575, 46.3783 ], [ 31.7317, 46.425000001000043 ] ] ], [ [ [ 31.7233, 46.43 ], [ 31.7275, 46.4275 ], [ 31.7275, 46.425799999000041 ], [ 31.7208, 46.428300001000053 ], [ 31.7233, 46.43 ] ] ], [ [ [ 29.644978949163377, 45.52146564844363 ], [ 29.596700000105042, 45.536699999005833 ], [ 29.585800000169918, 45.59420000032987 ], [ 29.604199999730309, 45.635000000449779 ], [ 29.573300000194905, 45.660800001319046 ], [ 29.577499999625456, 45.732500000075056 ], [ 29.536700000404718, 45.767499999825183 ], [ 29.536700000404718, 45.815799999570416 ], [ 29.500799999620323, 45.856699998905988 ], [ 29.511699999555525, 45.866699998706103 ], [ 29.490799999820197, 45.90080000101932 ], [ 29.428299999945125, 45.935000000749483 ], [ 29.426699999905125, 45.961699999955236 ], [ 29.405000000149954, 45.973300000694586 ], [ 29.30829999964541, 45.970799998721091 ], [ 29.25080000012003, 46.011700000754665 ], [ 29.200000000199964, 46.127499998925892 ], [ 29.025799999670433, 46.260800000120028 ], [ 28.97829999994509, 46.279200000579657 ], [ 28.97080000031988, 46.294928671021481 ], [ 28.985267509188265, 46.318278757658653 ], [ 29.003228665670548, 46.317439659612724 ], [ 28.93079091706722, 46.457712006603913 ], [ 29.025366809730556, 46.462264252493341 ], [ 29.023234078290152, 46.48010659864071 ], [ 28.976628260086237, 46.478949887027809 ], [ 28.981247410139943, 46.489017370155672 ], [ 29.033380156768899, 46.490721387582013 ], [ 29.062843452463497, 46.512564801324686 ], [ 29.163413447072958, 46.515387812797499 ], [ 29.161791673547, 46.544446374900311 ], [ 29.235760117735424, 46.55826053709422 ], [ 29.360458804407294, 46.545734111901275 ], [ 29.436716011814291, 46.619639423745745 ], [ 29.495733583755921, 46.614003641591083 ], [ 29.525317848004377, 46.588793725341567 ], [ 29.572516578142018, 46.569701615847094 ], [ 29.599201154181038, 46.575472905462057 ], [ 29.679179437209985, 46.535546570502689 ], [ 29.81719492089368, 46.532635013356867 ], [ 29.982066575167526, 46.402644994211798 ], [ 30.0125, 46.341700001000085 ], [ 30.0383, 46.3375 ], [ 30.1025, 46.285 ], [ 30.0992, 46.250800001000094 ], [ 30.1408, 46.193299999000011 ], [ 30.2267, 46.169199999000064 ], [ 30.2558, 46.1458 ], [ 30.2767, 46.164999999000045 ], [ 30.3017, 46.161699999000071 ], [ 30.3342, 46.1358 ], [ 30.3458, 46.1 ], [ 30.384200000000106, 46.1042 ], [ 30.3992, 46.064999999000072 ], [ 30.4225, 46.0525 ], [ 30.223163438615391, 45.866841199713924 ], [ 29.750626169162501, 45.601238736778349 ], [ 29.644978949163377, 45.52146564844363 ] ] ], [ [ [ 31.415, 46.595799999000086 ], [ 31.4117, 46.5942 ], [ 31.4067, 46.602499999000045 ], [ 31.4108, 46.6033 ], [ 31.415, 46.595799999000086 ] ] ], [ [ [ 31.5117, 46.578299999000095 ], [ 31.5592, 46.535800001000055 ], [ 31.6175, 46.5308 ], [ 31.62, 46.511700001000094 ], [ 31.6858, 46.505000001000049 ], [ 31.7392, 46.525 ], [ 31.7858, 46.498299999000054 ], [ 31.8242, 46.505799999000025 ], [ 31.8442, 46.4933 ], [ 31.8958, 46.509199999000018 ], [ 32.0167, 46.460000001000068 ], [ 32.0975, 46.473300001000048 ], [ 32.0883, 46.445 ], [ 32.1158, 46.43 ], [ 32.165, 46.4342 ], [ 32.1817, 46.46330000100005 ], [ 32.2475, 46.470000001000088 ], [ 32.3242, 46.408299999000036 ], [ 32.36, 46.411699999000092 ], [ 32.3692, 46.3958 ], [ 32.3542, 46.3817 ], [ 32.4083, 46.4067 ], [ 32.48, 46.393300001000064 ], [ 32.51, 46.365800001000046 ], [ 32.5508, 46.386700001000044 ], [ 32.5725, 46.3533 ], [ 32.6033, 46.3542 ], [ 32.6067, 46.3292000000001 ], [ 32.6517, 46.3267 ], [ 32.6475, 46.310799999000032 ], [ 32.6817, 46.330800001000057 ], [ 32.71, 46.300000001000029 ], [ 32.7417, 46.31580000000011 ], [ 32.8217, 46.279200001000049 ], [ 32.8625, 46.2817 ], [ 32.9467, 46.348300001000034 ], [ 32.9833, 46.327500001000047 ], [ 33.0, 46.355799999000034 ], [ 33.1258, 46.3675 ], [ 33.1558, 46.400800001000107 ], [ 33.2458, 46.4275 ], [ 33.261700000000104, 46.4375 ], [ 33.2483, 46.44669999900006 ], [ 33.2567, 46.467499999000061 ], [ 33.3242, 46.5042 ], [ 33.35, 46.5558 ], [ 33.4542, 46.613299999000077 ], [ 33.485, 46.6567 ], [ 33.48, 46.681700001000067 ], [ 33.5433, 46.7117 ], [ 33.5775, 46.764200000000102 ], [ 33.6375, 46.748299999000068 ], [ 33.6525, 46.724199999000064 ], [ 33.6342, 46.7817 ], [ 33.6467, 46.806700001000102 ], [ 33.705, 46.82 ], [ 33.7342, 46.851700000000115 ], [ 33.795, 46.8542 ], [ 33.820800000000112, 46.9033 ], [ 33.9717, 46.99 ], [ 34.0083, 47.0492 ], [ 34.065799999958834, 47.042499999996963 ], [ 34.090799999952615, 47.015799998996492 ], [ 34.0358, 47.0075 ], [ 33.990799999977568, 46.961699999969483 ], [ 33.999999999950099, 46.919199998947761 ], [ 33.9667, 46.9067 ], [ 33.9667, 46.8708 ], [ 33.9417, 46.8517 ], [ 33.9575, 46.8358 ], [ 33.9558, 46.8058 ], [ 33.925799999971332, 46.776699999050791 ], [ 33.9342, 46.7325 ], [ 33.914999999993846, 46.715799999946405 ], [ 33.914999999993853, 46.694199999991362 ], [ 33.950799999965135, 46.664199999953901 ], [ 33.9542, 46.6142 ], [ 34.0492, 46.564200001000096 ], [ 34.05, 46.543299999000062 ], [ 34.0625, 46.555 ], [ 34.082499999996983, 46.547499998953377 ], [ 34.089999999950109, 46.518300001005635 ], [ 34.0475, 46.521700000000109 ], [ 34.004999999993814, 46.4800000000251 ], [ 33.974199999953896, 46.479200000022587 ], [ 33.989999999975097, 46.458300000055679 ], [ 33.9725, 46.444200000000109 ], [ 33.912499999971985, 46.436699999000773 ], [ 33.8825, 46.4125 ], [ 33.8392, 46.422499999000109 ], [ 33.784199999978824, 46.390799999040183 ], [ 33.729999999950152, 46.392500000046937 ], [ 33.7108, 46.375 ], [ 33.7133, 46.350000000000101 ], [ 33.6867, 46.3333 ], [ 33.6008, 46.320800001000087 ], [ 33.5833, 46.3367 ], [ 33.549199999947604, 46.298300000005661 ], [ 33.474199999966352, 46.277500000053131 ], [ 33.472499999946955, 46.233299999999417 ], [ 33.5075, 46.2358 ], [ 33.541699999994435, 46.21250000004693 ], [ 33.539999999975144, 46.185799999046367 ], [ 33.5967, 46.181700001000074 ], [ 33.641300000000108, 46.1424 ], [ 33.6158, 46.135 ], [ 33.585, 46.1592 ], [ 33.5458, 46.136700001000072 ], [ 33.5433, 46.1208 ], [ 33.510800000000103, 46.1217 ], [ 33.5167, 46.099199999000071 ], [ 33.5675, 46.0767 ], [ 33.4975, 46.0758 ], [ 33.4925, 46.053300001000039 ], [ 33.5158, 46.029200001000021 ], [ 33.4658, 46.050000001000079 ], [ 33.4225, 46.029999999000069 ], [ 33.3325, 46.1142 ], [ 33.3133, 46.1042 ], [ 33.3158, 46.0758 ], [ 33.285, 46.0767 ], [ 33.28, 46.0967 ], [ 33.3058, 46.0942 ], [ 33.3117, 46.116699999000062 ], [ 33.2842, 46.133300001000094 ], [ 33.2208, 46.133300001000087 ], [ 33.2125, 46.105799999000055 ], [ 33.2017, 46.1083 ], [ 33.2092, 46.145 ], [ 33.2275, 46.154200001000042 ], [ 33.205, 46.1742 ], [ 33.2158, 46.202500001000054 ], [ 33.1883, 46.193299999000082 ], [ 33.1967, 46.1733 ], [ 33.185, 46.1558 ], [ 33.1375, 46.125 ], [ 33.04, 46.1567 ], [ 33.0225, 46.1525 ], [ 33.03, 46.137499999000056 ], [ 33.0158, 46.1175 ], [ 33.0275, 46.1108 ], [ 32.9083, 46.1042 ], [ 32.7683, 46.122500001000034 ], [ 32.5983, 46.0975 ], [ 32.5392, 46.071699999000053 ], [ 32.7833, 46.0317 ], [ 32.8658, 46.061699999000055 ], [ 32.88, 46.053300001000039 ], [ 32.8733, 46.0383 ], [ 32.8808, 46.050000001000065 ], [ 32.9142, 46.036699999000071 ], [ 32.9433, 46.047499999000081 ], [ 33.0817, 46.0167 ], [ 33.0325, 46.0067 ], [ 32.8733, 46.015799999000116 ], [ 32.5375, 46.0658 ], [ 32.0575, 46.1675 ], [ 32.0492, 46.173300000000118 ], [ 32.2275, 46.134199999000046 ], [ 32.2308, 46.17 ], [ 32.2475, 46.171700001000048 ], [ 32.22, 46.189999999000065 ], [ 32.1958, 46.175000001000072 ], [ 32.1575, 46.204200000000107 ], [ 32.1142, 46.2083 ], [ 32.0767, 46.249199999000076 ], [ 31.97, 46.2575 ], [ 31.9442, 46.289999999000038 ], [ 31.8833, 46.307499999000079 ], [ 31.8975, 46.3083 ], [ 31.8967, 46.3158 ], [ 31.8783, 46.307499999000072 ], [ 31.8975, 46.285 ], [ 31.875, 46.265000001000061 ], [ 31.7967, 46.276699999000108 ], [ 31.7792, 46.265000001000054 ], [ 31.775, 46.295 ], [ 31.7567, 46.2958 ], [ 31.785, 46.324200001000065 ], [ 31.9608, 46.3442 ], [ 32.0067, 46.359999999000088 ], [ 32.0242, 46.38419999900001 ], [ 32.0542, 46.38330000100008 ], [ 32.06, 46.397500001000054 ], [ 32.0242, 46.446699999000032 ], [ 31.951700000000102, 46.439200001000103 ], [ 31.7458, 46.488299999000056 ], [ 31.7, 46.4683 ], [ 31.7108, 46.438300001000108 ], [ 31.705, 46.4333 ], [ 31.5483, 46.5392 ], [ 31.5117, 46.578299999000095 ] ] ], [ [ [ 31.75419999993013, 46.941700000154881 ], [ 31.718300000022627, 46.865800001034685 ], [ 31.736699999605399, 46.804199998631219 ], [ 31.666700000052561, 46.784999999975078 ], [ 31.645000000174999, 46.703299998848074 ], [ 31.62080000021, 46.699999999200301 ], [ 31.620800000209986, 46.673300000097541 ], [ 31.553300000097483, 46.643300000897362 ], [ 31.54749999982511, 46.616699999005803 ], [ 31.515000000124942, 46.629199999940163 ], [ 31.374366172524049, 46.623607066996811 ], [ 31.349459278554381, 46.600270784969176 ], [ 31.166782035264074, 46.626669422241726 ], [ 30.830910246174888, 46.549353545208994 ], [ 30.795984906631592, 46.558220691724728 ], [ 30.751166611780789, 46.544670848696882 ], [ 30.731183435167416, 46.506844390056663 ], [ 30.7602102727014, 46.496368157768423 ], [ 30.773289374670313, 46.446628079824293 ], [ 30.752200582294634, 46.375259474463874 ], [ 30.681326312359541, 46.325288928041687 ], [ 30.558380058825403, 46.156192492678365 ], [ 30.526650119453453, 46.132936238049069 ], [ 30.5092, 46.1767 ], [ 30.4425, 46.217499999000026 ], [ 30.4633, 46.2917 ], [ 30.4167, 46.3442 ], [ 30.3467, 46.365800001000039 ], [ 30.3133, 46.445 ], [ 30.2767, 46.481699999000078 ], [ 30.26, 46.526699999000066 ], [ 30.2258, 46.5458 ], [ 30.1875, 46.636700001000094 ], [ 30.1525, 46.6767 ], [ 30.1192, 46.7433 ], [ 30.1292, 46.7667 ], [ 30.0933, 46.813300001000094 ], [ 30.0992, 46.8342 ], [ 30.05, 46.875800001000123 ], [ 30.0325, 46.9242 ], [ 30.0525, 47.021700000000109 ], [ 30.045, 47.064200001000088 ], [ 30.0175, 47.0975 ], [ 29.9775, 47.112500001000086 ], [ 29.9733, 47.135 ], [ 29.9417, 47.16 ], [ 29.9267, 47.205800001000057 ], [ 29.9575, 47.2458 ], [ 29.9475, 47.275800001000093 ], [ 29.9192, 47.310799999000096 ], [ 29.8608, 47.3433 ], [ 29.8525, 47.384199999000032 ], [ 29.8042, 47.435799999000025 ], [ 29.7642, 47.45580000100005 ], [ 29.7592, 47.5 ], [ 29.7392, 47.509199999000032 ], [ 29.745, 47.529200001000078 ], [ 29.7017, 47.595000001000081 ], [ 29.575, 47.654200001000063 ], [ 29.5208, 47.7608 ], [ 29.5167, 47.827500001000054 ], [ 29.489199999868227, 47.865800000921723 ], [ 29.514999999750234, 47.850799999820204 ], [ 29.53750000042486, 47.863299998896046 ], [ 29.535800000269809, 47.880799999220578 ], [ 29.556700000005165, 47.883300001194264 ], [ 29.645799999870057, 47.868300000144991 ], [ 29.656699999805248, 47.88829999974525 ], [ 29.808300000444792, 47.860799999620326 ], [ 29.839199999980071, 47.84 ], [ 29.861699999755224, 47.848300001444073 ], [ 29.902499999875168, 47.827500000924452 ], [ 29.957500000124913, 47.84 ], [ 30.022500000175068, 47.804199999330542 ], [ 30.104999999650428, 47.8325000003748 ], [ 30.098300000044972, 47.858300000344791 ], [ 30.111700000155079, 47.870800000319868 ], [ 30.139200000279928, 47.84749999962532 ], [ 30.1542000004298, 47.858300000344848 ], [ 30.190000000199973, 47.810000000599672 ], [ 30.217500000324872, 47.816700000204889 ], [ 30.247499999725285, 47.807499998626227 ], [ 30.254200000229897, 47.789200000079965 ], [ 30.339999999900183, 47.775800000869502 ], [ 30.372500000374849, 47.695800000669649 ], [ 30.436700000404766, 47.660800000919508 ], [ 30.479199999780349, 47.604999999750312 ], [ 30.511700000254802, 47.605799998870964 ], [ 30.525000000249854, 47.562500000374868 ], [ 30.550800000219844, 47.54329999899592 ], [ 30.606699999705377, 47.537500000424863 ], [ 30.657499999625454, 47.489999999800325 ], [ 30.698299999745302, 47.474199998731038 ], [ 30.771699999555402, 47.469200000180059 ], [ 30.774999999750282, 47.447500000424725 ], [ 30.810800000419814, 47.461699999655416 ], [ 30.850799999620346, 47.432499999375629 ], [ 30.889999999700269, 47.427499999925104 ], [ 30.935000000149973, 47.399199999780137 ], [ 30.979199999680429, 47.344200000429737 ], [ 31.034199999930202, 47.339199999180764 ], [ 31.039200000279948, 47.319199999580356 ], [ 31.054200000429674, 47.326700000104985 ], [ 31.049200000079942, 47.340000000099977 ], [ 31.091700000354876, 47.346699999705194 ], [ 31.140800000120066, 47.302500000174916 ], [ 31.18919999998014, 47.289999999300548 ], [ 31.270800000219996, 47.290800000219932 ], [ 31.278299999845242, 47.31249999997511 ], [ 31.305799999970137, 47.305000000349821 ], [ 31.340799999720282, 47.325799999970172 ], [ 31.442499999675238, 47.301700000154995 ], [ 31.463300000194952, 47.322499999775232 ], [ 31.482499999775211, 47.298299999845227 ], [ 31.551700000155055, 47.279999998601248 ], [ 31.585799999770359, 47.292500000374773 ], [ 31.619200000379877, 47.274200000030028 ], [ 31.61580000007012, 47.259199998980932 ], [ 31.565800000169865, 47.221699999955121 ], [ 31.550000000000182, 47.169199998980773 ], [ 31.636699999805284, 47.093299999895237 ], [ 31.634999999650429, 47.066699999905232 ], [ 31.702499999875208, 46.98250000027496 ], [ 31.706700000204947, 46.955800001069299 ], [ 31.75419999993013, 46.941700000154881 ] ] ] ] } },
{ "type": "Feature", "properties": { "ID": 8, "Basin": "Басейн річки Дністер",  "Basin_eng": "Dniester River Basin", "Subbasin": null, "Subbasin_eng": null }, "geometry": { "type": "Polygon", "coordinates": [ [ [ 23.561699999755323, 50.061699998955902 ], [ 23.59750000000011, 50.0733 ], [ 23.650799999620453, 50.045000000449811 ], [ 23.705799999870262, 50.049199999880237 ], [ 23.7625, 49.9949999990001 ], [ 23.84833614093559, 49.989200000140279 ], [ 23.87, 49.939166666000091 ], [ 23.911666666000045, 49.92166666700011 ], [ 23.920833333000093, 49.884166667000024 ], [ 23.984199999630455, 49.882499999875286 ], [ 23.9767, 49.8642 ], [ 24.011699999755354, 49.837500000324852 ], [ 23.99, 49.821699999255721 ], [ 24.0075, 49.804199999000048 ], [ 24.0725, 49.81580000000011 ], [ 24.11, 49.769200001000073 ], [ 24.1342, 49.77250000100009 ], [ 24.183299999994993, 49.724199998731159 ], [ 24.1975, 49.730799999000062 ], [ 24.242499999675381, 49.689999999000833 ], [ 24.293299999595433, 49.670800000319907 ], [ 24.3308, 49.669199999000064 ], [ 24.359999999800216, 49.698300000444817 ], [ 24.397499999725255, 49.697500000424796 ], [ 24.415, 49.68 ], [ 24.463299999795229, 49.689200000779543 ], [ 24.4708, 49.7125 ], [ 24.5042, 49.711700000000107 ], [ 24.5358, 49.74 ], [ 24.592499999875272, 49.73 ], [ 24.651699999555458, 49.768300000844476 ], [ 24.725000000000104, 49.7567 ], [ 24.755, 49.7733 ], [ 24.750800000000105, 49.785800001000013 ], [ 24.805, 49.800799999000041 ], [ 24.8958, 49.7675 ], [ 24.9425, 49.7675 ], [ 24.9583, 49.7467 ], [ 25.003299999795228, 49.755000000849464 ], [ 25.0242, 49.731699999000071 ], [ 25.052499999675433, 49.729199999980111 ], [ 25.0708, 49.745800000000109 ], [ 25.0633, 49.783299999000086 ], [ 25.0983, 49.7892 ], [ 25.085, 49.8225 ], [ 25.120799999920031, 49.810799999320594 ], [ 25.156699999805255, 49.828299998745941 ], [ 25.0975, 49.8817 ], [ 25.0092, 49.9092 ], [ 25.028299999745233, 49.946699999005894 ], [ 25.0592, 49.9508 ], [ 25.2783, 49.9233 ], [ 25.338299999845248, 49.943299998696148 ], [ 25.453299999795203, 49.901699998556175 ], [ 25.464199999730234, 49.858299999945103 ], [ 25.492499999875143, 49.846700000104946 ], [ 25.5075, 49.827500001000026 ], [ 25.5, 49.810000001000034 ], [ 25.529999999800353, 49.788300000444785 ], [ 25.618299999645455, 49.794199999130626 ], [ 25.6533, 49.77580000100005 ], [ 25.6542, 49.7983 ], [ 25.7517, 49.818299999000033 ], [ 25.83, 49.7883 ], [ 25.8183, 49.7608 ], [ 25.8417, 49.7392 ], [ 25.994999999950043, 49.703299998995817 ], [ 26.0625, 49.7283 ], [ 26.13419999983023, 49.710000001299221 ], [ 26.11999999970039, 49.732500000174994 ], [ 26.1417, 49.755000001000042 ], [ 26.3083, 49.7292 ], [ 26.336699999605351, 49.718300000045097 ], [ 26.3167, 49.695800001000059 ], [ 26.351699999755244, 49.684200000429783 ], [ 26.350799999620396, 49.651699999055786 ], [ 26.3975, 49.651699999000073 ], [ 26.476700000404719, 49.609999998800973 ], [ 26.47670000040473, 49.585799999770337 ], [ 26.46420000042977, 49.583299999595461 ], [ 26.460000000099974, 49.573299999795339 ], [ 26.538300000144954, 49.524200000030142 ], [ 26.534999999950251, 49.505799998671137 ], [ 26.471700000054984, 49.493299999595493 ], [ 26.472500000075012, 49.485799999970226 ], [ 26.521699999955214, 49.466700001403957 ], [ 26.590800000219893, 49.467499998726055 ], [ 26.604200000329907, 49.444999999850097 ], [ 26.594199999630419, 49.423300000094983 ], [ 26.650799999920256, 49.399200000279798 ], [ 26.735799999570432, 49.399200000279798 ], [ 26.771700000354834, 49.356699999105885 ], [ 26.832500000075008, 49.3417000007545 ], [ 26.872500000174977, 49.304199999030914 ], [ 26.894999999950091, 49.313300001394119 ], [ 26.920799999920135, 49.299199999580317 ], [ 26.920799999920135, 49.260000000399756 ], [ 26.94499999985015, 49.249199998781094 ], [ 27.095000000449666, 49.219200000279876 ], [ 27.10919999968036, 49.19829999964535 ], [ 27.173299999595432, 49.207500000324849 ], [ 27.188299999745297, 49.191700000154988 ], [ 27.213299999695398, 49.204200000129951 ], [ 27.217500000025108, 49.167500000224955 ], [ 27.27999999990017, 49.157500001324202 ], [ 27.254999999950165, 49.134199998830944 ], [ 27.264199999730316, 49.118300000344895 ], [ 27.230800000020107, 49.106699998706006 ], [ 27.30920000017996, 49.063300000994268 ], [ 27.443299999595368, 49.04920000008007 ], [ 27.483299999695252, 49.060799999020851 ], [ 27.55580000026983, 49.031699999755311 ], [ 27.586699999805251, 49.042499999575455 ], [ 27.689999999800254, 49.021699999955153 ], [ 27.776699999605359, 49.045799999770367 ], [ 27.831699999855193, 49.031699999755318 ], [ 27.865000000349838, 49.044999999750338 ], [ 28.011699999855296, 49.031699999755276 ], [ 28.057500000324769, 49.044999999750324 ], [ 28.155799999970238, 49.012499999275704 ], [ 28.164999999750304, 48.988299999345656 ], [ 28.206700000005146, 48.972500000075094 ], [ 28.209200000179983, 48.944999999950049 ], [ 28.262500000274937, 48.904999998950949 ], [ 28.399199999980073, 48.866699999005924 ], [ 28.409999999800224, 48.835000001249178 ], [ 28.461699999855298, 48.816700000005042 ], [ 28.519200000279998, 48.744999998551108 ], [ 28.489199999980197, 48.72670000000506 ], [ 28.495800000369801, 48.717499999325618 ], [ 28.59670000030491, 48.695800001369172 ], [ 28.742499999675321, 48.589199999380519 ], [ 28.744199999830215, 48.574200001029411 ], [ 28.721700000055094, 48.57080000071953 ], [ 28.728300000444868, 48.544999999850226 ], [ 28.766699999605379, 48.519999999900264 ], [ 28.774200000130012, 48.493299999795354 ], [ 28.840800000219918, 48.454999999850102 ], [ 28.832499999675299, 48.392499999975072 ], [ 28.869999999600335, 48.383300001094319 ], [ 28.959199999580512, 48.296700001404098 ], [ 28.93579999967028, 48.272500000574659 ], [ 28.948299999645332, 48.23329999959536 ], [ 28.989999999900089, 48.205000000349855 ], [ 29.018300000045034, 48.20420000032982 ], [ 29.030800000020022, 48.164999999350606 ], [ 29.082500000075115, 48.143300001393968 ], [ 29.197500000025116, 48.010800000219852 ], [ 29.278300000244947, 47.967499999025854 ], [ 29.322499999775225, 47.892500000074968 ], [ 29.458300000244886, 47.862500000674579 ], [ 29.488299999645271, 47.869200001179216 ], [ 29.5167, 47.827500001000054 ], [ 29.5208, 47.7608 ], [ 29.575, 47.654200001000063 ], [ 29.7017, 47.595000001000081 ], [ 29.745, 47.529200001000078 ], [ 29.7392, 47.509199999000032 ], [ 29.7592, 47.5 ], [ 29.7642, 47.45580000100005 ], [ 29.8042, 47.435799999000025 ], [ 29.8525, 47.384199999000032 ], [ 29.8608, 47.3433 ], [ 29.9192, 47.310799999000096 ], [ 29.9475, 47.275800001000093 ], [ 29.9575, 47.2458 ], [ 29.9267, 47.205800001000057 ], [ 29.9417, 47.16 ], [ 29.9733, 47.135 ], [ 29.9775, 47.112500001000086 ], [ 30.0175, 47.0975 ], [ 30.045, 47.064200001000088 ], [ 30.0525, 47.021700000000109 ], [ 30.0325, 46.9242 ], [ 30.05, 46.875800001000123 ], [ 30.0992, 46.8342 ], [ 30.0933, 46.813300001000094 ], [ 30.1292, 46.7667 ], [ 30.1192, 46.7433 ], [ 30.2208, 46.5767 ], [ 30.2258, 46.5458 ], [ 30.26, 46.526699999000066 ], [ 30.3467, 46.365800001000039 ], [ 30.4167, 46.3442 ], [ 30.4633, 46.2917 ], [ 30.4425, 46.217499999000026 ], [ 30.4817, 46.2042 ], [ 30.5308, 46.14000000100004 ], [ 30.4242, 46.0425 ], [ 30.384200000000106, 46.1042 ], [ 30.3458, 46.1 ], [ 30.3342, 46.1358 ], [ 30.3017, 46.161699999000071 ], [ 30.2767, 46.164999999000045 ], [ 30.2558, 46.1458 ], [ 30.2267, 46.169199999000064 ], [ 30.1408, 46.193299999000011 ], [ 30.0992, 46.250800001000094 ], [ 30.1025, 46.285 ], [ 30.0383, 46.3375 ], [ 30.0125, 46.341700001000085 ], [ 29.982066575167526, 46.402644994211798 ], [ 29.81719492089368, 46.532635013356867 ], [ 29.679179437209985, 46.535546570502689 ], [ 29.599201154181038, 46.575472905462057 ], [ 29.572516578142018, 46.569701615847094 ], [ 29.525317848004377, 46.588793725341567 ], [ 29.495733583755921, 46.614003641591083 ], [ 29.448422874019368, 46.620003900112096 ], [ 29.396247473543859, 46.590391425573294 ], [ 29.360458804407294, 46.545734111901275 ], [ 29.241537281910535, 46.551831487377328 ], [ 29.205357201890131, 46.590000558513239 ], [ 29.149084927605671, 46.58547493757694 ], [ 29.08370250207766, 46.63548012873207 ], [ 28.764338701044284, 46.754345043361702 ], [ 28.705344213823871, 46.802194996526637 ], [ 28.70080947426073, 46.853320468235694 ], [ 28.677933595634961, 46.87857171629912 ], [ 28.568373396950676, 46.931577866750331 ], [ 28.482050805791886, 47.029546600673008 ], [ 28.406726731026488, 47.080638504273317 ], [ 28.346321859305316, 47.084412616413765 ], [ 28.208657616440163, 47.127223108117235 ], [ 28.132429351852913, 47.193642393785765 ], [ 28.051563886591666, 47.229342940630019 ], [ 28.023545295677671, 47.28471001889941 ], [ 27.997628058353108, 47.297880154017683 ], [ 27.993411748118834, 47.390654317574317 ], [ 27.903728244460261, 47.494263996481862 ], [ 27.879684790382477, 47.580864256550598 ], [ 27.775195268604016, 47.633346061425179 ], [ 27.741491664199735, 47.680303272416751 ], [ 27.703651993122406, 47.685708836869068 ], [ 27.680065017702571, 47.7318727294927 ], [ 27.702270032964709, 47.762749986747693 ], [ 27.668937863046299, 47.782033086472211 ], [ 27.654037006563588, 47.819269015026386 ], [ 27.602768724722999, 47.841735994649071 ], [ 27.591955967992881, 47.870140511653744 ], [ 27.509305817682954, 47.926212925747208 ], [ 27.509868809536769, 47.977541126982132 ], [ 27.485499965604749, 48.014923970832989 ], [ 27.433181136329953, 48.031669820123994 ], [ 27.505548157787899, 48.06159221972591 ], [ 27.431967301687521, 48.128617950575979 ], [ 27.485698508530284, 48.125620062835964 ], [ 27.511234864903813, 48.160425078661284 ], [ 27.487890344863139, 48.200345540006296 ], [ 27.495107323861198, 48.232716760965367 ], [ 27.512203354233566, 48.238200235984877 ], [ 27.491855245650754, 48.288836338453827 ], [ 27.504995348660973, 48.393934260402744 ], [ 27.466320372490831, 48.410419041050282 ], [ 27.382851006169066, 48.410918832238529 ], [ 27.37420000022993, 48.455800000769486 ], [ 27.320800000020075, 48.465799999670423 ], [ 27.288300000444803, 48.519200000779378 ], [ 27.273300000294924, 48.496700000105079 ], [ 27.220800000219977, 48.509199999180723 ], [ 27.189199999880195, 48.500000000299977 ], [ 27.180800000120108, 48.483299999995033 ], [ 27.152499999975202, 48.480799998920929 ], [ 27.149199999780308, 48.462500000374746 ], [ 27.045799999670244, 48.471700000155074 ], [ 27.003300000294821, 48.497500001024271 ], [ 26.994199999730402, 48.472500000175025 ], [ 26.891699999755218, 48.500000000299984 ], [ 26.879199999780209, 48.49249999977534 ], [ 26.890799999620366, 48.468299999845179 ], [ 26.875800000369868, 48.464999999650459 ], [ 26.91000000010002, 48.445000000049973 ], [ 26.912500000274875, 48.410000000299839 ], [ 26.852499999675327, 48.417499999925127 ], [ 26.8383000004448, 48.437500000424727 ], [ 26.808300000145042, 48.44250000077448 ], [ 26.814999999750292, 48.417499999925127 ], [ 26.7623683668068, 48.405694797277121 ], [ 26.705000000150079, 48.435799999370658 ], [ 26.677500000025127, 48.407500001024289 ], [ 26.651700000055094, 48.406700000105126 ], [ 26.655800000269785, 48.371700000354814 ], [ 26.490000000399736, 48.445000000049959 ], [ 26.446700000104986, 48.451699999655425 ], [ 26.438300000344856, 48.435000001149206 ], [ 26.387500000424794, 48.428300000644548 ], [ 26.333300000195006, 48.464999999650459 ], [ 26.301699999855217, 48.431700000954322 ], [ 26.25420000013003, 48.451699999655432 ], [ 26.213299999895259, 48.433300000094988 ], [ 26.143300000394735, 48.477499998726067 ], [ 26.153300000195014, 48.450800000419768 ], [ 26.071699999955019, 48.452500000574624 ], [ 26.043299999695421, 48.476699999605458 ], [ 25.963300000394781, 48.439999998801049 ], [ 25.911699999555378, 48.521700000055063 ], [ 25.830000000100043, 48.540800000419715 ], [ 25.783300000394835, 48.592499998676097 ], [ 25.732499999575424, 48.610799999920232 ], [ 25.581699999855228, 48.637499999125779 ], [ 25.588300000244853, 48.621699999855167 ], [ 25.565799999570533, 48.610799999920225 ], [ 25.57830000044471, 48.605000000449856 ], [ 25.573300000094957, 48.595799998870994 ], [ 25.489199999680434, 48.631699999655318 ], [ 25.478299999745246, 48.655800000369865 ], [ 25.388299999745275, 48.713300000794575 ], [ 25.334999999650346, 48.695000000449774 ], [ 25.342500000174933, 48.673299999795283 ], [ 25.313299999895207, 48.675799999070776 ], [ 25.348299999645345, 48.648299999845229 ], [ 25.340800000020092, 48.607499999725349 ], [ 25.253300000195029, 48.638300000045106 ], [ 25.230800000419645, 48.662499999975111 ], [ 25.239200000179974, 48.682499998676022 ], [ 25.195799999770312, 48.685799998870891 ], [ 25.187500000125056, 48.715800000070118 ], [ 25.03170000005515, 48.751700000854505 ], [ 25.014199999730202, 48.742500000174978 ], [ 25.027499999725219, 48.719200000379821 ], [ 25.015799999770223, 48.701700000055055 ], [ 24.966700000005005, 48.714199999130742 ], [ 24.988299999645296, 48.670799999620385 ], [ 24.969200000179914, 48.650800000919318 ], [ 24.79419999963034, 48.622500000774629 ], [ 24.699200000179982, 48.635799999870279 ], [ 24.679199999680364, 48.630000001299237 ], [ 24.68580000007011, 48.61580000116912 ], [ 24.66000000010008, 48.595000000649677 ], [ 24.640799999620487, 48.602499999375588 ], [ 24.57749999972539, 48.567500001423973 ], [ 24.469200000279841, 48.552500000374877 ], [ 24.44330000019497, 48.500000000299956 ], [ 24.481700000254815, 48.470000000899383 ], [ 24.460799999620352, 48.438300001344103 ], [ 24.486699999705216, 48.412499999575374 ], [ 24.48080000012002, 48.39830000034479 ], [ 24.461699999755183, 48.387499998726135 ], [ 24.43579999967028, 48.400800001419071 ], [ 24.371699999755229, 48.397500001224152 ], [ 24.344999999650341, 48.381700000154936 ], [ 24.284999999950127, 48.401699998855968 ], [ 24.28920000027987, 48.380799999120704 ], [ 24.254999999650348, 48.349999999700231 ], [ 24.179199999780288, 48.36499999985017 ], [ 24.14920000037991, 48.388299999645312 ], [ 24.145000000050135, 48.435000001149199 ], [ 24.126699999705366, 48.452500000574638 ], [ 24.139999999700372, 48.481699999055834 ], [ 24.114999999750342, 48.497500001024342 ], [ 24.124999999550475, 48.534200000030168 ], [ 24.03420000042971, 48.501700001354038 ], [ 24.000799999820181, 48.506699999905287 ], [ 23.966700000204895, 48.458300000044964 ], [ 23.924999999950103, 48.464199998731068 ], [ 23.908299999645351, 48.484999999250746 ], [ 23.928300000144986, 48.553300001294097 ], [ 23.844999999750275, 48.560000000899336 ], [ 23.793299999695364, 48.591700001354006 ], [ 23.790000000399811, 48.641700000354852 ], [ 23.704999999850262, 48.634199998930846 ], [ 23.638299999645444, 48.684199999730268 ], [ 23.63250000017484, 48.705800001169273 ], [ 23.512499999875129, 48.735799999670348 ], [ 23.488299999945081, 48.722499999675343 ], [ 23.396699999905135, 48.733300000394834 ], [ 23.362500000175004, 48.771699999555395 ], [ 23.325800000269968, 48.753299999995086 ], [ 23.28750000032489, 48.77669999900592 ], [ 23.201699999755327, 48.759199998681147 ], [ 23.17080000022003, 48.816700000005078 ], [ 23.099999999800357, 48.864199999730374 ], [ 23.019199999580476, 48.847500000324835 ], [ 23.006699999605484, 48.830800000919481 ], [ 22.985799999870153, 48.836699999605266 ], [ 22.971699999855133, 48.875000000449745 ], [ 22.899200000179938, 48.904200000729482 ], [ 22.872500000075043, 48.942500000674592 ], [ 22.878300000444753, 48.960000000999322 ], [ 22.91999999980024, 48.970799999020862 ], [ 22.900800000219945, 49.00080000111921 ], [ 22.915, 49.018300001000043 ], [ 22.906699999805198, 49.052500000274975 ], [ 22.8875, 49.06829999900004 ], [ 22.907499999825191, 49.099199999080788 ], [ 22.8492, 49.1383 ], [ 22.89, 49.1708 ], [ 22.7407999998203, 49.255799999170662 ], [ 22.744867453570233, 49.363077169076362 ], [ 22.700346767489421, 49.488492143897375 ], [ 22.643751599000041, 49.525 ], [ 22.678299999945015, 49.538300000045147 ], [ 22.7858, 49.529200001000042 ], [ 22.869199999880152, 49.542500000374915 ], [ 22.8967, 49.619999999000079 ], [ 22.98, 49.6217 ], [ 23.0142, 49.657500001000081 ], [ 23.188299999645448, 49.64580000036991 ], [ 23.2108, 49.705800001000043 ], [ 23.2733, 49.689999999000058 ], [ 23.2842, 49.6658 ], [ 23.380799999620372, 49.620800000419891 ], [ 23.547499999625487, 49.609200000579676 ], [ 23.553299999995048, 49.650800000719642 ], [ 23.524199999830138, 49.664199999930133 ], [ 23.5283, 49.6875 ], [ 23.573299999595278, 49.71830000004509 ], [ 23.668299999945031, 49.718300000045083 ], [ 23.664999999750311, 49.750800001419144 ], [ 23.6175, 49.7717 ], [ 23.625799999670225, 49.792499999875155 ], [ 23.585, 49.803300001000075 ], [ 23.5708, 49.83 ], [ 23.611699999655425, 49.8383000012442 ], [ 23.624999999650424, 49.856699999005897 ], [ 23.5958, 49.8917 ], [ 23.613299999695418, 49.984999998950912 ], [ 23.585, 50.01579999900008 ], [ 23.5917, 50.0392 ], [ 23.561699999755323, 50.061699998955902 ] ] ] } },
{ "type": "Feature", "properties": { "ID": 5, "Basin": "Басейн річки Дніпро", "Basin_eng": "Dnipro River Basin", "Subbasin": "Суббасейн Верхнього Дніпра", "Subbasin_eng": "Upper Dnipro Subbasin" }, "geometry": { "type": "MultiPolygon", "coordinates": [ [ [ [ 30.617321050223893, 51.326851187651229 ], [ 30.58463710017309, 51.333298905790237 ], [ 30.552673541863136, 51.315858766197579 ], [ 30.469355174025743, 51.349575095713092 ], [ 30.481725653305975, 51.385329596916087 ], [ 30.507399585838179, 51.389913378484565 ], [ 30.501138219493445, 51.425102739946432 ], [ 30.523225202452327, 51.459906204317321 ], [ 30.588943276912087, 51.454870478796394 ], [ 30.623035091765352, 51.467737888937776 ], [ 30.594473689765369, 51.475260737937766 ], [ 30.567816493765342, 51.513374232937778 ], [ 30.581412699765327, 51.549080421937774 ], [ 30.54611343176537, 51.543662624937774 ], [ 30.527383321765328, 51.571019559937746 ], [ 30.554023041765326, 51.578094481937775 ], [ 30.50637902676532, 51.597706023937739 ], [ 30.558170682765351, 51.624290081937758 ], [ 30.545571550765366, 51.639912500937768 ], [ 30.572456877201063, 51.656688859048742 ], [ 30.540374278960485, 51.665038000692505 ], [ 30.52207303677444, 51.686375971417803 ], [ 30.531663096526064, 51.69190621210911 ], [ 30.509588185646386, 51.697588039484415 ], [ 30.556449313112427, 51.70922898469928 ], [ 30.51014804629434, 51.723421361677758 ], [ 30.515339556683298, 51.737056780368178 ], [ 30.48223490872391, 51.738811008549796 ], [ 30.499574055028418, 51.783446513721408 ], [ 30.528011911421654, 51.795114395203179 ], [ 30.454721361747708, 51.805435846915266 ], [ 30.435022962060604, 51.826320488724619 ], [ 30.382003271690397, 51.839496867917084 ], [ 30.39299868915008, 51.855316112597706 ], [ 30.366788229802285, 51.862109588212931 ], [ 30.39639535879558, 51.888180476769115 ], [ 30.481100170047693, 51.877729504273312 ], [ 30.48072852491708, 51.908050892870499 ], [ 30.535305827113657, 51.915764723339969 ], [ 30.523263021884244, 51.929856585495678 ], [ 30.540841966637537, 51.947848835194556 ], [ 30.525379754661856, 51.951623177813644 ], [ 30.504831049292399, 51.999141660590375 ], [ 30.578694319268621, 52.045356709501995 ], [ 30.556526263949895, 52.073997580865402 ], [ 30.575747247153629, 52.095951411069464 ], [ 30.548634732795158, 52.145145557584272 ], [ 30.441629486162483, 52.140822440125909 ], [ 30.34151179448428, 52.169354736450515 ], [ 30.33798898792881, 52.156596195543429 ], [ 30.236382925385026, 52.124288397599635 ], [ 30.050506451829971, 52.131473971660839 ], [ 29.999984359156063, 52.063010583790629 ], [ 29.974557318048035, 52.067629730517368 ], [ 29.905868107910109, 52.125788335774175 ], [ 29.940163948640485, 52.203094188076761 ], [ 29.832336389990108, 52.211773960556066 ], [ 29.823947585777145, 52.194092109471868 ], [ 29.787323830239863, 52.189147283294993 ], [ 29.764769349690699, 52.211915417673602 ], [ 29.697346433976382, 52.224538254354925 ], [ 29.690263259786263, 52.233232665553224 ], [ 29.710313970847636, 52.244992325645512 ], [ 29.670583958064913, 52.28109634636553 ], [ 29.567586636745975, 52.321292937414839 ], [ 29.499561564759592, 52.372654688275368 ], [ 29.480321451432165, 52.401397784218354 ], [ 29.506594407917074, 52.464101440338297 ], [ 29.473113159247216, 52.468047461204229 ], [ 29.510305222934232, 52.509171175609985 ], [ 29.515104994996516, 52.571235377825701 ], [ 29.491592012936234, 52.621922830074617 ], [ 29.417100539641829, 52.659216374317943 ], [ 29.409785061392636, 52.695555953679303 ], [ 29.300723877122159, 52.735019341609245 ], [ 29.189609322562394, 52.739731572368719 ], [ 29.143681508210847, 52.795726071152409 ], [ 29.009356764888754, 52.847114388775715 ], [ 29.054394435936576, 52.896386467094743 ], [ 29.026434747892718, 52.928064883652048 ], [ 29.022241999643338, 52.967783228609939 ], [ 29.036238913324663, 52.981757287246261 ], [ 28.996944600479416, 52.97582687929394 ], [ 28.899365560501554, 53.003461613661365 ], [ 28.922879363813706, 53.036389998090712 ], [ 28.913328728634614, 53.057885900974483 ], [ 28.84914909279583, 53.078473384350595 ], [ 28.835919196918766, 53.117706603491385 ], [ 28.804557261788975, 53.113638761633702 ], [ 28.799826354931731, 53.13966153650945 ], [ 28.818174586080474, 53.159415326582348 ], [ 28.792501625741128, 53.169710307772768 ], [ 28.820775904262057, 53.186190517978197 ], [ 28.806857539015876, 53.19953667953321 ], [ 28.685079455894332, 53.202099493163949 ], [ 28.688496887278223, 53.173561760298604 ], [ 28.588665007389913, 53.208610885899674 ], [ 28.497549576829169, 53.185263537099729 ], [ 28.467364902877762, 53.21656965098839 ], [ 28.475293925725868, 53.227249885054412 ], [ 28.44873263939099, 53.229201797740494 ], [ 28.459523406803189, 53.243946232954933 ], [ 28.382597920973598, 53.274757203973486 ], [ 28.373881459233356, 53.294352361477486 ], [ 28.312905448099833, 53.289989676658699 ], [ 28.289079423842608, 53.270432479592067 ], [ 28.24871335519434, 53.275087840385233 ], [ 28.113957593069056, 53.363460083955943 ], [ 28.016724136345303, 53.375247877513345 ], [ 27.957654290087071, 53.445918893169299 ], [ 27.881326312043988, 53.593598117386108 ], [ 27.737685383593167, 53.705995614715931 ], [ 27.664201644387624, 53.742285979899478 ], [ 27.616486839041645, 53.737179772931057 ], [ 27.537619095726892, 53.757991058893708 ], [ 27.307294812923978, 53.894666528866537 ], [ 27.162939648396733, 53.890043627215185 ], [ 27.181956134519652, 53.984275332726355 ], [ 27.160054101721183, 54.026229972236138 ], [ 27.211943430294721, 54.025972079939912 ], [ 27.254553527717739, 54.051890743828295 ], [ 27.386638138119768, 54.058702884273288 ], [ 27.389374746804144, 54.108229000075561 ], [ 27.557148128611598, 54.164795245835684 ], [ 27.646778868206461, 54.224875041487763 ], [ 27.665196620705998, 54.272864924150291 ], [ 27.776593498750596, 54.306611042290818 ], [ 27.945030975149177, 54.294939839342426 ], [ 27.951145542137755, 54.330153364786625 ], [ 28.009137418859005, 54.376405277761734 ], [ 27.944116851372293, 54.425850813987687 ], [ 27.937242314167673, 54.466067710835354 ], [ 27.896481537594003, 54.533154217792813 ], [ 27.889197244997536, 54.651760878032647 ], [ 27.835751306504754, 54.688095376334644 ], [ 27.721614175233753, 54.703112686237468 ], [ 27.6750800114466, 54.727455452941349 ], [ 27.691262625079883, 54.790586701421425 ], [ 27.742978399446265, 54.855262200242251 ], [ 27.704548890560368, 54.969416925803991 ], [ 27.70036439056318, 55.026505151123885 ], [ 27.714706381738292, 55.045148226885701 ], [ 27.874669451358738, 55.021121381444232 ], [ 28.187446287685496, 55.083458177331515 ], [ 28.244373704884367, 55.085699251168322 ], [ 28.277521810147846, 55.070909434370705 ], [ 28.352289528582396, 54.986950155048916 ], [ 28.530141041665321, 54.926733550855509 ], [ 28.537976249519488, 54.87620746026731 ], [ 28.502508714818674, 54.804141047444659 ], [ 28.505336063649096, 54.73863582257642 ], [ 28.621532018320327, 54.671499165332705 ], [ 28.665723855753114, 54.590118612580156 ], [ 28.895001261659214, 54.567897470274445 ], [ 28.935491087076546, 54.528106277162948 ], [ 28.952836425849725, 54.453443104466103 ], [ 29.047096430569962, 54.391614361876854 ], [ 29.094580278292646, 54.390589355331663 ], [ 29.192094924869018, 54.408498937125934 ], [ 29.31851039387222, 54.523026018440248 ], [ 29.443769172242888, 54.569859788361121 ], [ 29.506362108271826, 54.575543096247323 ], [ 29.573014465283258, 54.559447789331564 ], [ 29.671269876867402, 54.480538507432193 ], [ 29.691100755522307, 54.481083532512301 ], [ 29.777752943775184, 54.544505296291682 ], [ 29.914535821063176, 54.578290856230915 ], [ 29.959800430361671, 54.654012381387709 ], [ 30.003616861200499, 54.676319930775463 ], [ 30.209621044843672, 54.697313515920442 ], [ 30.382077326227737, 54.742302966073808 ], [ 30.771099108977026, 54.739154109806471 ], [ 30.789315046400986, 54.792191860064484 ], [ 30.769477411332538, 54.869599100428154 ], [ 30.801374068920687, 54.897817903261483 ], [ 31.09838767288166, 54.984450560796489 ], [ 31.173589992566807, 54.97724863863656 ], [ 31.19183946130601, 54.944102945515525 ], [ 31.344068440967682, 54.988686585536669 ], [ 31.49658885274771, 54.974601806716535 ], [ 31.677171175190573, 54.884806265809189 ], [ 32.127210589300176, 54.94927586610283 ], [ 32.179386209507193, 54.963775871937735 ], [ 32.182292421582872, 54.985642963365336 ], [ 32.14562591452561, 55.02844333129508 ], [ 32.150143766404547, 55.079237797351261 ], [ 32.127425577952792, 55.145261120462763 ], [ 32.022802662131198, 55.202940509602435 ], [ 32.005988145986841, 55.246498656740947 ], [ 32.02130512074784, 55.263971414566257 ], [ 32.110934516022219, 55.281363260002337 ], [ 32.172702100161111, 55.234249012073683 ], [ 32.223329826229062, 55.232654080448832 ], [ 32.311956701367407, 55.309005240697587 ], [ 32.349126257123736, 55.446708984820432 ], [ 32.396000078778485, 55.486142542044703 ], [ 32.482894115929639, 55.503887976539239 ], [ 32.644766921673806, 55.504464411695082 ], [ 32.678375948472841, 55.547604567019896 ], [ 32.744204325468949, 55.532339781062852 ], [ 32.891097394879097, 55.667480422048101 ], [ 32.969512554617552, 55.691296595759269 ], [ 33.260376563814795, 55.644123239149415 ], [ 33.38662037715919, 55.658567610810231 ], [ 33.484120636016947, 55.731464929772635 ], [ 33.548888177647264, 55.803150267110738 ], [ 33.695059986055306, 55.87629596348058 ], [ 33.804520562210755, 55.864064644558759 ], [ 33.932590196348094, 55.773211772806896 ], [ 34.018230168555782, 55.735266854136398 ], [ 34.016494609494664, 55.668460020385481 ], [ 33.945836337717871, 55.472413659938454 ], [ 33.981480750145622, 55.359046318385495 ], [ 34.060212122061877, 55.350678187344549 ], [ 34.248468006983551, 55.384241122787707 ], [ 34.329316675128105, 55.371822588973593 ], [ 34.410861327620786, 55.316931831311237 ], [ 34.432230100616138, 55.284553774149295 ], [ 34.506018146982981, 55.270813996368666 ], [ 34.516240167071203, 55.2436982438713 ], [ 34.487580403881033, 55.199068896975945 ], [ 34.491486390563395, 55.123193519395258 ], [ 34.459353251532328, 55.103019140386692 ], [ 34.237837970630672, 55.115752889209567 ], [ 34.124929847038004, 55.087288936466656 ], [ 34.089531477512296, 55.021424674738256 ], [ 34.15290935784784, 54.969433229752873 ], [ 34.160842568413933, 54.934657419699292 ], [ 33.934616926334265, 54.900622378501154 ], [ 33.891230115327595, 54.854681992202224 ], [ 33.733617298193678, 54.761918671426081 ], [ 33.385710889684233, 54.635006604206282 ], [ 33.36921309771607, 54.591662763263074 ], [ 33.345816712872107, 54.607862465662883 ], [ 33.225117457385871, 54.626517888938778 ], [ 33.218627880312596, 54.640419893274327 ], [ 33.190722184573339, 54.62007994357436 ], [ 33.154110640626293, 54.637158656570122 ], [ 33.161341592701071, 54.610041097662567 ], [ 33.137346755471121, 54.590803681637333 ], [ 33.079101285005187, 54.595112422123563 ], [ 33.074112790421268, 54.610125909641241 ], [ 33.045171301202551, 54.615741024609264 ], [ 32.997306906095034, 54.57945576400374 ], [ 32.945604685493791, 54.595350079192691 ], [ 32.867373866125028, 54.566837114008628 ], [ 32.831113745552031, 54.571048633150134 ], [ 32.838137944558355, 54.549998792293117 ], [ 32.825829964125191, 54.544156735398083 ], [ 32.872865088312935, 54.536822076375358 ], [ 32.865974887088903, 54.52314834343958 ], [ 32.920739674554504, 54.485110089526941 ], [ 32.917696887819751, 54.467408935018085 ], [ 32.825058033643785, 54.454316015337426 ], [ 32.807062371215039, 54.438157675928245 ], [ 32.880660687622559, 54.373728623800183 ], [ 32.883413558979505, 54.350206709115454 ], [ 32.903751074891574, 54.345743753334268 ], [ 32.876227476381885, 54.316592813628887 ], [ 32.967823855425664, 54.307018049051443 ], [ 32.973962670875061, 54.293128676769498 ], [ 33.026807974774677, 54.279909762708023 ], [ 33.026411916916736, 54.259297511214022 ], [ 33.067690207757281, 54.227690609618151 ], [ 33.116252801886205, 54.227205454741664 ], [ 33.108539226940842, 54.202119122369368 ], [ 33.143669596919857, 54.194016553297651 ], [ 33.113422598848764, 54.171195669832052 ], [ 33.14232330003091, 54.135764816051804 ], [ 33.132786825764711, 54.136447868593692 ], [ 33.123610914375156, 54.130184171333525 ], [ 33.138093517337957, 54.125911429611193 ], [ 33.140611270392007, 54.080873744374323 ], [ 33.159604012804152, 54.065390269866619 ], [ 33.145075178363534, 54.049724796250153 ], [ 33.15979488078559, 54.015873641032407 ], [ 33.263458169322732, 53.984323057478257 ], [ 33.280061807094043, 53.965912675371314 ], [ 33.25521744187823, 53.942217688708183 ], [ 33.256915357180418, 53.909501203946334 ], [ 33.230282905949053, 53.897007789435243 ], [ 33.237308057291088, 53.864729137653811 ], [ 33.373069447233192, 53.785288890594785 ], [ 33.329425521847341, 53.768387656429688 ], [ 33.336776184018717, 53.741703187892277 ], [ 33.324671057609642, 53.740392181241916 ], [ 33.353530580166243, 53.711405651914284 ], [ 33.309972700783177, 53.694721051708633 ], [ 33.293529589141208, 53.664737068430412 ], [ 33.304014228117339, 53.653731432191869 ], [ 33.266195015679585, 53.637688347273198 ], [ 33.268664854919145, 53.611018250238409 ], [ 33.244489083480389, 53.600538661540064 ], [ 33.290780305355312, 53.594161084932836 ], [ 33.291785208647497, 53.576008668566487 ], [ 33.334610403250068, 53.564020608046071 ], [ 33.376784193157647, 53.566135955878877 ], [ 33.367946326782615, 53.545324461722522 ], [ 33.400171213538407, 53.531552331691287 ], [ 33.400722458017583, 53.510263182852803 ], [ 33.423113269862277, 53.49382835915948 ], [ 33.427055186860045, 53.474767671428879 ], [ 33.410447433855872, 53.466310868500685 ], [ 33.42187711470266, 53.444983511242867 ], [ 33.489783490956235, 53.442483611015192 ], [ 33.479277428394134, 53.409362215906299 ], [ 33.514373398119361, 53.396443516525053 ], [ 33.478729152084519, 53.360514396867195 ], [ 33.496856459056616, 53.340944998630384 ], [ 33.464876339025409, 53.326732458100828 ], [ 33.500045210509093, 53.325469828725858 ], [ 33.504553855160779, 53.295199278957298 ], [ 33.42260725057659, 53.291484224165409 ], [ 33.397824544510677, 53.240477752160722 ], [ 33.361135657147855, 53.230734700370128 ], [ 33.385816064290907, 53.19278643545951 ], [ 33.31295716283902, 53.17910656661617 ], [ 33.309816582592653, 53.157378092388988 ], [ 33.190104970814971, 53.148889824604659 ], [ 33.159814838147717, 53.122491693114114 ], [ 33.148637921957004, 53.12205798929395 ], [ 33.141975594099137, 53.135063356583835 ], [ 33.122617781187415, 53.141583468575185 ], [ 33.13896931780576, 53.127223746432975 ], [ 33.122907959007897, 53.112675521413443 ], [ 33.078943764215104, 53.103076880319222 ], [ 33.085613060801506, 53.08648950379753 ], [ 33.045411646344867, 53.083150254596873 ], [ 33.130081434540585, 53.021462217140375 ], [ 33.057961755708689, 53.005832611361427 ], [ 33.095068264026317, 52.985640168356483 ], [ 33.083890452737549, 52.966152232747525 ], [ 33.095760889275113, 52.96300591377927 ], [ 33.016322805835763, 52.926291444423946 ], [ 33.018542120656441, 52.91306933580281 ], [ 32.993704324835342, 52.912622419284915 ], [ 32.95632835840204, 52.847177493776364 ], [ 32.804271147329551, 52.747970675096781 ], [ 32.758490520358023, 52.745421144590999 ], [ 32.74198380837835, 52.726561517752479 ], [ 32.723477864957289, 52.734363518736089 ], [ 32.646664920093706, 52.691131012309327 ], [ 32.604588688755491, 52.694359763203558 ], [ 32.602892864244311, 52.677994188742623 ], [ 32.524665689010916, 52.683309040306632 ], [ 32.470925564555969, 52.675013423802497 ], [ 32.46928853211228, 52.657973732866488 ], [ 32.289647078235859, 52.644706924195496 ], [ 32.289106454879082, 52.632601568008567 ], [ 32.25309996980944, 52.627225434548372 ], [ 32.272944761782107, 52.60762682723545 ], [ 32.225573696371761, 52.559141624718251 ], [ 32.164728319089122, 52.587415030442003 ], [ 32.127334168263538, 52.58042185921672 ], [ 32.156311296223549, 52.565840097330934 ], [ 32.148598510551999, 52.546286599233305 ], [ 32.118528723272121, 52.560858359834086 ], [ 32.061221708380195, 52.557952520940418 ], [ 32.037382710475292, 52.521453544814435 ], [ 32.060770628210648, 52.492953912296223 ], [ 32.03631095922205, 52.469672568093905 ], [ 32.005342906304669, 52.475915815938869 ], [ 31.886815325294801, 52.431155155594631 ], [ 31.85936329024479, 52.400860311525648 ], [ 31.803990420886727, 52.388882391902271 ], [ 31.808292314684191, 52.365167960516281 ], [ 31.837025465568981, 52.358506168195923 ], [ 31.841177632970826, 52.339719929694041 ], [ 31.812733869159089, 52.308731319074553 ], [ 31.853775273646043, 52.291206113099072 ], [ 31.846063291134442, 52.264459081073426 ], [ 31.809069689204421, 52.268126141088359 ], [ 31.768654577524487, 52.250004801901717 ], [ 31.760021191777444, 52.232207612257504 ], [ 31.78966080908193, 52.21615328808064 ], [ 31.743200651612259, 52.2073745094416 ], [ 31.647469814425474, 52.236126669393258 ], [ 31.63933462617906, 52.215636409260199 ], [ 31.66344890913058, 52.202463585867996 ], [ 31.612402485587186, 52.201650163248729 ], [ 31.5950430664554, 52.185306480635923 ], [ 31.618463029259033, 52.159134250062642 ], [ 31.57569738245407, 52.128814320767376 ], [ 31.589305979466605, 52.113063619929797 ], [ 31.581875370161125, 52.094818655112626 ], [ 31.641183809724261, 52.083189281951768 ], [ 31.667499112765363, 52.098955684980162 ], [ 31.625807470797831, 52.062613724328358 ], [ 31.531741133969479, 52.069996857897998 ], [ 31.438602784026063, 52.03943579527818 ], [ 31.439977859124802, 52.020819391937771 ], [ 31.334781614444498, 52.016270995938591 ], [ 31.316716082057219, 51.99427104407394 ], [ 31.269999112765323, 52.000819392937771 ], [ 31.263032170850014, 51.983404297192536 ], [ 31.290764545079796, 51.970136500544022 ], [ 31.265479849147038, 51.938832700255858 ], [ 31.288434722654369, 51.936030511716062 ], [ 31.279291578112456, 51.919085197907421 ], [ 31.300283338762412, 51.900784985167434 ], [ 31.29341366269707, 51.890822476360235 ], [ 31.320174714768921, 51.892104251974359 ], [ 31.272263315167468, 51.866080132662198 ], [ 31.282610900071973, 51.841573798046866 ], [ 31.174571482719124, 51.837480542100764 ], [ 31.169801105636751, 51.821266403041598 ], [ 31.136699112765363, 51.812900588755092 ], [ 31.057201647457955, 51.832013215757229 ], [ 31.040799112765335, 51.789219391937749 ], [ 31.099199112765337, 51.770819391937771 ], [ 31.073790211827461, 51.756964812207869 ], [ 30.946895257731583, 51.775216097677678 ], [ 30.947471451006777, 51.762519390937747 ], [ 30.820217563417618, 51.756793668778791 ], [ 30.839065305722524, 51.740328338168936 ], [ 30.800351847066104, 51.734453668887319 ], [ 30.823492112855877, 51.718743653300685 ], [ 30.808988902749761, 51.712645276397616 ], [ 30.814604788422397, 51.693470240707654 ], [ 30.884666524531095, 51.683992517473236 ], [ 30.840085256222594, 51.665918910984452 ], [ 30.844209636594506, 51.647387553834022 ], [ 30.793565292167528, 51.651378602240776 ], [ 30.78826177914274, 51.627066799763696 ], [ 30.745653573655868, 51.629170529781327 ], [ 30.739406180346705, 51.617168430239595 ], [ 30.845222638549831, 51.595619696532765 ], [ 30.907635876008165, 51.608182540652336 ], [ 30.901143503484786, 51.592822183469821 ], [ 30.959199112765354, 51.564254318522707 ], [ 30.942352520800291, 51.541093380701909 ], [ 30.970262376314224, 51.52790455247677 ], [ 30.936317711665243, 51.523501018882705 ], [ 30.958135828697309, 51.501719392937765 ], [ 30.945800382892205, 51.488470562868777 ], [ 30.967499112765374, 51.474949311034514 ], [ 30.925195337420508, 51.436096453190601 ], [ 30.945734967283467, 51.433992252450793 ], [ 30.939199112765369, 51.393523717815029 ], [ 30.906762840231945, 51.368511933906653 ], [ 30.904574834538803, 51.32228945726586 ], [ 30.875663996210221, 51.328494229932517 ], [ 30.883055696117655, 51.313607210960086 ], [ 30.863066578096614, 51.306966626582401 ], [ 30.875807253889658, 51.294419483302761 ], [ 30.838604350732219, 51.279491648601443 ], [ 30.808242863681098, 51.284878585250809 ], [ 30.809999112765347, 51.318319390937731 ], [ 30.655799112765337, 51.339199999003661 ], [ 30.617321050223893, 51.326851187651229 ] ] ], [ [ [ 27.162939648396733, 53.890043627215185 ], [ 27.164275701937623, 53.887809336121407 ], [ 27.163786289660198, 53.887752832115382 ], [ 27.162939648396733, 53.890043627215185 ] ] ], [ [ [ 30.870961035396618, 51.31168751990127 ], [ 30.870717022348032, 51.311687519901277 ], [ 30.870711166319424, 51.311813984583239 ], [ 30.870961035396618, 51.31168751990127 ] ] ] ] } },
{ "type": "Feature", "properties": { "ID": 6, "Basin": "Басейн річки Дніпро", "Basin_eng": "Dnipro River Basin", "Subbasin": "Суббасейн річки Десна", "Subbasin_eng": "Desna River Basin" }, "geometry": { "type": "Polygon", "coordinates": [ [ [ 37.154666959390731, 51.544023096914543 ], [ 37.139517119681869, 51.523765625418882 ], [ 37.164931970893178, 51.502862139948938 ], [ 37.162055099158451, 51.477798554593797 ], [ 37.2200435414358, 51.480927084918399 ], [ 37.283172513061672, 51.433999767828105 ], [ 37.282471164479574, 51.403521336077382 ], [ 37.316778373459222, 51.40226043530901 ], [ 37.29637902235762, 51.383237312435405 ], [ 37.319942532373027, 51.371190527226666 ], [ 37.289381831944105, 51.354220913164788 ], [ 37.314517206289537, 51.33640029844554 ], [ 37.309970634556883, 51.285203627486332 ], [ 37.329937192080621, 51.268315988869226 ], [ 37.313391901371325, 51.248516602207992 ], [ 37.336498294904935, 51.227922769917548 ], [ 37.338407705045213, 51.201524406879727 ], [ 37.371639581616456, 51.19543469652308 ], [ 37.375914396655936, 51.183614860585777 ], [ 37.328649521736388, 51.163390692219181 ], [ 37.308917893799048, 51.123970593479108 ], [ 37.233688401391944, 51.117625696798065 ], [ 37.206800203089394, 51.082803698630244 ], [ 37.208709440126526, 51.050401691224089 ], [ 37.115358439359333, 51.011499563288972 ], [ 36.91963932788039, 51.051516118440844 ], [ 36.876332329350952, 51.031481112637785 ], [ 36.802087632424097, 51.050968536319225 ], [ 36.732712257023373, 51.032350780618579 ], [ 36.782822643114343, 51.110353637033384 ], [ 36.771161453425599, 51.133382087795553 ], [ 36.784248281419636, 51.149554765825989 ], [ 36.722787602018656, 51.147941514725687 ], [ 36.716483355391162, 51.175951251467076 ], [ 36.675539716739394, 51.177022220070803 ], [ 36.677321990771361, 51.19939246521156 ], [ 36.607828307531747, 51.191691180022801 ], [ 36.596326325804533, 51.204379953489266 ], [ 36.615397117683131, 51.23361801666303 ], [ 36.579882834505852, 51.236280819550494 ], [ 36.615652349065066, 51.259624119597355 ], [ 36.612875631844531, 51.301646137312147 ], [ 36.553897058852549, 51.311526244644305 ], [ 36.551204472320855, 51.332239332153904 ], [ 36.483462538048556, 51.340554922324387 ], [ 36.489688834625419, 51.365933812575747 ], [ 36.474843693706802, 51.378036445040991 ], [ 36.366783704352258, 51.38500676504178 ], [ 36.371541970539532, 51.361997049973596 ], [ 36.337285456854836, 51.309609317246412 ], [ 36.339975691843676, 51.282623369671029 ], [ 36.273525407533072, 51.268356697947681 ], [ 36.235399202298581, 51.300586731976367 ], [ 36.203824009476421, 51.294055906675702 ], [ 36.175508802785558, 51.313887906541481 ], [ 36.121313362526855, 51.306152683970431 ], [ 36.092909238889575, 51.325293903026648 ], [ 36.053864476052489, 51.303223768514265 ], [ 36.013619504024824, 51.316823980788129 ], [ 35.950142028166951, 51.303418453244468 ], [ 35.919839098260013, 51.316286583863409 ], [ 35.839974768610034, 51.309283162032877 ], [ 35.762452096383043, 51.358672502981861 ], [ 35.659042376982853, 51.360169922605742 ], [ 35.588840684243607, 51.417122307266965 ], [ 35.509108220347883, 51.427825350988513 ], [ 35.484923764114583, 51.411749853881304 ], [ 35.413365647696274, 51.421317103867089 ], [ 35.377575156504896, 51.408821207528817 ], [ 35.346703007530806, 51.42199875332598 ], [ 35.321424674532516, 51.468013991990503 ], [ 35.283391469176664, 51.461138548420607 ], [ 35.241045332347134, 51.475855798680861 ], [ 35.190212955589331, 51.403954562143127 ], [ 35.165722694865117, 51.401495373004629 ], [ 35.15675865356571, 51.370946492789514 ], [ 35.121241185929129, 51.361954925910467 ], [ 35.137438868887315, 51.332963810315448 ], [ 35.118437850113907, 51.316718892926225 ], [ 35.129636931541356, 51.295889914912991 ], [ 35.104470952216829, 51.285135414260246 ], [ 35.094248322822061, 51.233305795029281 ], [ 35.035, 51.19329999900004 ], [ 35.0367, 51.17 ], [ 35.003761422847447, 51.136001598363812 ], [ 34.9508, 51.102499999000088 ], [ 34.9192, 51.112500001000051 ], [ 34.9075, 51.099199999000064 ], [ 34.8492, 51.095000001000074 ], [ 34.8075, 51.1075 ], [ 34.6325, 51.099199999000064 ], [ 34.62, 51.07829999900008 ], [ 34.5917, 51.0758 ], [ 34.5958, 51.029200001000042 ], [ 34.559653829180057, 50.979096048879057 ], [ 34.485, 50.9967 ], [ 34.4983, 50.966700001000049 ], [ 34.4633, 50.9033 ], [ 34.44, 50.894200001000065 ], [ 34.4092, 50.90499999900004 ], [ 34.4025, 50.894200001000065 ], [ 34.2567, 50.8967 ], [ 34.2292, 50.929199999000055 ], [ 34.1633, 50.940036700906653 ], [ 34.1567, 50.9575 ], [ 34.1867, 50.981699999000057 ], [ 34.1808, 50.994200001000088 ], [ 34.0558, 51.036699999000049 ], [ 34.0875, 51.0583 ], [ 34.0875, 51.0967 ], [ 34.0542, 51.0975 ], [ 34.0408, 51.08 ], [ 33.9417, 51.08 ], [ 33.9025, 51.10669999900005 ], [ 33.8883, 51.095564839404183 ], [ 33.8183, 51.116699999000041 ], [ 33.7825, 51.147500001000083 ], [ 33.76, 51.14079999900008 ], [ 33.7558, 51.157500001000066 ], [ 33.668846764934415, 51.152604769917737 ], [ 33.662720377292295, 51.130752290758004 ], [ 33.618033439048972, 51.110816458416629 ], [ 33.6058, 51.144200001000051 ], [ 33.5233, 51.145 ], [ 33.5133, 51.130000001000028 ], [ 33.446524160098278, 51.142258070667488 ], [ 33.414695811118328, 51.125988763075313 ], [ 33.4542, 51.095000001000074 ], [ 33.4183, 51.08830000100005 ], [ 33.3325, 51.115800001000075 ], [ 33.2575, 51.113299999000056 ], [ 33.245996261321594, 51.095000001000074 ], [ 33.1875, 51.112500001000051 ], [ 33.134237093476102, 51.102673044853539 ], [ 32.9708, 51.154999999000033 ], [ 32.9258, 51.1467 ], [ 32.9075, 51.112500001000051 ], [ 32.85, 51.126700001000074 ], [ 32.8042, 51.106699999000057 ], [ 32.7492, 51.115 ], [ 32.7, 51.0858 ], [ 32.7358, 51.0558 ], [ 32.7333, 51.032500001000074 ], [ 32.844391636360058, 51.002666897762346 ], [ 32.895, 50.9617 ], [ 32.673080857913341, 50.962577990933333 ], [ 32.6083, 50.984999999000074 ], [ 32.5817, 50.9792 ], [ 32.5725, 50.9925 ], [ 32.4992, 50.974199999000064 ], [ 32.315043541448063, 51.004882102458637 ], [ 32.247274140579286, 51.032144419530226 ], [ 32.16039645543858, 51.002754765316318 ], [ 32.1383, 51.011700001000072 ], [ 32.130043315629457, 50.993093610067646 ], [ 32.15, 50.96749999900004 ], [ 32.111615309515436, 50.955936281862591 ], [ 32.1275, 50.932035094858357 ], [ 32.0667, 50.9142 ], [ 32.077303030646689, 50.896228679596831 ], [ 32.0567, 50.8533 ], [ 32.01, 50.876700001000067 ], [ 31.9225, 50.8583 ], [ 31.885, 50.779200001000042 ], [ 31.7417, 50.7892 ], [ 31.7067, 50.814200001000067 ], [ 31.7075, 50.8292 ], [ 31.6833, 50.830800001000043 ], [ 31.568551550006447, 50.798387778954883 ], [ 31.505700729506405, 50.746154201216576 ], [ 31.4783, 50.782500001000081 ], [ 31.4842, 50.8267 ], [ 31.4333, 50.859999999000074 ], [ 31.31, 50.852499999000074 ], [ 31.3092, 50.8675 ], [ 31.2642, 50.874199999000034 ], [ 31.2133, 50.8442 ], [ 31.1308, 50.848300001000034 ], [ 31.1367, 50.8608 ], [ 31.0675, 50.876700001000067 ], [ 31.0583, 50.865800001000082 ], [ 31.010954943121043, 50.880012687087543 ], [ 30.952356534739305, 50.874739198471012 ], [ 30.9492, 50.855 ], [ 30.901067034254353, 50.819277523610516 ], [ 30.935, 50.7958 ], [ 30.93, 50.782500001000074 ], [ 30.8642, 50.779999999000033 ], [ 30.8892, 50.7458 ], [ 30.8758, 50.7092 ], [ 30.8858, 50.685799999000032 ], [ 30.8667, 50.6742 ], [ 30.8592, 50.6283 ], [ 30.8242, 50.6392 ], [ 30.795, 50.6292 ], [ 30.7925, 50.612500001000051 ], [ 30.82, 50.595799999000057 ], [ 30.7792, 50.589199999000073 ], [ 30.785, 50.5658 ], [ 30.7325, 50.545 ], [ 30.6908, 50.555 ], [ 30.6683, 50.5242 ], [ 30.6092, 50.52 ], [ 30.5375, 50.543299999000048 ], [ 30.555, 50.5667 ], [ 30.5633, 50.6525 ], [ 30.5783, 50.661699999000056 ], [ 30.5617, 50.6742 ], [ 30.5633, 50.702908591733362 ], [ 30.592350150335346, 50.70713519159365 ], [ 30.5642, 50.7533 ], [ 30.608586458751386, 50.771561417251142 ], [ 30.640127420864356, 50.752130834850938 ], [ 30.658593271692563, 50.75395827580131 ], [ 30.6308, 50.7992 ], [ 30.6575, 50.8025 ], [ 30.6408, 50.848227349854078 ], [ 30.6625, 50.8575 ], [ 30.6033, 50.90080000100005 ], [ 30.6017, 50.9208 ], [ 30.6258, 50.93 ], [ 30.6142, 50.9483 ], [ 30.6317, 50.980553382242483 ], [ 30.673066756347538, 50.969110197943778 ], [ 30.7033, 50.99 ], [ 30.6942, 51.0175 ], [ 30.666981748601231, 51.025800001000043 ], [ 30.685, 51.085000001000076 ], [ 30.6592, 51.144779985275164 ], [ 30.675, 51.15 ], [ 30.6725, 51.1675 ], [ 30.699499035469973, 51.171112115006018 ], [ 30.6692, 51.186699999000041 ], [ 30.6708, 51.20580000100005 ], [ 30.7067, 51.2258 ], [ 30.7083, 51.2467 ], [ 30.7567, 51.244200001000088 ], [ 30.765, 51.259199999000032 ], [ 30.8108, 51.248299999000039 ], [ 30.8275, 51.2742 ], [ 30.808991955114639, 51.285789396292401 ], [ 30.838604350732219, 51.279491648601443 ], [ 30.875807253889658, 51.294419483302761 ], [ 30.863066578096614, 51.306966626582401 ], [ 30.883055696117655, 51.313607210960086 ], [ 30.875663996210221, 51.328494229932517 ], [ 30.904574834538803, 51.32228945726586 ], [ 30.906762840231945, 51.368511933906653 ], [ 30.939199112765369, 51.393523717815029 ], [ 30.945734967283467, 51.433992252450793 ], [ 30.925195337420508, 51.436096453190601 ], [ 30.967499112765374, 51.474949311034514 ], [ 30.945800382892205, 51.488470562868777 ], [ 30.958135828697309, 51.501719392937765 ], [ 30.936317711665243, 51.523501018882705 ], [ 30.959796916859233, 51.520819391937771 ], [ 30.970262376314224, 51.52790455247677 ], [ 30.942352520800291, 51.541093380701909 ], [ 30.959199112765354, 51.564254318522707 ], [ 30.901143503484786, 51.592822183469821 ], [ 30.908365674621642, 51.60797136843798 ], [ 30.845222638549831, 51.595619696532765 ], [ 30.739406180346705, 51.617168430239595 ], [ 30.745653573655868, 51.629170529781327 ], [ 30.78826177914274, 51.627066799763696 ], [ 30.793565292167528, 51.651378602240776 ], [ 30.844209636594506, 51.647387553834022 ], [ 30.840085256222594, 51.665918910984452 ], [ 30.884666524531095, 51.683992517473236 ], [ 30.814604788422397, 51.693470240707654 ], [ 30.808988902749761, 51.712645276397616 ], [ 30.823492112855877, 51.718743653300685 ], [ 30.800351847066104, 51.734453668887319 ], [ 30.839065305722524, 51.740328338168936 ], [ 30.820217563417618, 51.756793668778791 ], [ 30.947471451006777, 51.762519390937747 ], [ 30.946895257731583, 51.775216097677678 ], [ 31.073790211827461, 51.756964812207869 ], [ 31.099199112765337, 51.770819391937771 ], [ 31.040799112765335, 51.789219391937749 ], [ 31.057201647457955, 51.832013215757229 ], [ 31.136699112765363, 51.812900588755092 ], [ 31.169801105636751, 51.821266403041598 ], [ 31.174571482719124, 51.837480542100764 ], [ 31.282610900071973, 51.841573798046866 ], [ 31.272263315167468, 51.866080132662198 ], [ 31.320174714768921, 51.892104251974359 ], [ 31.29341366269707, 51.890822476360235 ], [ 31.300283338762412, 51.900784985167434 ], [ 31.279291578112456, 51.919085197907421 ], [ 31.288434722654369, 51.936030511716062 ], [ 31.265479849147038, 51.938832700255858 ], [ 31.290764545079796, 51.970136500544022 ], [ 31.263032170850014, 51.983404297192536 ], [ 31.269999112765323, 52.000819392937771 ], [ 31.316716082057219, 51.99427104407394 ], [ 31.334781614444498, 52.016270995938591 ], [ 31.439977859124802, 52.020819391937771 ], [ 31.438602784026063, 52.03943579527818 ], [ 31.531741133969479, 52.069996857897998 ], [ 31.625807470797831, 52.062613724328358 ], [ 31.667499112765363, 52.098955684980162 ], [ 31.641183809724261, 52.083189281951768 ], [ 31.581875370161125, 52.094818655112626 ], [ 31.589305979466605, 52.113063619929797 ], [ 31.57569738245407, 52.128814320767376 ], [ 31.618463029259033, 52.159134250062642 ], [ 31.5950430664554, 52.185306480635923 ], [ 31.612402485587186, 52.201650163248729 ], [ 31.66344890913058, 52.202463585867996 ], [ 31.63933462617906, 52.215636409260199 ], [ 31.647469814425474, 52.236126669393258 ], [ 31.743200651612259, 52.2073745094416 ], [ 31.78966080908193, 52.21615328808064 ], [ 31.760021191777444, 52.232207612257504 ], [ 31.768654577524487, 52.250004801901717 ], [ 31.809069689204421, 52.268126141088359 ], [ 31.846063291134442, 52.264459081073426 ], [ 31.853775273646043, 52.291206113099072 ], [ 31.812733869159089, 52.308731319074553 ], [ 31.841177632970826, 52.339719929694041 ], [ 31.837025465568981, 52.358506168195923 ], [ 31.808292314684191, 52.365167960516281 ], [ 31.803990420886727, 52.388882391902271 ], [ 31.85936329024479, 52.400860311525648 ], [ 31.886815325294801, 52.431155155594631 ], [ 32.005342906304669, 52.475915815938869 ], [ 32.03631095922205, 52.469672568093905 ], [ 32.060770628210648, 52.492953912296223 ], [ 32.037382710475292, 52.521453544814435 ], [ 32.061221708380195, 52.557952520940418 ], [ 32.118528723272121, 52.560858359834086 ], [ 32.148598510551999, 52.546286599233305 ], [ 32.156311296223549, 52.565840097330934 ], [ 32.127334168263538, 52.58042185921672 ], [ 32.164728319089122, 52.587415030442003 ], [ 32.225573696371761, 52.559141624718251 ], [ 32.272944761782107, 52.60762682723545 ], [ 32.25309996980944, 52.627225434548372 ], [ 32.289106454879082, 52.632601568008567 ], [ 32.289647078235859, 52.644706924195496 ], [ 32.46928853211228, 52.657973732866488 ], [ 32.470925564555969, 52.675013423802497 ], [ 32.524665689010916, 52.683309040306632 ], [ 32.602892864244311, 52.677994188742623 ], [ 32.604588688755491, 52.694359763203558 ], [ 32.646664920093706, 52.691131012309327 ], [ 32.723477864957289, 52.734363518736089 ], [ 32.74198380837835, 52.726561517752479 ], [ 32.758490520358023, 52.745421144590999 ], [ 32.804271147329551, 52.747970675096781 ], [ 32.95632835840204, 52.847177493776364 ], [ 32.993704324835342, 52.912622419284915 ], [ 33.018542120656441, 52.91306933580281 ], [ 33.016322805835763, 52.926291444423946 ], [ 33.095760889275113, 52.96300591377927 ], [ 33.083890452737549, 52.966152232747525 ], [ 33.095068264026317, 52.985640168356483 ], [ 33.08726887716039, 52.984973861782919 ], [ 33.079492356055198, 52.996632274687713 ], [ 33.063526814251084, 53.000675586581103 ], [ 33.059443479413993, 53.00269455222498 ], [ 33.057961755708689, 53.005832611361427 ], [ 33.130081434540585, 53.021462217140375 ], [ 33.045411646344867, 53.083150254596873 ], [ 33.085613060801506, 53.08648950379753 ], [ 33.078943764215104, 53.103076880319222 ], [ 33.122907959007897, 53.112675521413443 ], [ 33.13896931780576, 53.127223746432975 ], [ 33.122617781187415, 53.141583468575185 ], [ 33.159814838147717, 53.122491693114114 ], [ 33.190104970814971, 53.148889824604659 ], [ 33.309816582592653, 53.157378092388988 ], [ 33.31295716283902, 53.17910656661617 ], [ 33.385816064290907, 53.19278643545951 ], [ 33.361135657147855, 53.230734700370128 ], [ 33.397824544510677, 53.240477752160722 ], [ 33.42260725057659, 53.291484224165409 ], [ 33.504553855160779, 53.295199278957298 ], [ 33.500045210509093, 53.325469828725858 ], [ 33.464876339025409, 53.326732458100828 ], [ 33.496856459056616, 53.340944998630384 ], [ 33.478729152084519, 53.360514396867195 ], [ 33.514373398119361, 53.396443516525053 ], [ 33.479277428394134, 53.409362215906299 ], [ 33.489783490956235, 53.442483611015192 ], [ 33.42187711470266, 53.444983511242867 ], [ 33.410447433855872, 53.466310868500685 ], [ 33.427055186860045, 53.474767671428879 ], [ 33.423113269862277, 53.49382835915948 ], [ 33.400722458017583, 53.510263182852803 ], [ 33.400171213538407, 53.531552331691287 ], [ 33.367946326782615, 53.545324461722522 ], [ 33.376784193157647, 53.566135955878877 ], [ 33.334610403250068, 53.564020608046071 ], [ 33.291785208647497, 53.576008668566487 ], [ 33.290780305355312, 53.594161084932836 ], [ 33.244489083480389, 53.600538661540064 ], [ 33.268664854919145, 53.611018250238409 ], [ 33.266195015679585, 53.637688347273198 ], [ 33.304014228117339, 53.653731432191869 ], [ 33.293529589141208, 53.664737068430412 ], [ 33.309972700783177, 53.694721051708633 ], [ 33.353530580166243, 53.711405651914284 ], [ 33.324671057609642, 53.740392181241916 ], [ 33.336776184018717, 53.741703187892277 ], [ 33.329425521847341, 53.768387656429688 ], [ 33.373073422573647, 53.785737011384811 ], [ 33.240683699301073, 53.858448650595683 ], [ 33.230282905949053, 53.897007789435243 ], [ 33.256915357180418, 53.909501203946334 ], [ 33.25521744187823, 53.942217688708183 ], [ 33.280061807094043, 53.965912675371314 ], [ 33.263458169322732, 53.984323057478257 ], [ 33.15979488078559, 54.015873641032407 ], [ 33.145075178363534, 54.049724796250153 ], [ 33.159604012804152, 54.065390269866619 ], [ 33.140611270392007, 54.080873744374323 ], [ 33.138093517337957, 54.125911429611193 ], [ 33.123610914375156, 54.130184171333525 ], [ 33.14232330003091, 54.135764816051804 ], [ 33.113422598848764, 54.171195669832052 ], [ 33.143669596919857, 54.194016553297651 ], [ 33.11120589902449, 54.198979992505599 ], [ 33.105151022416948, 54.222286574687828 ], [ 33.117391702251538, 54.224291714582094 ], [ 33.104032720743639, 54.233714035373147 ], [ 33.067308179281525, 54.227914872332136 ], [ 33.009963838295889, 54.289994426795325 ], [ 32.878148191166801, 54.315026449592075 ], [ 32.871598886091903, 54.326221928682557 ], [ 32.902595844337313, 54.34775922593159 ], [ 32.883413558979505, 54.350206709115454 ], [ 32.880660687622559, 54.373728623800183 ], [ 32.807065529744982, 54.437485557131041 ], [ 32.825058033643785, 54.454316015337426 ], [ 32.879661158209913, 54.453038479024777 ], [ 32.890763635155182, 54.470972232434193 ], [ 32.920767824870893, 54.470547543926692 ], [ 32.918037626565805, 54.489365030796684 ], [ 32.865974887088903, 54.52314834343958 ], [ 32.872865088312935, 54.536822076375358 ], [ 32.825829964125191, 54.544156735398083 ], [ 32.838137944558355, 54.549998792293117 ], [ 32.831113745552031, 54.571048633150134 ], [ 32.867373866125028, 54.566837114008628 ], [ 32.945604685493791, 54.595350079192691 ], [ 32.997306906095034, 54.57945576400374 ], [ 33.045171301202551, 54.615741024609264 ], [ 33.074112790421268, 54.610125909641241 ], [ 33.079101285005187, 54.595112422123563 ], [ 33.137346755471121, 54.590803681637333 ], [ 33.161341592701071, 54.610041097662567 ], [ 33.154110640626293, 54.637158656570122 ], [ 33.190722184573339, 54.62007994357436 ], [ 33.222102939402198, 54.640189537237681 ], [ 33.225117457385871, 54.626517888938778 ], [ 33.372299390862864, 54.591653310697531 ], [ 33.317435561209905, 54.581279898276165 ], [ 33.298361576839774, 54.55735646422248 ], [ 33.316784037866938, 54.547003901493767 ], [ 33.303893763706462, 54.523736986762032 ], [ 33.311819741251597, 54.502433094628849 ], [ 33.386621954838027, 54.47443602661837 ], [ 33.357409503603996, 54.433078217988196 ], [ 33.305356087824656, 54.409920568210119 ], [ 33.326247586866756, 54.380516231263236 ], [ 33.364554613646064, 54.37211699895586 ], [ 33.458534178246062, 54.368884050564269 ], [ 33.494062252764259, 54.387787772283069 ], [ 33.551929355301631, 54.380367663068121 ], [ 33.552522452166279, 54.36737024777652 ], [ 33.568726401330672, 54.373792358918074 ], [ 33.579275336127381, 54.359851279800644 ], [ 33.610758943077293, 54.387477960430196 ], [ 33.661730233619849, 54.406029354167501 ], [ 33.684268268461715, 54.39873425188371 ], [ 33.721239011097985, 54.426749101911078 ], [ 33.765991097005099, 54.415719330509454 ], [ 33.764947638037327, 54.400938748948853 ], [ 33.831016541115709, 54.401846489938094 ], [ 33.859069990847949, 54.366026088164489 ], [ 33.92475896276779, 54.403629615403851 ], [ 33.973507678378525, 54.402574333818549 ], [ 34.04040624609641, 54.451084173100568 ], [ 34.071221459240341, 54.438491989053936 ], [ 34.082892326365759, 54.414638199637544 ], [ 34.153671985029341, 54.404348425890674 ], [ 34.162934997686044, 54.392384549468431 ], [ 34.147907443104266, 54.36295275261697 ], [ 34.176469324863241, 54.328620714097788 ], [ 34.253825889823254, 54.351144033332233 ], [ 34.265108032026987, 54.381274533953338 ], [ 34.308937666346743, 54.383496020319484 ], [ 34.321742769813888, 54.399713016847443 ], [ 34.297374546273993, 54.430673538897089 ], [ 34.343491654003891, 54.454143914831533 ], [ 34.42877017802968, 54.451597166445467 ], [ 34.461219877866348, 54.423425092698182 ], [ 34.611051139873673, 54.461851909719158 ], [ 34.620121965435374, 54.448062405664992 ], [ 34.606294757584827, 54.438612069444183 ], [ 34.626630773893503, 54.437667731243124 ], [ 34.625250578569634, 54.422225461511857 ], [ 34.71288706319833, 54.404432833802673 ], [ 34.703501217510457, 54.391121164022316 ], [ 34.753525458774284, 54.366652782811677 ], [ 34.731622279257984, 54.347698441832982 ], [ 34.742600998353396, 54.335216116719053 ], [ 34.830960616765502, 54.313067843003751 ], [ 34.81065044091099, 54.278193622227377 ], [ 34.835175291964127, 54.269979867605038 ], [ 34.850714719992688, 54.240835362517956 ], [ 34.889188307473219, 54.228809893332723 ], [ 34.835985934433943, 54.202069828790989 ], [ 34.833962428058314, 54.173641690531277 ], [ 34.868904479039294, 54.160779546827293 ], [ 34.854917328092938, 54.155393662987933 ], [ 34.859164476436369, 54.139417848204964 ], [ 34.901414565400579, 54.136965075359392 ], [ 34.869655586286129, 54.109675472896875 ], [ 34.885392512933592, 54.095088061641782 ], [ 34.872485319166444, 54.079379182426237 ], [ 34.824878748853529, 54.071371402731195 ], [ 34.817359154601355, 54.04750763493184 ], [ 34.785514149319525, 54.041934345997717 ], [ 34.777615554738887, 54.026365134074041 ], [ 34.676597316112812, 54.031850053924273 ], [ 34.674848727319862, 53.997813314281316 ], [ 34.743071986957922, 53.992137215349018 ], [ 34.706256504386026, 53.965999077625071 ], [ 34.714079563873049, 53.952890510185149 ], [ 34.599377510827821, 53.953800366126949 ], [ 34.564892902212065, 53.935879626706935 ], [ 34.602871019588875, 53.916107257582382 ], [ 34.588600645850264, 53.900162658927044 ], [ 34.617100673247101, 53.871771019379416 ], [ 34.615419887730972, 53.857676025203631 ], [ 34.576825871842644, 53.849449982769059 ], [ 34.574066308483282, 53.826405057524717 ], [ 34.598290495588174, 53.816000637008756 ], [ 34.576515122124853, 53.790742575672354 ], [ 34.60351922291283, 53.784333974093215 ], [ 34.609254359441543, 53.766105650549761 ], [ 34.5977856027313, 53.762897698049237 ], [ 34.614228939779288, 53.74788721766236 ], [ 34.566830055477084, 53.733950331433832 ], [ 34.562109968045661, 53.718773674321284 ], [ 34.686873428863414, 53.70206729952718 ], [ 34.704616955735737, 53.683215917551237 ], [ 34.779936982030705, 53.670018520677054 ], [ 34.809940766767113, 53.64805478044196 ], [ 34.779341810544189, 53.637980732486511 ], [ 34.802963746116163, 53.625973804260475 ], [ 34.789417454137272, 53.617661188507704 ], [ 34.80723335372209, 53.602378405085418 ], [ 34.79794123451812, 53.578763263990574 ], [ 34.760065016468104, 53.555347435012699 ], [ 34.775101692825999, 53.545936826763331 ], [ 34.774613200721198, 53.543254807352241 ], [ 34.701788022907159, 53.538038645469676 ], [ 34.714184611874231, 53.491023638149422 ], [ 34.668447513578748, 53.474639055587083 ], [ 34.650265028673232, 53.451360616466673 ], [ 34.675935078766663, 53.445400555506843 ], [ 34.638866230907475, 53.418574113498806 ], [ 34.575756087021439, 53.426370832041719 ], [ 34.589029522962072, 53.399974751470666 ], [ 34.569140486318254, 53.379172005929952 ], [ 34.583609464934455, 53.365086371115808 ], [ 34.611845211093687, 53.3786029426429 ], [ 34.661891827551955, 53.374106750757932 ], [ 34.661734474584563, 53.36043834469379 ], [ 34.692135411141209, 53.352391397663631 ], [ 34.685703842392428, 53.341276952012912 ], [ 34.748795470469936, 53.336558909122552 ], [ 34.754379464175486, 53.299274172113577 ], [ 34.792656192631597, 53.311031212860023 ], [ 34.820162806737315, 53.289099459863721 ], [ 34.836342467130464, 53.308797736788421 ], [ 34.872032886038234, 53.312052823300569 ], [ 34.855170485407911, 53.320160398455521 ], [ 34.960694111504573, 53.360382721599457 ], [ 34.990568367001913, 53.350250890943983 ], [ 35.004736326931017, 53.324912050310118 ], [ 34.987176216061819, 53.317585786631227 ], [ 34.996397997474617, 53.306673917791613 ], [ 34.976190230103867, 53.290425510048536 ], [ 34.982752516151471, 53.270593778275057 ], [ 34.950627317551394, 53.254762896573126 ], [ 34.972173554022319, 53.251942960246936 ], [ 34.964493687862209, 53.239294786813893 ], [ 35.019610915358314, 53.243528274488732 ], [ 35.077369825405043, 53.217208929063162 ], [ 35.228401731238293, 53.206186455999493 ], [ 35.183389825297759, 53.187296315682111 ], [ 35.172869465087409, 53.163730567611012 ], [ 35.213159545550745, 53.156712644305266 ], [ 35.169662211442031, 53.137117075807495 ], [ 35.162781720500391, 53.118863246188127 ], [ 35.203266510499951, 53.109155120700422 ], [ 35.240777220273991, 53.049730080325467 ], [ 35.190401983416912, 53.039237546855276 ], [ 35.196762149599238, 53.018051115779279 ], [ 35.168473168970664, 53.009829072825191 ], [ 35.15680720231925, 52.977092893653904 ], [ 35.186735894966333, 52.944717883470837 ], [ 35.258084335712745, 52.911106162890505 ], [ 35.277468583865137, 52.920150130832653 ], [ 35.309678986917937, 52.898234001626705 ], [ 35.393236246640789, 52.887613052976391 ], [ 35.383492003405834, 52.872118442268743 ], [ 35.347355048406392, 52.86835555708781 ], [ 35.34295478599978, 52.834819810859329 ], [ 35.289110170517212, 52.824439145024726 ], [ 35.269662049147946, 52.792086943155681 ], [ 35.288569643831131, 52.778947020203333 ], [ 35.244224216387764, 52.736085210482841 ], [ 35.269751051634294, 52.715649663739661 ], [ 35.226910392921098, 52.707944599480342 ], [ 35.213848272574211, 52.675911578499857 ], [ 35.309680877966073, 52.640010361238168 ], [ 35.302912298062665, 52.616381564087376 ], [ 35.346768913623301, 52.603191700044313 ], [ 35.337532782538851, 52.581855138409836 ], [ 35.361399249248109, 52.54663642510544 ], [ 35.335233056194483, 52.524739636769219 ], [ 35.347664501330968, 52.516647920291746 ], [ 35.34130909304664, 52.486960301709566 ], [ 35.454200564003067, 52.489827115584752 ], [ 35.510649010213257, 52.51374910173152 ], [ 35.551106175946792, 52.495398038369224 ], [ 35.623161066121092, 52.496511704788709 ], [ 35.645408015737026, 52.463286360685544 ], [ 35.719069976345324, 52.467443620172865 ], [ 35.735761247162856, 52.452486736570002 ], [ 35.72040805802682, 52.435579172035148 ], [ 35.840750187626959, 52.413243218468359 ], [ 35.846560416301593, 52.400997208480689 ], [ 35.991961390215366, 52.410182979616387 ], [ 36.006512276684546, 52.376184028758736 ], [ 35.961302447268423, 52.362977869516101 ], [ 35.962468453067565, 52.342098431499473 ], [ 36.137741413698933, 52.336000358147317 ], [ 36.139248832275342, 52.352103051923436 ], [ 36.19234463564198, 52.347091868387501 ], [ 36.215072581729281, 52.362618094478535 ], [ 36.208687281842337, 52.375571683658329 ], [ 36.252998990053719, 52.365390753583746 ], [ 36.317215272095076, 52.391406436464635 ], [ 36.428758034931697, 52.350551013607806 ], [ 36.442171358365151, 52.311145821809362 ], [ 36.488484053190092, 52.286017568523675 ], [ 36.480966368347353, 52.269422675190299 ], [ 36.496358717718778, 52.260670936534019 ], [ 36.483943353490865, 52.237494505477535 ], [ 36.534704540736044, 52.214457427065014 ], [ 36.505662893829935, 52.193350194444641 ], [ 36.526044120104146, 52.16045282483968 ], [ 36.548969597815287, 52.164473375259782 ], [ 36.649851388178085, 52.100622189121779 ], [ 36.733096165616288, 52.107654791723014 ], [ 36.771238199413638, 52.046116307130113 ], [ 36.832128087785385, 52.030918144216294 ], [ 36.888270578484111, 51.994988880217477 ], [ 36.864911527714703, 51.972660338508867 ], [ 36.898207284900366, 51.963039402372516 ], [ 36.901233919227565, 51.939391720837392 ], [ 36.919197235975226, 51.933187660104217 ], [ 36.827040013284005, 51.881954102871802 ], [ 36.854303915638809, 51.832174486538527 ], [ 36.957340749694438, 51.768868541937451 ], [ 36.889989370851296, 51.733892185239249 ], [ 36.901881732026432, 51.712640734878057 ], [ 36.889243180914853, 51.695792020377716 ], [ 36.936248622729629, 51.667760561440517 ], [ 36.946373946939872, 51.643199239260568 ], [ 36.991225366921363, 51.636747066092305 ], [ 36.999622173492014, 51.59295194231219 ], [ 37.053168864681339, 51.5958220772483 ], [ 37.095610580959431, 51.551284772290899 ], [ 37.154666959390731, 51.544023096914543 ] ], [ [ 30.870961035396618, 51.31168751990127 ], [ 30.870711166319424, 51.311813984583239 ], [ 30.870717022348032, 51.311687519901277 ], [ 30.870961035396618, 51.31168751990127 ] ] ] } },
{ "type": "Feature", "properties": { "ID": 7, "Basin": "Басейн річки Дніпро", "Basin_eng": "Dnipro River Basin", "Subbasin": "Суббасейн Середнього Дніпра", "Subbasin_eng": "Middle Dnipro Subbasin" }, "geometry": { "type": "Polygon", "coordinates": [ [ [ 35.51, 49.7917 ], [ 35.4908, 49.786699999000064 ], [ 35.44, 49.6642 ], [ 35.3208, 49.671700001000033 ], [ 35.2767, 49.636700001000079 ], [ 35.2425, 49.643300001000057 ], [ 35.2033, 49.62250000100007 ], [ 35.2025, 49.592499999000047 ], [ 35.1592, 49.5383 ], [ 35.1167, 49.411699999000056 ], [ 35.0, 49.3917 ], [ 34.9483, 49.411699999000049 ], [ 34.9233, 49.395 ], [ 34.89, 49.432499999000122 ], [ 34.8525, 49.42 ], [ 34.8475, 49.3675 ], [ 34.8117, 49.3375 ], [ 34.7375, 49.313300001000037 ], [ 34.7067, 49.2567 ], [ 34.6683, 49.295 ], [ 34.625, 49.294199999000043 ], [ 34.61, 49.313300001000066 ], [ 34.59, 49.2917 ], [ 34.5483, 49.295 ], [ 34.5425, 49.269200001000058 ], [ 34.48, 49.2642 ], [ 34.4217, 49.205 ], [ 34.3983, 49.20250000100004 ], [ 34.3842, 49.183300000000109 ], [ 34.4017, 49.1567 ], [ 34.4292, 49.1558 ], [ 34.4475, 49.1742 ], [ 34.4725, 49.1492 ], [ 34.4525, 49.015000001000033 ], [ 34.4008, 48.991699999000048 ], [ 34.4458, 48.9608 ], [ 34.436701239609384, 48.941790668239427 ], [ 34.30455927375759, 48.862001684028534 ], [ 34.292508969458318, 48.773409804197229 ], [ 34.3558, 48.72079999900005 ], [ 34.385, 48.724199999000064 ], [ 34.4392, 48.695800001000052 ], [ 34.418362319966072, 48.711967490243914 ], [ 34.5592, 48.6417 ], [ 34.5358, 48.6183 ], [ 34.5625, 48.5875 ], [ 34.54, 48.5458 ], [ 34.545, 48.5175 ], [ 34.4933, 48.498299999000047 ], [ 34.4125, 48.5558 ], [ 34.3242, 48.5592 ], [ 34.2583, 48.5242 ], [ 34.2275, 48.473300001000041 ], [ 34.0283, 48.4583 ], [ 34.0167, 48.490800001000075 ], [ 33.9458, 48.5425 ], [ 33.7425, 48.5558 ], [ 33.7142, 48.5692 ], [ 33.645, 48.554199999000069 ], [ 33.5933, 48.605 ], [ 33.5317, 48.615 ], [ 33.5283, 48.682499999000051 ], [ 33.5008, 48.7117 ], [ 33.5175, 48.724199999000064 ], [ 33.4867, 48.759199999000082 ], [ 33.4683, 48.758300001000066 ], [ 33.465, 48.8017 ], [ 33.4483, 48.8092 ], [ 33.3767, 48.7817 ], [ 33.2992, 48.82 ], [ 33.2492, 48.785800001000048 ], [ 33.2017, 48.806700001000081 ], [ 33.1667, 48.85669999900005 ], [ 33.1242, 48.848300001000034 ], [ 33.0925, 48.859999999000067 ], [ 33.0967, 48.8892 ], [ 33.0775, 48.91 ], [ 33.0133, 48.932499999000072 ], [ 32.96, 48.914999999000074 ], [ 32.8967, 48.9175 ], [ 32.8833, 48.89330000100005 ], [ 32.8358, 48.9092 ], [ 32.8075, 48.876700001000088 ], [ 32.77, 48.8675 ], [ 32.755, 48.880799999000033 ], [ 32.7333, 48.869200001000088 ], [ 32.7033, 48.869999999000065 ], [ 32.6883, 48.886700001000065 ], [ 32.6667, 48.8783 ], [ 32.6367, 48.904200001000056 ], [ 32.6292, 48.887499999000049 ], [ 32.5275, 48.8825 ], [ 32.48, 48.845799999000064 ], [ 32.4617, 48.8583 ], [ 32.3742, 48.8475 ], [ 32.3492, 48.859999999000124 ], [ 32.3383, 48.8433 ], [ 32.31, 48.848300001000034 ], [ 32.2992, 48.828299999000073 ], [ 32.2658, 48.8225 ], [ 32.255, 48.7892 ], [ 32.2133, 48.818299999000018 ], [ 32.1967, 48.789999999000081 ], [ 32.0042, 48.7675 ], [ 31.9417, 48.818299999000025 ], [ 31.8925, 48.811699999000041 ], [ 31.875, 48.8342 ], [ 31.84, 48.8292 ], [ 31.8358, 48.845000001000088 ], [ 31.7633, 48.85669999900005 ], [ 31.74, 48.9342 ], [ 31.6933, 48.9517 ], [ 31.6725, 48.939200001000067 ], [ 31.6275, 48.987500001000065 ], [ 31.5275, 48.997500001000049 ], [ 31.4317, 48.95329999900008 ], [ 31.3667, 49.085000001000068 ], [ 31.32, 49.095799999000057 ], [ 31.3092, 49.081700001000044 ], [ 31.2442, 49.078299999000073 ], [ 31.2342, 49.106699999000043 ], [ 31.1875, 49.1075 ], [ 31.1633, 49.145 ], [ 31.1117, 49.16 ], [ 31.0375, 49.227499999000081 ], [ 31.01, 49.230799999000055 ], [ 31.0242, 49.2608 ], [ 31.0175, 49.293299999000048 ], [ 30.9417, 49.283299999000064 ], [ 30.8733, 49.305 ], [ 30.86, 49.3258 ], [ 30.8175, 49.3233 ], [ 30.8125, 49.310000001000049 ], [ 30.7867, 49.31829999900004 ], [ 30.7508, 49.401699999000073 ], [ 30.7917, 49.414999999000088 ], [ 30.7833, 49.4342 ], [ 30.8133, 49.466700001000035 ], [ 30.7908, 49.4892 ], [ 30.7683, 49.4833 ], [ 30.7758, 49.46330000100005 ], [ 30.7517, 49.445800001000066 ], [ 30.7133, 49.4792 ], [ 30.6467, 49.4792 ], [ 30.6417, 49.502499999000051 ], [ 30.5808, 49.5033 ], [ 30.5492, 49.4858 ], [ 30.5342, 49.5075 ], [ 30.5083, 49.508300001000066 ], [ 30.4875, 49.5042 ], [ 30.4892, 49.4825 ], [ 30.475, 49.480799999000048 ], [ 30.4483, 49.4892 ], [ 30.4375, 49.532500001000066 ], [ 30.39, 49.5317 ], [ 30.38, 49.5108 ], [ 30.3375, 49.5283 ], [ 30.2942, 49.5217 ], [ 30.2542, 49.574999999000056 ], [ 30.1767, 49.546700001000026 ], [ 30.1567, 49.49 ], [ 30.1742, 49.4608 ], [ 30.1633, 49.431700001000081 ], [ 30.125, 49.4242 ], [ 30.1417, 49.40499999900004 ], [ 30.06, 49.380799999000033 ], [ 30.1008, 49.314999999000058 ], [ 30.0692, 49.318299999000033 ], [ 30.0533, 49.304199999000041 ], [ 30.0633, 49.2808 ], [ 30.0408, 49.276699999000073 ], [ 30.0175, 49.23 ], [ 29.9375, 49.2158 ], [ 29.8467, 49.261700001000065 ], [ 29.8392, 49.250800001000059 ], [ 29.815, 49.2717 ], [ 29.8058, 49.2608 ], [ 29.7758, 49.285 ], [ 29.7492, 49.279200001000049 ], [ 29.7258, 49.294199999000043 ], [ 29.7067, 49.283299999000072 ], [ 29.7033, 49.255799999000018 ], [ 29.6842, 49.259199999000025 ], [ 29.6967, 49.21749999900004 ], [ 29.6875, 49.185799999000032 ], [ 29.6483, 49.185000001000041 ], [ 29.5858, 49.144200001000037 ], [ 29.5567, 49.1417 ], [ 29.5408, 49.102499999000074 ], [ 29.5083, 49.1208 ], [ 29.4542, 49.123299999000039 ], [ 29.3858, 49.181700001000074 ], [ 29.2725, 49.1917 ], [ 29.235, 49.215 ], [ 29.2333, 49.275800001000036 ], [ 29.1617, 49.3508 ], [ 29.1133, 49.3542 ], [ 29.095, 49.380000001000035 ], [ 29.03, 49.3817 ], [ 29.0, 49.4375 ], [ 29.0367, 49.46419999900008 ], [ 29.0342, 49.497500001000049 ], [ 28.9942, 49.50919999900001 ], [ 29.0058, 49.52999999900004 ], [ 28.9667, 49.555 ], [ 28.9725, 49.589199999000066 ], [ 28.915, 49.6 ], [ 28.87, 49.637499999000049 ], [ 28.8533, 49.630000001000028 ], [ 28.8058, 49.650800001000057 ], [ 28.7508, 49.630799999000033 ], [ 28.7425, 49.6117 ], [ 28.7017, 49.613299999000049 ], [ 28.6125, 49.644200001000051 ], [ 28.5833, 49.67 ], [ 28.5492, 49.664999999000074 ], [ 28.4283, 49.6983 ], [ 28.4217, 49.7117 ], [ 28.4383, 49.720799999000057 ], [ 28.405, 49.7775 ], [ 28.3242, 49.804199999000048 ], [ 28.2242, 49.800000001000051 ], [ 28.1175, 49.7717 ], [ 27.99, 49.7817 ], [ 27.9125, 49.769200001000065 ], [ 27.8967, 49.7925 ], [ 27.9192, 49.810000001000041 ], [ 27.8917, 49.841700001000056 ], [ 27.915, 49.8542 ], [ 27.9167, 49.877499999000058 ], [ 27.9967, 49.8817 ], [ 28.0083, 49.9175 ], [ 27.9758, 49.938300001000073 ], [ 27.96, 49.9725 ], [ 27.8933, 49.98169999900005 ], [ 27.8592, 50.0033 ], [ 27.8875, 50.068299999000033 ], [ 27.8417, 50.095000001000074 ], [ 27.8575, 50.1283 ], [ 27.8417, 50.1592 ], [ 27.8817, 50.168299999000048 ], [ 27.875, 50.192500001000035 ], [ 27.9608, 50.2008 ], [ 27.9658, 50.2267 ], [ 28.0092, 50.2325 ], [ 28.0217, 50.252499999000065 ], [ 28.0642, 50.2533 ], [ 28.0467, 50.2717 ], [ 28.0967, 50.33 ], [ 28.1325, 50.328299999000066 ], [ 28.13, 50.311699999000048 ], [ 28.1642, 50.296700001000033 ], [ 28.2233, 50.2875 ], [ 28.2708, 50.3125 ], [ 28.2667, 50.349199999000064 ], [ 28.3133, 50.362500001000051 ], [ 28.3217, 50.3825 ], [ 28.285, 50.4067 ], [ 28.3267, 50.404200001000049 ], [ 28.3367, 50.4275 ], [ 28.3075, 50.449200001000058 ], [ 28.3175, 50.4758 ], [ 28.3008, 50.5275 ], [ 28.2733, 50.571699999000032 ], [ 28.225, 50.5758 ], [ 28.225, 50.624199999000034 ], [ 28.2058, 50.6325 ], [ 28.3142, 50.6808 ], [ 28.2942, 50.7042 ], [ 28.3192, 50.715 ], [ 28.3, 50.7325 ], [ 28.31, 50.750800001000073 ], [ 28.4067, 50.75 ], [ 28.4367, 50.7817 ], [ 28.4775, 50.785800001000041 ], [ 28.4967, 50.810000001000049 ], [ 28.5067, 50.8017 ], [ 28.515, 50.82750000100004 ], [ 28.5467, 50.84249999900004 ], [ 28.6008, 50.835000001000083 ], [ 28.6808, 50.8792 ], [ 28.845, 50.873299999000032 ], [ 28.8633, 50.886700001000058 ], [ 28.8717, 50.869999999000072 ], [ 28.9342, 50.884199999000032 ], [ 29.0875, 50.865 ], [ 29.0942, 50.886700001000072 ], [ 29.1242, 50.8917 ], [ 29.1183, 50.9058 ], [ 29.18, 50.9067 ], [ 29.1975, 50.935799999000032 ], [ 29.25, 50.9233 ], [ 29.2475, 50.945800001000066 ], [ 29.36, 50.9508 ], [ 29.4017, 50.9758 ], [ 29.4042, 51.0033 ], [ 29.445, 51.008300001000059 ], [ 29.4575, 51.0308 ], [ 29.5092, 51.0517 ], [ 29.6333, 51.001700001000067 ], [ 29.7358, 51.054199999000055 ], [ 29.8217, 51.044199999000057 ], [ 29.835, 51.0275 ], [ 29.8775, 51.0692 ], [ 29.8692, 51.0858 ], [ 29.9292, 51.098300001000041 ], [ 29.9875, 51.09 ], [ 30.1542, 51.123299999000039 ], [ 30.1792, 51.115 ], [ 30.205, 51.1317 ], [ 30.24, 51.1183 ], [ 30.2567, 51.130000001000042 ], [ 30.2317, 51.1642 ], [ 30.2583, 51.1733 ], [ 30.2725, 51.2008 ], [ 30.2992, 51.2042 ], [ 30.3092, 51.251700001000081 ], [ 30.501691442000034, 51.282080431000054 ], [ 30.567053192000063, 51.25728713200003 ], [ 30.618795054000092, 51.289413647000053 ], [ 30.621878443000071, 51.305841968000031 ], [ 30.593363194000066, 51.311572446000064 ], [ 30.654849601000084, 51.339199999000073 ], [ 30.809999112765347, 51.318319390937731 ], [ 30.8075, 51.283299999000064 ], [ 30.8275, 51.27 ], [ 30.7908, 51.244200001000074 ], [ 30.7708, 51.259199999000018 ], [ 30.7567, 51.244200001000088 ], [ 30.7083, 51.2467 ], [ 30.7067, 51.2258 ], [ 30.6692, 51.2017 ], [ 30.6692, 51.186699999000041 ], [ 30.699499035469973, 51.171112115006018 ], [ 30.6725, 51.1675 ], [ 30.675, 51.15 ], [ 30.6592, 51.144779985275164 ], [ 30.685, 51.085000001000076 ], [ 30.666981748601231, 51.025800001000043 ], [ 30.6942, 51.0175 ], [ 30.7033, 50.99 ], [ 30.673066756347538, 50.969110197943778 ], [ 30.6317, 50.980553382242483 ], [ 30.6142, 50.9483 ], [ 30.6258, 50.93 ], [ 30.6017, 50.9208 ], [ 30.6033, 50.90080000100005 ], [ 30.6625, 50.8575 ], [ 30.6408, 50.848227349854078 ], [ 30.6575, 50.8025 ], [ 30.6308, 50.7992 ], [ 30.658593271692563, 50.75395827580131 ], [ 30.608586458751386, 50.771561417251142 ], [ 30.5642, 50.7533 ], [ 30.592350150335346, 50.70713519159365 ], [ 30.5633, 50.702908591733362 ], [ 30.5617, 50.6742 ], [ 30.5783, 50.661699999000056 ], [ 30.5558, 50.623299999000032 ], [ 30.555, 50.5667 ], [ 30.536125636353514, 50.555468961180445 ], [ 30.5408, 50.539999999000088 ], [ 30.6092, 50.52 ], [ 30.6683, 50.5242 ], [ 30.6908, 50.555 ], [ 30.7325, 50.545 ], [ 30.785, 50.5658 ], [ 30.7792, 50.589199999000073 ], [ 30.82, 50.595799999000057 ], [ 30.7925, 50.612500001000051 ], [ 30.795, 50.6292 ], [ 30.8242, 50.6392 ], [ 30.8592, 50.6283 ], [ 30.8667, 50.6742 ], [ 30.8858, 50.685799999000032 ], [ 30.8758, 50.7092 ], [ 30.8892, 50.7458 ], [ 30.8642, 50.779999999000033 ], [ 30.93, 50.782500001000074 ], [ 30.935, 50.7958 ], [ 30.901067034254353, 50.819277523610516 ], [ 30.9492, 50.855 ], [ 30.952356534739305, 50.874739198471012 ], [ 31.010954943121043, 50.880012687087543 ], [ 31.0583, 50.865800001000082 ], [ 31.0675, 50.876700001000067 ], [ 31.1367, 50.8608 ], [ 31.1308, 50.848300001000034 ], [ 31.2133, 50.8442 ], [ 31.2642, 50.874199999000034 ], [ 31.3092, 50.8675 ], [ 31.31, 50.852499999000074 ], [ 31.4333, 50.859999999000074 ], [ 31.4842, 50.8267 ], [ 31.4783, 50.782500001000081 ], [ 31.505700729506405, 50.746154201216576 ], [ 31.568551550006447, 50.798387778954883 ], [ 31.6833, 50.830800001000043 ], [ 31.7075, 50.8292 ], [ 31.7067, 50.814200001000067 ], [ 31.7417, 50.7892 ], [ 31.885, 50.779200001000042 ], [ 31.9225, 50.8583 ], [ 32.01, 50.876700001000067 ], [ 32.0567, 50.8533 ], [ 32.077303030646689, 50.896228679596831 ], [ 32.0667, 50.9142 ], [ 32.1275, 50.932035094858357 ], [ 32.111615309515436, 50.955936281862591 ], [ 32.15, 50.96749999900004 ], [ 32.130043315629457, 50.993093610067646 ], [ 32.1383, 51.011700001000072 ], [ 32.16039645543858, 51.002754765316318 ], [ 32.247274140579286, 51.032144419530226 ], [ 32.315043541448063, 51.004882102458637 ], [ 32.4992, 50.974199999000064 ], [ 32.5725, 50.9925 ], [ 32.5817, 50.9792 ], [ 32.6083, 50.984999999000074 ], [ 32.673080857913341, 50.962577990933333 ], [ 32.895, 50.9617 ], [ 32.844391636360058, 51.002666897762346 ], [ 32.7333, 51.032500001000074 ], [ 32.7358, 51.0558 ], [ 32.7, 51.0858 ], [ 32.7492, 51.115 ], [ 32.8042, 51.106699999000057 ], [ 32.85, 51.126700001000074 ], [ 32.9075, 51.112500001000051 ], [ 32.9258, 51.1467 ], [ 32.9708, 51.154999999000033 ], [ 33.134237093476102, 51.102673044853539 ], [ 33.1875, 51.112500001000051 ], [ 33.245996261321594, 51.095000001000074 ], [ 33.2575, 51.113299999000056 ], [ 33.3325, 51.115800001000075 ], [ 33.4183, 51.08830000100005 ], [ 33.4542, 51.095000001000074 ], [ 33.414695811118328, 51.125988763075313 ], [ 33.446524160098278, 51.142258070667488 ], [ 33.5133, 51.130000001000028 ], [ 33.5233, 51.145 ], [ 33.6058, 51.144200001000051 ], [ 33.618033439048972, 51.110816458416629 ], [ 33.662720377292295, 51.130752290758004 ], [ 33.668846764934415, 51.152604769917737 ], [ 33.7558, 51.157500001000066 ], [ 33.76, 51.14079999900008 ], [ 33.7825, 51.147500001000083 ], [ 33.8183, 51.116699999000041 ], [ 33.8883, 51.095564839404183 ], [ 33.9025, 51.10669999900005 ], [ 33.9417, 51.08 ], [ 34.0408, 51.08 ], [ 34.0542, 51.0975 ], [ 34.0875, 51.0967 ], [ 34.0875, 51.0583 ], [ 34.0558, 51.036699999000049 ], [ 34.1808, 50.994200001000088 ], [ 34.1867, 50.981699999000057 ], [ 34.1567, 50.9575 ], [ 34.1633, 50.940036700906653 ], [ 34.2292, 50.929199999000055 ], [ 34.2567, 50.8967 ], [ 34.4025, 50.894200001000065 ], [ 34.4092, 50.90499999900004 ], [ 34.44, 50.894200001000065 ], [ 34.4633, 50.9033 ], [ 34.4983, 50.966700001000049 ], [ 34.485, 50.9967 ], [ 34.559653829180057, 50.979096048879057 ], [ 34.5958, 51.029200001000042 ], [ 34.5917, 51.0758 ], [ 34.62, 51.07829999900008 ], [ 34.6325, 51.099199999000064 ], [ 34.8075, 51.1075 ], [ 34.8492, 51.095000001000074 ], [ 34.9075, 51.099199999000064 ], [ 34.9192, 51.112500001000051 ], [ 34.9508, 51.102499999000088 ], [ 35.003761422847447, 51.136001598363812 ], [ 35.0367, 51.17 ], [ 35.035, 51.19329999900004 ], [ 35.094248322822061, 51.233305795029281 ], [ 35.104470952216829, 51.285135414260246 ], [ 35.129636931541356, 51.295889914912991 ], [ 35.118437850113907, 51.316718892926225 ], [ 35.137438868887315, 51.332963810315448 ], [ 35.121241185929129, 51.361954925910467 ], [ 35.15675865356571, 51.370946492789514 ], [ 35.165722694865117, 51.401495373004629 ], [ 35.190212955589331, 51.403954562143127 ], [ 35.241045332347134, 51.475855798680861 ], [ 35.283391469176664, 51.461138548420607 ], [ 35.321424674532516, 51.468013991990503 ], [ 35.346703007530806, 51.42199875332598 ], [ 35.377575156504896, 51.408821207528817 ], [ 35.413365647696274, 51.421317103867089 ], [ 35.484923764114583, 51.411749853881304 ], [ 35.509108220347883, 51.427825350988513 ], [ 35.588840684243607, 51.417122307266965 ], [ 35.659042376982853, 51.360169922605742 ], [ 35.762452096383043, 51.358672502981861 ], [ 35.839974768610034, 51.309283162032877 ], [ 35.919839098260013, 51.316286583863409 ], [ 35.950142028166951, 51.303418453244468 ], [ 36.013619504024824, 51.316823980788129 ], [ 36.053864476052489, 51.303223768514265 ], [ 36.092909238889575, 51.325293903026648 ], [ 36.121313362526855, 51.306152683970431 ], [ 36.175508802785558, 51.313887906541481 ], [ 36.203824009476421, 51.294055906675702 ], [ 36.235399202298581, 51.300586731976367 ], [ 36.273525407533072, 51.268356697947681 ], [ 36.300196796639241, 51.271419228895866 ], [ 36.339975691843676, 51.282623369671029 ], [ 36.337285456854836, 51.309609317246412 ], [ 36.371541970539532, 51.361997049973596 ], [ 36.366783704352258, 51.38500676504178 ], [ 36.39629727964045, 51.39155419068225 ], [ 36.429018058030735, 51.373781843902144 ], [ 36.482913664847111, 51.375778336744638 ], [ 36.483462538048556, 51.340554922324387 ], [ 36.551204472320855, 51.332239332153904 ], [ 36.553897058852549, 51.311526244644305 ], [ 36.610892562592802, 51.303725692199009 ], [ 36.615652349065066, 51.259624119597355 ], [ 36.579882834505852, 51.236280819550494 ], [ 36.615397117683131, 51.23361801666303 ], [ 36.596326325804533, 51.204379953489266 ], [ 36.607828307531747, 51.191691180022801 ], [ 36.677321990771361, 51.19939246521156 ], [ 36.675539716739394, 51.177022220070803 ], [ 36.716483355391162, 51.175951251467076 ], [ 36.722787602018656, 51.147941514725687 ], [ 36.784248281419636, 51.149554765825989 ], [ 36.771161453425599, 51.133382087795553 ], [ 36.782822643114343, 51.110353637033384 ], [ 36.742417197459858, 51.046841792611879 ], [ 36.486435640616918, 50.913999011251164 ], [ 36.472723118641198, 50.860638220669642 ], [ 36.478233654367379, 50.830009288555459 ], [ 36.506839827742652, 50.80812814710081 ], [ 36.499519076893499, 50.788728082750055 ], [ 36.436246863437596, 50.77727310764287 ], [ 36.404233074706788, 50.730118400753213 ], [ 36.353849386757844, 50.714316250860215 ], [ 36.379499074366933, 50.692374750816413 ], [ 36.333703724285513, 50.670952199001398 ], [ 36.32394204496692, 50.650646348902782 ], [ 36.269512161353852, 50.643271478779411 ], [ 36.292274538208943, 50.628783654117996 ], [ 36.274223929145094, 50.594016971176558 ], [ 36.286304870294003, 50.564969434095985 ], [ 36.262003959785375, 50.553212937317994 ], [ 36.270049149340629, 50.53596828496481 ], [ 36.254207664636738, 50.513970902362196 ], [ 36.094910904011002, 50.445244035739002 ], [ 36.01892879934433, 50.43094596763067 ], [ 36.00130611131295, 50.419199999000043 ], [ 36.01, 50.3958 ], [ 35.901760434967429, 50.365174637312698 ], [ 35.905290530785699, 50.343475385448905 ], [ 35.8342, 50.298443462596993 ], [ 35.839475932175795, 50.244489469570873 ], [ 35.739768561611776, 50.15941722575301 ], [ 35.753829942668567, 50.14415179257221 ], [ 35.7308, 50.1283 ], [ 35.736704176390298, 50.104260055050908 ], [ 35.7833, 50.078299999000073 ], [ 35.730876249431716, 50.038306699504787 ], [ 35.7525, 50.0067 ], [ 35.8525, 49.997500001000041 ], [ 35.859218073743669, 49.95619541748335 ], [ 35.8008, 49.9233 ], [ 35.53421914981913, 49.914070005254636 ], [ 35.4775, 49.8792 ], [ 35.477989904089476, 49.842499999000047 ], [ 35.52598352552441, 49.824632682530179 ], [ 35.51, 49.7917 ] ], [ [ 28.2867, 50.5408 ], [ 28.2875, 50.5408 ], [ 28.2875, 50.5417 ], [ 28.2867, 50.5417 ], [ 28.2867, 50.5408 ] ] ] } },
{ "type": "Feature", "properties": { "ID": 1, "Basin": "Басейн річки Вісла", "Basin_eng": "Vistula River Basin", "Subbasin": null, "Subbasin_eng": null  }, "geometry": { "type": "MultiPolygon", "coordinates": [ [ [ [ 24.635, 51.7983 ], [ 24.6358, 51.7983 ], [ 24.6358, 51.797499999000074 ], [ 24.635, 51.797499999000067 ], [ 24.635, 51.7983 ] ] ], [ [ [ 24.635, 51.7983 ], [ 24.585, 51.7983 ], [ 24.5733, 51.7708 ], [ 24.5525, 51.772500001000083 ], [ 24.5608, 51.755000001000049 ], [ 24.5425, 51.7542 ], [ 24.5267, 51.705 ], [ 24.4233, 51.678300001000089 ], [ 24.4008, 51.651699999000073 ], [ 24.3617, 51.654999999000033 ], [ 24.3317, 51.627499999000051 ], [ 24.2892, 51.619200001000074 ], [ 24.2908, 51.59249999900004 ], [ 24.2558, 51.574999999000056 ], [ 24.2433, 51.5908 ], [ 24.1, 51.5458 ], [ 24.0875, 51.560000001000027 ], [ 24.0133, 51.5492 ], [ 24.0083, 51.5 ], [ 23.9792, 51.491699999000041 ], [ 23.9792, 51.4683 ], [ 23.9583, 51.4658 ], [ 23.9592, 51.452500001000026 ], [ 23.855, 51.4625 ], [ 23.7825, 51.443299999000033 ], [ 23.7633, 51.407500001000074 ], [ 23.7408, 51.4067 ], [ 23.7275, 51.321699999000032 ], [ 23.8058, 51.314200001000074 ], [ 23.8475, 51.330800001000071 ], [ 23.8942, 51.296700001000012 ], [ 23.9475, 51.286699999000064 ], [ 23.9975, 51.305 ], [ 24.0933, 51.300799999000041 ], [ 24.0958, 51.2842 ], [ 24.065, 51.283299999000057 ], [ 24.040810791370493, 51.257604359528223 ], [ 24.040175235200909, 51.226566000239032 ], [ 24.086451896551864, 51.2043107113848 ], [ 24.1633, 51.205800001000057 ], [ 24.1817, 51.1775 ], [ 24.175, 51.15829999900005 ], [ 24.2458, 51.144200001000051 ], [ 24.2458, 51.130799999000033 ], [ 24.3017, 51.1417 ], [ 24.3258, 51.095799999000064 ], [ 24.2858, 51.095000001000074 ], [ 24.28, 51.047499999000081 ], [ 24.2483, 51.0342 ], [ 24.2717, 51.029999999000033 ], [ 24.313045804147716, 50.963453484108705 ], [ 24.365520006180358, 50.937198706208108 ], [ 24.374148807528705, 50.912220615396365 ], [ 24.5008, 50.849199999000056 ], [ 24.5642, 50.857500000000115 ], [ 24.6033, 50.82829999900008 ], [ 24.665, 50.8267 ], [ 24.7175, 50.7983 ], [ 24.7392, 50.759199999000032 ], [ 24.8367, 50.725 ], [ 24.8475, 50.7008 ], [ 24.8, 50.688300001000066 ], [ 24.7992, 50.660800001000041 ], [ 24.7808, 50.658299999000043 ], [ 24.8758, 50.615800001000068 ], [ 24.815, 50.609200001000033 ], [ 24.8375, 50.5792 ], [ 24.8225, 50.543299999000062 ], [ 24.6725, 50.5558 ], [ 24.6392, 50.5175 ], [ 24.6633, 50.4892 ], [ 24.6225, 50.487500001000058 ], [ 24.5858, 50.4342 ], [ 24.5917, 50.42 ], [ 24.6375, 50.4158 ], [ 24.5858, 50.349199999000071 ], [ 24.64, 50.311699999000041 ], [ 24.6142, 50.2808 ], [ 24.6275, 50.2533 ], [ 24.5717, 50.2458 ], [ 24.5775, 50.2092 ], [ 24.5942, 50.2008 ], [ 24.5417, 50.199200001000072 ], [ 24.5575, 50.1558 ], [ 24.6058, 50.1183 ], [ 24.5942, 50.0942 ], [ 24.6033, 50.0792 ], [ 24.5825, 50.064999999000094 ], [ 24.6275, 50.043299999000055 ], [ 24.7867, 50.0392 ], [ 24.7758, 50.012499999000049 ], [ 24.8258, 49.98169999900005 ], [ 24.8133, 49.965 ], [ 24.8442, 49.9592 ], [ 24.8692, 49.931700001000074 ], [ 24.99, 49.9408 ], [ 25.012499999575315, 49.929999999600504 ], [ 25.01, 49.908299999000072 ], [ 25.1358, 49.859200001000069 ], [ 25.154999999650407, 49.825800000369867 ], [ 25.120799999920031, 49.810799999320594 ], [ 25.085, 49.8225 ], [ 25.0983, 49.7892 ], [ 25.0633, 49.783299999000086 ], [ 25.0708, 49.745800000000109 ], [ 25.052499999675433, 49.729199999980111 ], [ 25.0242, 49.731699999000071 ], [ 25.003299999795228, 49.755000000849464 ], [ 24.9583, 49.7467 ], [ 24.9425, 49.7675 ], [ 24.8958, 49.7675 ], [ 24.805, 49.800799999000041 ], [ 24.750800000000105, 49.785800001000013 ], [ 24.755, 49.7733 ], [ 24.725000000000104, 49.7567 ], [ 24.651699999555458, 49.768300000844476 ], [ 24.592499999875272, 49.73 ], [ 24.5358, 49.74 ], [ 24.5042, 49.711700000000107 ], [ 24.4708, 49.7125 ], [ 24.463299999795229, 49.689200000779543 ], [ 24.415, 49.68 ], [ 24.397499999725255, 49.697500000424796 ], [ 24.359999999800216, 49.698300000444817 ], [ 24.3308, 49.669199999000064 ], [ 24.293299999595433, 49.670800000319907 ], [ 24.242499999675381, 49.689999999000833 ], [ 24.1975, 49.730799999000062 ], [ 24.183299999994993, 49.724199998731159 ], [ 24.1342, 49.77250000100009 ], [ 24.11, 49.769200001000073 ], [ 24.0725, 49.81580000000011 ], [ 24.0075, 49.804199999000048 ], [ 23.99, 49.821699999255721 ], [ 24.011699999755354, 49.837500000324852 ], [ 23.9767, 49.8642 ], [ 23.984199999630455, 49.882499999875286 ], [ 23.920833333000093, 49.884166667000024 ], [ 23.911666666000045, 49.92166666700011 ], [ 23.87, 49.939166666000091 ], [ 23.84833614093559, 49.989200000140279 ], [ 23.7625, 49.9949999990001 ], [ 23.7083, 50.0483 ], [ 23.650799999620453, 50.045000000449811 ], [ 23.5958, 50.073300000000103 ], [ 23.559999999600304, 50.055000000249969 ], [ 23.5917, 50.0392 ], [ 23.585, 50.01579999900008 ], [ 23.613299999695418, 49.984999998950912 ], [ 23.5958, 49.8917 ], [ 23.62499999965042, 49.850000000299787 ], [ 23.5708, 49.83 ], [ 23.585, 49.803300001000075 ], [ 23.625799999670225, 49.792499999875155 ], [ 23.6175, 49.7717 ], [ 23.664999999750311, 49.750800001419144 ], [ 23.668299999945031, 49.718300000045083 ], [ 23.573299999595278, 49.71830000004509 ], [ 23.5283, 49.6875 ], [ 23.524199999830138, 49.664199999930133 ], [ 23.553299999995048, 49.650800000719642 ], [ 23.547499999625487, 49.609200000579676 ], [ 23.380799999620372, 49.620800000419891 ], [ 23.2842, 49.6658 ], [ 23.2733, 49.689999999000058 ], [ 23.2108, 49.705800001000043 ], [ 23.188299999645448, 49.64580000036991 ], [ 23.0142, 49.657500001000081 ], [ 22.98, 49.6217 ], [ 22.8967, 49.619999999000079 ], [ 22.869199999880152, 49.542500000374915 ], [ 22.7858, 49.529200001000042 ], [ 22.678299999945015, 49.538300000045147 ], [ 22.643751599000041, 49.525 ], [ 22.803871765000054, 49.692119630000036 ], [ 22.848108307000079, 49.709735498000043 ], [ 22.901970115000044, 49.768273721000078 ], [ 22.962047844000043, 49.804502310000032 ], [ 22.97078725200004, 49.838335031000042 ], [ 22.99581836100009, 49.842125939000084 ], [ 23.089141005000045, 49.920603604000057 ], [ 23.279431185000082, 50.099706675000043 ], [ 23.469579378000041, 50.216886113000065 ], [ 23.581225441000083, 50.265930176000055 ], [ 23.639042223000072, 50.320275382000077 ], [ 23.686580693000064, 50.331474089000046 ], [ 23.708942911000069, 50.379190603000048 ], [ 23.803315239000074, 50.404680253000066 ], [ 23.99748098500007, 50.412023751000056 ], [ 24.070382707000107, 50.503373487000033 ], [ 24.098992452000079, 50.601972116000077 ], [ 24.098146023000091, 50.637457255000065 ], [ 24.079935801000076, 50.644946273000087 ], [ 24.09106981700009, 50.663567186000108 ], [ 24.062199105000055, 50.677989388000107 ], [ 24.075179318000039, 50.713692420000079 ], [ 24.016591219000095, 50.722799502000058 ], [ 24.023907684000051, 50.750721065000086 ], [ 24.011083873000075, 50.75447346300006 ], [ 24.02378454200008, 50.766279112000028 ], [ 23.977224141000093, 50.768840758000096 ], [ 23.95724612900008, 50.794749808000056 ], [ 23.989265601000071, 50.837255422000041 ], [ 24.10047808600007, 50.835909565000073 ], [ 24.145765272000059, 50.869051018000064 ], [ 24.052440133000097, 50.89125707400008 ], [ 23.970921115000067, 50.949971560000044 ], [ 23.956379353000056, 50.990832023000081 ], [ 23.914330183000093, 51.006777963000069 ], [ 23.935683694000108, 51.014842695000084 ], [ 23.915882540000059, 51.028020533000081 ], [ 23.931537341000087, 51.038065776000039 ], [ 23.913138623000066, 51.041428838000023 ], [ 23.911501403000045, 51.074311524000088 ], [ 23.875732629000098, 51.077019855000074 ], [ 23.856541252000074, 51.100004834000082 ], [ 23.849281969000071, 51.123955149000068 ], [ 23.869649679000091, 51.12970826300009 ], [ 23.869152429000074, 51.15063601400005 ], [ 23.739065189000108, 51.212111395000115 ], [ 23.72677458800009, 51.261365947000051 ], [ 23.695192133000109, 51.291586758000058 ], [ 23.648363632000063, 51.287234001000051 ], [ 23.635654094000074, 51.328485792000045 ], [ 23.665517397000087, 51.36718113500006 ], [ 23.686612845000084, 51.368695965000086 ], [ 23.676929170000058, 51.393943945000053 ], [ 23.702595619000096, 51.40359990000006 ], [ 23.702972512000109, 51.419744820000069 ], [ 23.677021711000066, 51.429882748000082 ], [ 23.685756987000055, 51.445062478000068 ], [ 23.649131965000038, 51.446621509000074 ], [ 23.647069708000089, 51.459505196000052 ], [ 23.676340652000086, 51.470734685000103 ], [ 23.669942249000105, 51.482972062000066 ], [ 23.623589003000063, 51.495122115000093 ], [ 23.676814535000062, 51.50658672300009 ], [ 23.636112647000065, 51.54930801400009 ], [ 23.660928546000047, 51.584096597000041 ], [ 23.605854017000073, 51.620823394000105 ], [ 23.678348388000074, 51.653044186000045 ], [ 23.782793444000063, 51.667478953000057 ], [ 23.788399411000061, 51.640476083000081 ], [ 23.910289505000044, 51.632185472000074 ], [ 23.880356181000092, 51.60824506900007 ], [ 23.88240383200008, 51.592222765000109 ], [ 23.92796284900006, 51.597612328000082 ], [ 23.996335825000077, 51.580032621000058 ], [ 24.075374403000108, 51.618930157000072 ], [ 24.120666947000068, 51.666880952000071 ], [ 24.268395988000083, 51.716204067000035 ], [ 24.319602187000044, 51.751023886000041 ], [ 24.295789875000096, 51.80686730400005 ], [ 24.33961399500005, 51.864044036000038 ], [ 24.372130114000083, 51.878218734000114 ], [ 24.62518684100009, 51.902710302000052 ], [ 24.749632447000081, 51.881036713000086 ], [ 24.79580847100004, 51.900530531000051 ], [ 24.8092, 51.885 ], [ 24.7558, 51.8675 ], [ 24.7167, 51.8267 ], [ 24.695, 51.831700001000051 ], [ 24.635, 51.7983 ] ] ], [ [ [ 22.9008, 49.001700001000081 ], [ 22.8742, 49.0033 ], [ 22.893748169000052, 49.01798221500006 ], [ 22.866562676000061, 49.039994532000023 ], [ 22.866519647000079, 49.075403238000035 ], [ 22.890180233000077, 49.096991022000061 ], [ 22.831292892000079, 49.110848607000037 ], [ 22.793368050000087, 49.137882883000096 ], [ 22.789171455000087, 49.157605337000071 ], [ 22.739038830000087, 49.157834130000083 ], [ 22.756672582000082, 49.182339762000076 ], [ 22.718902170000035, 49.164825510000071 ], [ 22.707304611000044, 49.174582741000037 ], [ 22.747587998000085, 49.215322634000081 ], [ 22.714790636000089, 49.22615729000006 ], [ 22.74029882200006, 49.258300001000066 ], [ 22.89, 49.1708 ], [ 22.8492, 49.1383 ], [ 22.907499999825191, 49.099199999080788 ], [ 22.8875, 49.0692 ], [ 22.915, 49.025 ], [ 22.9008, 49.001700001000081 ] ] ] ] } },
{ "type": "Feature", "properties": { "ID": 9, "Basin": "Басейн річки Дон", "Basin_eng": "Don River Basin", "Subbasin": null, "Subbasin_eng": null }, "geometry": { "type": "MultiPolygon", "coordinates": [ [ [ [ 39.121668865425903, 47.842669320932544 ], [ 39.112500000175032, 47.876700000804455 ], [ 39.18830000004511, 47.881700000254845 ], [ 39.208299999645348, 47.898300000444735 ], [ 39.339199999880115, 47.879200000080125 ], [ 39.381700000154922, 47.883300001194236 ], [ 39.388299999645326, 47.901699998955934 ], [ 39.510800000119978, 47.899199999680455 ], [ 39.500000000299949, 47.920000000199863 ], [ 39.518299999745182, 47.942500000874439 ], [ 39.55250000037492, 47.945000000149889 ], [ 39.614021730347318, 48.047330487802689 ], [ 39.527824782213571, 48.082055801374125 ], [ 39.514677732053229, 48.066384270180585 ], [ 39.470392160522202, 48.074987471500897 ], [ 39.425054586256771, 48.10491556579543 ], [ 39.310963560461474, 48.105037096797275 ], [ 39.234869730717513, 48.137499999225675 ], [ 39.158903319934723, 48.142841376597652 ], [ 39.123004201352472, 48.157664360974984 ], [ 39.134999999950189, 48.180255484396788 ], [ 39.066151022116181, 48.220849088386046 ], [ 38.929115594237608, 48.218147193792177 ], [ 38.89610283694838, 48.2577858321512 ], [ 38.802349264737671, 48.297553597199652 ], [ 38.723943864447804, 48.286060508017059 ], [ 38.708972492887462, 48.266441660735644 ], [ 38.644834506680908, 48.253096580148238 ], [ 38.522958714905677, 48.306104713804864 ], [ 38.464614068151612, 48.354896427012442 ], [ 38.41018499836219, 48.345941111316399 ], [ 38.392338387765648, 48.313098714449346 ], [ 38.361390029859926, 48.301204681470587 ], [ 38.233818286198371, 48.322020663374836 ], [ 38.123587497357995, 48.306174973915276 ], [ 38.086821070982083, 48.336699999705218 ], [ 38.05849706617964, 48.332040731709533 ], [ 38.018150672499807, 48.280330375536579 ], [ 38.022900147454571, 48.263813552821432 ], [ 37.968719565159937, 48.22319181546564 ], [ 38.031519082699198, 48.180130234738584 ], [ 38.047061758477859, 48.114510004349256 ], [ 37.993780451341706, 48.119790634887806 ], [ 37.948468648159242, 48.093382056703796 ], [ 37.903425678063364, 48.099204151259372 ], [ 37.860298177618809, 48.126105364040015 ], [ 37.797125928837382, 48.103381779446657 ], [ 37.7575, 48.115800001000089 ], [ 37.7558, 48.14420000100008 ], [ 37.7067, 48.18 ], [ 37.7042, 48.2158 ], [ 37.56, 48.265799999000109 ], [ 37.4692, 48.241699999000062 ], [ 37.4625, 48.216700001000135 ], [ 37.4425, 48.223300001000055 ], [ 37.401734851599045, 48.194207214082446 ], [ 37.3967, 48.1675 ], [ 37.3767, 48.169377105726326 ], [ 37.309475533656176, 48.223300001000034 ], [ 37.2867, 48.261700001000058 ], [ 37.261478196442958, 48.262499999000077 ], [ 37.263972407906081, 48.281994916222096 ], [ 37.19978233698447, 48.295084184901683 ], [ 37.20924330845596, 48.316863734034527 ], [ 37.1892, 48.343900024811099 ], [ 37.2317, 48.401699999000044 ], [ 37.225091168111931, 48.424232033742939 ], [ 37.2583, 48.449200001000087 ], [ 37.1492, 48.5175 ], [ 37.181169375762686, 48.536729321512219 ], [ 37.1742, 48.546245191069012 ], [ 37.219476869867492, 48.559274407446665 ], [ 37.2425, 48.595799999000064 ], [ 37.1942, 48.6450956301899 ], [ 37.185900675322074, 48.679238798688949 ], [ 37.0133000000001, 48.7192000000001 ], [ 36.9375, 48.768300001000043 ], [ 36.842590526794446, 48.7742 ], [ 36.8325, 48.797499999000081 ], [ 36.7658, 48.794199999000085 ], [ 36.6575, 48.830800001000064 ], [ 36.645587089079662, 48.814200001000103 ], [ 36.605835509504765, 48.816738377335561 ], [ 36.5275, 48.8675 ], [ 36.3983, 48.865 ], [ 36.377837341155832, 48.8517 ], [ 36.2275, 48.9175 ], [ 36.231333115752058, 48.943440143490825 ], [ 36.2933, 48.970000001000059 ], [ 36.327837140702471, 49.016431988708881 ], [ 36.321985612857389, 49.149818231238385 ], [ 36.288662246199685, 49.177850658924299 ], [ 36.333386739964922, 49.225146292946597 ], [ 36.3142, 49.234200001000048 ], [ 36.313300000000112, 49.2983 ], [ 36.2792, 49.308431878716107 ], [ 36.2517, 49.355799999000041 ], [ 36.2225, 49.365800001000061 ], [ 36.1983, 49.435799999000039 ], [ 36.148480198467574, 49.436699999000062 ], [ 36.1308, 49.460095158981908 ], [ 36.184200000000104, 49.525800001000086 ], [ 36.1733, 49.529200001000049 ], [ 36.1792, 49.5833 ], [ 36.1542, 49.600068249493091 ], [ 36.1483, 49.6325 ], [ 35.9933, 49.619200001000067 ], [ 35.9675, 49.609999999000109 ], [ 35.9483, 49.560904744457062 ], [ 35.851450804972721, 49.556178837763078 ], [ 35.7983, 49.588300001000057 ], [ 35.7375, 49.5975 ], [ 35.737286602865495, 49.6472552013647 ], [ 35.6992, 49.7192 ], [ 35.6475, 49.731699999000099 ], [ 35.62, 49.764200000000102 ], [ 35.5258, 49.7808 ], [ 35.51, 49.7917 ], [ 35.5217, 49.8358 ], [ 35.476967536076323, 49.844245561771324 ], [ 35.484567089352041, 49.881418585676144 ], [ 35.53421914981913, 49.914070005254636 ], [ 35.8008, 49.9233 ], [ 35.859218073743669, 49.95619541748335 ], [ 35.8525, 49.997500001000041 ], [ 35.7525, 50.0067 ], [ 35.731753958262885, 50.035391583108648 ], [ 35.7833, 50.078299999000073 ], [ 35.736704176390298, 50.104260055050908 ], [ 35.7308, 50.1283 ], [ 35.753829942668567, 50.14415179257221 ], [ 35.739768561611776, 50.15941722575301 ], [ 35.839475932175795, 50.244489469570873 ], [ 35.8342, 50.298443462596993 ], [ 35.905290530785699, 50.343475385448905 ], [ 35.901760434967429, 50.365174637312698 ], [ 36.01, 50.3958 ], [ 36.00130611131295, 50.419199999000043 ], [ 36.01892879934433, 50.43094596763067 ], [ 36.104201921972113, 50.448689493895294 ], [ 36.266436179145003, 50.525869275733839 ], [ 36.262003959785375, 50.553212937317994 ], [ 36.286304870294003, 50.564969434095985 ], [ 36.274223929145094, 50.594016971176558 ], [ 36.292274538208943, 50.628783654117996 ], [ 36.269512161353852, 50.643271478779411 ], [ 36.32394204496692, 50.650646348902782 ], [ 36.333703724285513, 50.670952199001398 ], [ 36.379499074366933, 50.692374750816413 ], [ 36.353849386757844, 50.714316250860215 ], [ 36.404233074706788, 50.730118400753213 ], [ 36.436246863437596, 50.77727310764287 ], [ 36.499519076893499, 50.788728082750055 ], [ 36.506839827742652, 50.80812814710081 ], [ 36.478233654367379, 50.830009288555459 ], [ 36.471721708611746, 50.894283861501762 ], [ 36.50894844487901, 50.932348836152087 ], [ 36.606283790711224, 50.966859842823013 ], [ 36.685650859307856, 51.024006676767939 ], [ 36.760245937161415, 51.030833572284948 ], [ 36.796058521260761, 51.050186882689125 ], [ 36.876332329350952, 51.031481112637785 ], [ 36.897065294854833, 51.04691594879597 ], [ 36.91963932788039, 51.051516118440844 ], [ 37.026388796757772, 51.022810848777723 ], [ 37.054625160641962, 51.028507725215654 ], [ 37.068681019736751, 51.014390610590297 ], [ 37.137253822728269, 51.015678547849113 ], [ 37.210078020269698, 51.051759284747675 ], [ 37.206800203089394, 51.082803698630244 ], [ 37.233688401391944, 51.117625696798065 ], [ 37.308917893799048, 51.123970593479108 ], [ 37.328649521736388, 51.163390692219181 ], [ 37.375618031621642, 51.18093019919759 ], [ 37.371639581616456, 51.19543469652308 ], [ 37.338407705045213, 51.201524406879727 ], [ 37.336498294904935, 51.227922769917548 ], [ 37.313391901371325, 51.248516602207992 ], [ 37.329937192080621, 51.268315988869226 ], [ 37.309970634556883, 51.285203627486332 ], [ 37.314517206289537, 51.33640029844554 ], [ 37.289381831944105, 51.354220913164788 ], [ 37.319942532373027, 51.371190527226666 ], [ 37.29637902235762, 51.383237312435405 ], [ 37.316778373459222, 51.40226043530901 ], [ 37.282471164479574, 51.403521336077382 ], [ 37.283172513061672, 51.433999767828105 ], [ 37.2200435414358, 51.480927084918399 ], [ 37.162055099158451, 51.477798554593797 ], [ 37.164931970893178, 51.502862139948938 ], [ 37.139517119681869, 51.523765625418882 ], [ 37.154666959390731, 51.544023096914543 ], [ 37.191190257921058, 51.55262597910594 ], [ 37.183414715276065, 51.585706555034577 ], [ 37.223965921246958, 51.632083789042099 ], [ 37.339002881424641, 51.627355202228244 ], [ 37.35086761675116, 51.603075858046957 ], [ 37.433140849683511, 51.635145258062103 ], [ 37.472616180758848, 51.614027754487076 ], [ 37.563838761347007, 51.603041134903584 ], [ 37.655529019272493, 51.627609929037853 ], [ 37.692314934383631, 51.609854331055452 ], [ 37.828069675075668, 51.623162518302998 ], [ 37.902089379592525, 51.605126422427979 ], [ 37.927852595603994, 51.571285057002513 ], [ 37.971768148638411, 51.568194968516721 ], [ 38.004536487551242, 51.526244935289526 ], [ 38.03352325913086, 51.518154171608586 ], [ 38.137334606839801, 51.514303157988657 ], [ 38.182116882085793, 51.550765849464376 ], [ 38.20190039302372, 51.530143964506117 ], [ 38.257836935529802, 51.536610743047895 ], [ 38.296491661068359, 51.51350235549458 ], [ 38.278374861012466, 51.487200523848919 ], [ 38.326225522779652, 51.487915874857379 ], [ 38.328159167826364, 51.466238053683647 ], [ 38.374560138357658, 51.450414880012382 ], [ 38.392426823271471, 51.418515569144894 ], [ 38.464557100494531, 51.399324657478076 ], [ 38.491717651752261, 51.355116941745116 ], [ 38.405946062124862, 51.322378036121833 ], [ 38.405067675107283, 51.282676597702725 ], [ 38.368732075761805, 51.264984884878608 ], [ 38.362355224735893, 51.243743815742604 ], [ 38.298600820753826, 51.27616207483883 ], [ 38.295061772875165, 51.300341996894751 ], [ 38.26205064323328, 51.306229332981431 ], [ 38.247332370835188, 51.329025754793513 ], [ 38.193444222513662, 51.340585713154539 ], [ 38.204251529614574, 51.323233907351117 ], [ 38.195279937445072, 51.282447506338812 ], [ 38.249556822207666, 51.211241868445377 ], [ 38.230667432211654, 51.176431917211907 ], [ 38.242045772256375, 51.162381929686532 ], [ 38.164295228748571, 51.151098535737013 ], [ 38.126627128776086, 51.114159621775421 ], [ 38.119371348183499, 51.092766096338053 ], [ 38.168137561582704, 51.067134855398869 ], [ 38.126476300122022, 51.010594591364793 ], [ 38.083910066737239, 50.998715478486737 ], [ 38.088508170488844, 50.967073471537141 ], [ 37.945776248174894, 50.904150524074147 ], [ 37.995375274465943, 50.867613503369626 ], [ 38.062873809892231, 50.854163168253876 ], [ 38.061215779796086, 50.832089693137853 ], [ 38.080280413156288, 50.827503118554937 ], [ 38.074260559448227, 50.801506199512076 ], [ 38.124550793312075, 50.78289459466307 ], [ 38.1275603132543, 50.755671650257085 ], [ 38.167329705950088, 50.748449236435064 ], [ 38.169007539088959, 50.73485499016649 ], [ 38.104218765218683, 50.717591755506142 ], [ 37.978435805990088, 50.621218213617922 ], [ 37.95930660928515, 50.62871841258692 ], [ 37.902311553455235, 50.603442676955538 ], [ 37.929262138205381, 50.580405770248099 ], [ 37.892855464925823, 50.551502279957646 ], [ 37.957655632327501, 50.512505477201941 ], [ 37.924180351917542, 50.487124487042166 ], [ 37.922210627354687, 50.455567117754569 ], [ 37.936891735138381, 50.446702407760746 ], [ 38.002603113779088, 50.462886376593659 ], [ 38.028420584702069, 50.428449427876942 ], [ 38.062305218419482, 50.430385243120085 ], [ 38.080082925278376, 50.476213824334828 ], [ 38.104669623533432, 50.469406189311428 ], [ 38.112082472094897, 50.484870195468403 ], [ 38.171119411520003, 50.480833358776493 ], [ 38.246127640524826, 50.502522844756207 ], [ 38.273758853140066, 50.487792636277575 ], [ 38.360660030025365, 50.527865313928814 ], [ 38.400733521500243, 50.564361643449658 ], [ 38.530951548471315, 50.569843695347288 ], [ 38.521244259701568, 50.543999368243071 ], [ 38.483500202852902, 50.533669775638131 ], [ 38.498166390535935, 50.527198249791624 ], [ 38.49232964715425, 50.510509981556133 ], [ 38.554278990229939, 50.49187070670223 ], [ 38.542617439547072, 50.432634651751833 ], [ 38.557340052338112, 50.410538796484829 ], [ 38.646994394708663, 50.380577606694203 ], [ 38.623594251368601, 50.332350415841042 ], [ 38.673451531038509, 50.304004394766515 ], [ 38.661599816890778, 50.2691060080273 ], [ 38.698454907014082, 50.258158451980115 ], [ 38.690122437702321, 50.24091298580322 ], [ 38.750828800755002, 50.181499246017601 ], [ 38.795109760618523, 50.17856052873492 ], [ 38.791496383511067, 50.195087117334083 ], [ 38.843424844428391, 50.228706987083271 ], [ 38.867732672438223, 50.228358670551266 ], [ 38.930855549250182, 50.185987483573392 ], [ 38.985663047047481, 50.199540360471943 ], [ 39.002624217487948, 50.190386743074235 ], [ 39.000301836000176, 50.15982468013857 ], [ 39.159167270079301, 50.124508530580592 ], [ 39.207073814405391, 50.068981341381921 ], [ 39.296940293479999, 50.030233026121003 ], [ 39.426794541269338, 50.02845672031772 ], [ 39.485942703263071, 49.992596665271776 ], [ 39.541810070756974, 49.988152374194343 ], [ 39.572453787334524, 49.950396381265151 ], [ 39.53854609527972, 49.924755781353703 ], [ 39.574880609526957, 49.90667641718678 ], [ 39.631822224269037, 49.933803601673901 ], [ 39.651527608134387, 49.967989621424842 ], [ 39.706497056842544, 49.978456750230492 ], [ 39.692514481044732, 49.959138475158923 ], [ 39.723476673952952, 49.949208198702785 ], [ 39.720352676147414, 49.916114872869969 ], [ 39.744595398263435, 49.899537284653952 ], [ 39.743765298117118, 49.874291931772966 ], [ 39.719239365362974, 49.83440616229197 ], [ 39.66181379681008, 49.8057457340052 ], [ 39.670436529898495, 49.78592370208009 ], [ 39.636539688826005, 49.776412273540913 ], [ 39.648196899115916, 49.753809134851124 ], [ 39.633173171565971, 49.73567958489101 ], [ 39.593478650648095, 49.719582152642019 ], [ 39.613976698770749, 49.689574303627523 ], [ 39.633737965194953, 49.687448867468582 ], [ 39.628191485589873, 49.672576782396348 ], [ 39.64823324990666, 49.649104480023944 ], [ 39.632645271276843, 49.635867637985015 ], [ 39.695542447656855, 49.59897945236569 ], [ 39.753859424406059, 49.596109910095208 ], [ 39.80757178681425, 49.555003676379471 ], [ 39.902234128793026, 49.555498209898005 ], [ 39.944046218907644, 49.575909992711317 ], [ 39.957616999927033, 49.603966292558333 ], [ 40.065029765725988, 49.598986145281764 ], [ 40.134817868000091, 49.617148040000082 ], [ 40.169137419000037, 49.568953767000039 ], [ 40.041530456503452, 49.521169319460441 ], [ 40.029497704557073, 49.452588307544033 ], [ 40.113317745016978, 49.386011020515397 ], [ 40.201808048260837, 49.347602883549719 ], [ 40.186047539012407, 49.320069872324346 ], [ 40.198845187542545, 49.309122858826299 ], [ 40.172107824594661, 49.296776882434557 ], [ 40.221799355509873, 49.261558662991916 ], [ 40.20271247763592, 49.236981188071795 ], [ 40.258765939476341, 49.20149657701355 ], [ 40.248220954872657, 49.182884972164572 ], [ 40.282862173331246, 49.156581648508883 ], [ 40.293567752473074, 49.129686132493944 ], [ 40.278500078444765, 49.11677292100223 ], [ 40.294343055158727, 49.093332357753084 ], [ 40.418074636182624, 49.033867075801503 ], [ 40.474160108420875, 49.025339831357343 ], [ 40.376206120959985, 48.951907436257734 ], [ 40.357113275045776, 48.881447396485896 ], [ 40.335734127159974, 48.859513763404337 ], [ 40.298232589765853, 48.860178114795978 ], [ 40.279132690713148, 48.818891754773951 ], [ 40.223469864235682, 48.809653228439785 ], [ 40.271541886041888, 48.764942840951505 ], [ 40.228769483993283, 48.739476670580679 ], [ 40.271065527918743, 48.721775191872425 ], [ 40.245723058746144, 48.706758788735549 ], [ 40.257305939807274, 48.690700691297394 ], [ 40.180808142206551, 48.659373634109201 ], [ 40.184413381077292, 48.638525641807206 ], [ 40.232374180314913, 48.611034135589172 ], [ 40.176832342290112, 48.547857003865694 ], [ 40.214884024487098, 48.490050565833933 ], [ 40.072486583702712, 48.432154878472723 ], [ 40.032373214867839, 48.437560566582356 ], [ 40.014210840686246, 48.392316582039278 ], [ 39.95344208448526, 48.391331312845992 ], [ 39.916374586383377, 48.34640336316258 ], [ 39.992094911101923, 48.349964113005839 ], [ 39.998372204365211, 48.280666484713436 ], [ 40.064068934179808, 48.197237893440168 ], [ 40.036823745260079, 48.163952505220536 ], [ 40.089047352896067, 48.141435631840075 ], [ 40.073413800140592, 48.107022826558982 ], [ 39.976838972530651, 48.053100497643193 ], [ 39.778109533000077, 48.039627988000063 ], [ 39.791181215341169, 48.012196784954135 ], [ 39.816286009062708, 48.00130824872268 ], [ 39.82473427577969, 47.955349466995756 ], [ 39.805679102000049, 47.950455439000052 ], [ 39.794329312945116, 47.920333466741646 ], [ 39.7940394109051, 47.869889497154524 ], [ 39.762791671000059, 47.870519739000088 ], [ 39.76337937801906, 47.846354299372415 ], [ 39.738172817000077, 47.827698223000084 ], [ 39.626262322000059, 47.838999797000042 ], [ 39.520168491000049, 47.824909018000078 ], [ 39.477008524000041, 47.860407967000064 ], [ 39.442831621000039, 47.855648969000057 ], [ 39.412216993000072, 47.830410386000047 ], [ 39.387461552000048, 47.871040171000054 ], [ 39.355733188000045, 47.872619331000074 ], [ 39.121668865425903, 47.842669320932544 ] ] ], [ [ [ 36.309200000000111, 49.205221927340695 ], [ 36.308941647028938, 49.205347319358928 ], [ 36.308821759830934, 49.20580000100005 ], [ 36.3092, 49.205800001000057 ], [ 36.309200000000111, 49.205221927340695 ] ] ], [ [ [ 36.732559093118688, 51.041775001388125 ], [ 36.734311275629551, 51.043157575437469 ], [ 36.737039918571817, 51.041922917402609 ], [ 36.733787061728385, 51.041287187044958 ], [ 36.732559093118688, 51.041775001388125 ] ] ] ] } }
]
}
