{
"type": "FeatureCollection",
"crs": { "type": "name", "properties": { "name": "urn:ogc:def:crs:OGC:1.3:CRS84" } },
"features": [
{ "type": "Feature", "properties": { "NAME_LAT": "Autonomous Republic of Crimea", "ID": 1.0, "TYPE": "Області, автономії та ради", "NAME_UA": "Автономна Республіка Крим", "NAME_RUS": "Автономная Республика Крым", "KOATUU": "0100000000", "CODETOPO": "81210000", "CODENAME": "Межі областей та автономни", "CODE_PR": null, "LABEL": "Автономна Республіка Крим", "SHAPE_Leng": 24.9835530567, "SHAPE_Area": 2.8418281187700001, "Tm_observed_anom_1951_1960": -0.2, "Tm_winter_observed_anom_1951_1960": -0.0, "Tm_spring_observed_anom_1951_1960": -1.0, "Tm_summer_observed_anom_1951_1960": 0.5, "Tm_autumn_observed_anom_1951_1960": -0.3, "Tm_observed_anom_1961_1970": 0.2, "Tm_winter_observed_anom_1961_1970": 0.1, "Tm_spring_observed_anom_1961_1970": 0.1, "Tm_summer_observed_anom_1961_1970": 0.2, "Tm_autumn_observed_anom_1961_1970": 0.5, "Tm_observed_anom_1971_1980": -0.1, "Tm_winter_observed_anom_1971_1980": -0.3, "Tm_spring_observed_anom_1971_1980": 0.2, "Tm_summer_observed_anom_1971_1980": -0.1, "Tm_autumn_observed_anom_1971_1980": -0.2, "Tm_observed_anom_1981_1990": -0.1, "Tm_winter_observed_anom_1981_1990": 0.2, "Tm_spring_observed_anom_1981_1990": -0.2, "Tm_summer_observed_anom_1981_1990": -0.1, "Tm_autumn_observed_anom_1981_1990": -0.3, "Tm_observed_anom_1991_2000": 0.2, "Tm_winter_observed_anom_1991_2000": 0.1, "Tm_spring_observed_anom_1991_2000": 0.1, "Tm_summer_observed_anom_1991_2000": 0.7, "Tm_autumn_observed_anom_1991_2000": -0.2, "Tm_observed_anom_2001_2010": 1.1, "Tm_winter_observed_anom_2001_2010": 0.8, "Tm_spring_observed_anom_2001_2010": 0.7, "Tm_summer_observed_anom_2001_2010": 1.6, "Tm_autumn_observed_anom_2001_2010": 1.2, "Tm_observed_anom_2011_2020": 1.6, "Tm_winter_observed_anom_2011_2020": 1.4, "Tm_spring_observed_anom_2011_2020": 1.6, "Tm_summer_observed_anom_2011_2020": 2.2, "Tm_autumn_observed_anom_2011_2020": 1.2, "RR_observed_anom_1951_1960": -2.0, "RR_winter_observed_anom_1951_1960": 7.0, "RR_spring_observed_anom_1951_1960": -6.0, "RR_summer_observed_anom_1951_1960": -5.0, "RR_autumn_observed_anom_1951_1960": -5.0, "RR_observed_anom_1961_1970": 4.0, "RR_winter_observed_anom_1961_1970": 12.0, "RR_spring_observed_anom_1961_1970": 11.0, "RR_summer_observed_anom_1961_1970": -8.0, "RR_autumn_observed_anom_1961_1970": 0.0, "RR_observed_anom_1971_1980": -3.0, "RR_winter_observed_anom_1971_1980": -8.0, "RR_spring_observed_anom_1971_1980": -4.0, "RR_summer_observed_anom_1971_1980": 3.0, "RR_autumn_observed_anom_1971_1980": -3.0, "RR_observed_anom_1981_1990": -1.0, "RR_winter_observed_anom_1981_1990": -4.0, "RR_spring_observed_anom_1981_1990": -8.0, "RR_summer_observed_anom_1981_1990": 5.0, "RR_autumn_observed_anom_1981_1990": 3.0, "RR_observed_anom_1991_2000": 3.0, "RR_winter_observed_anom_1991_2000": -16.0, "RR_spring_observed_anom_1991_2000": 9.0, "RR_summer_observed_anom_1991_2000": 9.0, "RR_autumn_observed_anom_1991_2000": 14.0, "RR_observed_anom_2001_2010": 7.0, "RR_winter_observed_anom_2001_2010": 1.0, "RR_spring_observed_anom_2001_2010": -6.0, "RR_summer_observed_anom_2001_2010": 6.0, "RR_autumn_observed_anom_2001_2010": 28.0, "RR_observed_anom_2011_2020": 10.0, "RR_winter_observed_anom_2011_2020": 11.0, "RR_spring_observed_anom_2011_2020": 2.0, "RR_summer_observed_anom_2011_2020": 15.0, "RR_autumn_observed_anom_2011_2020": 11.0 }, "geometry": { "type": "MultiPolygon", "coordinates": [ [ [ [ 33.705413999857115, 46.171378998942544 ], [ 33.727664800191292, 46.173181650413767 ], [ 33.736245000707129, 46.138938001188706 ], [ 33.771620999810182, 46.144030998632616 ], [ 33.772955505593018, 46.126314274285221 ], [ 33.799787220404767, 46.118869790709198 ], [ 33.826041448155195, 46.149174055938829 ], [ 33.811631741412612, 46.148095448646927 ], [ 33.803658998764661, 46.178885999789998 ], [ 33.833966167005883, 46.18149253635238 ], [ 33.822539999822027, 46.17185100002456 ], [ 33.844353000291619, 46.161445001286722 ], [ 33.832430000844738, 46.175279999872998 ], [ 33.845121999781327, 46.173268999765469 ], [ 33.864493999199567, 46.139741999594548 ], [ 33.839350999849671, 46.120172000038679 ], [ 33.846617478814494, 46.110039734247266 ], [ 33.82704448631489, 46.11990805711207 ], [ 33.80075061914664, 46.08671464786363 ], [ 33.828951246903387, 46.105395262881984 ], [ 33.877026583411009, 46.088735572889277 ], [ 33.901225871077997, 46.046094680326178 ], [ 33.872381094013178, 46.034043178550746 ], [ 33.893288122849469, 46.036794997891775 ], [ 33.901394224165017, 46.020156229727149 ], [ 33.911081607930726, 46.063308376081579 ], [ 33.940383999622782, 46.071223000042323 ], [ 33.942317615766228, 46.047062411102331 ], [ 33.927387001010175, 46.046852000320484 ], [ 33.964572999944892, 46.029213999027775 ], [ 33.957448001425007, 46.006679498560914 ], [ 33.965620999710268, 46.028731000136474 ], [ 33.98069250135876, 46.021588999933329 ], [ 33.991373297840312, 46.029257904829365 ], [ 33.969119000942044, 46.0295690001102 ], [ 33.944176001821916, 46.056421000030014 ], [ 33.998269332564519, 46.062316665782419 ], [ 33.971548999687457, 46.074832000097615 ], [ 33.958935000750557, 46.063975000346886 ], [ 33.933054934138795, 46.082798958306171 ], [ 33.944193528709263, 46.093757999632885 ], [ 34.021144000695983, 46.101619998864749 ], [ 34.056410000122298, 46.08865799916822 ], [ 34.060471000337259, 46.064228000322885 ], [ 34.082657000920733, 46.07403600026214 ], [ 34.091463999664768, 46.045453998803907 ], [ 34.157774000770416, 46.018877999920676 ], [ 34.167017999881693, 46.005620000063857 ], [ 34.145040999943092, 45.993189998820299 ], [ 34.147605001270676, 45.989495000195006 ], [ 34.186330001029603, 46.001833999940061 ], [ 34.140692999982832, 45.969393000387583 ], [ 34.101306001171906, 45.981352998842738 ], [ 34.120517001259486, 45.953397000172345 ], [ 34.152660999706256, 45.952487998723086 ], [ 34.150144999692884, 45.937726998802873 ], [ 34.18449900112887, 45.93149900027953 ], [ 34.170273999846131, 45.94722999996543 ], [ 34.220460001129027, 45.949177999865697 ], [ 34.187238999780902, 46.023168999950315 ], [ 34.165229000119155, 46.026808999636557 ], [ 34.175249999988409, 46.015863000278159 ], [ 34.164810999728729, 46.014036999708708 ], [ 34.134096998878306, 46.045129000004238 ], [ 34.122712000859053, 46.046601998684196 ], [ 34.123937000692933, 46.060838998721749 ], [ 34.104332998669861, 46.050424998715641 ], [ 34.111436999818579, 46.068276999984448 ], [ 34.240590001328371, 46.031582000309982 ], [ 34.226226000830138, 46.016389000253071 ], [ 34.227414999903203, 46.010833000343609 ], [ 34.232030999631831, 46.007416000149192 ], [ 34.231621999656454, 46.003053000396562 ], [ 34.236398999615005, 45.997906998709936 ], [ 34.237765906172513, 45.990711961888451 ], [ 34.232087000415618, 45.989142000104152 ], [ 34.228747001074112, 45.985689000048239 ], [ 34.228598999644987, 45.98406399975471 ], [ 34.225240001225984, 45.984779000351523 ], [ 34.225566000971071, 45.981451998911552 ], [ 34.235364000449124, 45.976184999738848 ], [ 34.240832999943905, 45.994694998975945 ], [ 34.252189000223098, 45.982931998813626 ], [ 34.254397998669617, 45.984605000421368 ], [ 34.236815999959333, 46.013031000081526 ], [ 34.250696999767626, 46.020355998831178 ], [ 34.256208000299864, 46.032769000190115 ], [ 34.257428000802463, 46.020410000422089 ], [ 34.269996001215361, 46.017953000431532 ], [ 34.258329000084188, 46.035166000111758 ], [ 34.282444999737834, 46.042851000174437 ], [ 34.269968000823496, 46.04970399874145 ], [ 34.285715001247183, 46.042275998839216 ], [ 34.275067001242007, 46.020722000420903 ], [ 34.276863001327342, 46.012125999716034 ], [ 34.283812999870918, 46.002995000419844 ], [ 34.305799001123887, 45.996999000004735 ], [ 34.309591000625062, 46.005977000339215 ], [ 34.320999998851732, 45.988545998699806 ], [ 34.337384999918697, 46.015322998758279 ], [ 34.315342999680581, 46.027151000119488 ], [ 34.331444501163674, 46.02339199944214 ], [ 34.34650399866149, 46.031012000104624 ], [ 34.34352700077136, 46.0379729991555 ], [ 34.323145999788949, 46.038978998782682 ], [ 34.337923001346326, 46.039668999125922 ], [ 34.356275466340605, 46.036852230746774 ], [ 34.437156000849654, 45.948145999039525 ], [ 34.407510999833676, 45.942403000399054 ], [ 34.418335000760578, 45.921214999973188 ], [ 34.389959999855023, 45.917466999803139 ], [ 34.391640000886241, 45.939282000364926 ], [ 34.382325001198751, 45.92865999886078 ], [ 34.379173999781131, 45.899176999919518 ], [ 34.411857998848461, 45.905055001188259 ], [ 34.400672000113616, 45.884214998824064 ], [ 34.429887000185829, 45.908166999908019 ], [ 34.420333000268613, 45.87427099980772 ], [ 34.439954500400745, 45.89076199856828 ], [ 34.428217999661854, 45.934266000176706 ], [ 34.440409999822521, 45.945429998796328 ], [ 34.47459437383219, 45.944859318703493 ], [ 34.489786118435518, 45.919590533876942 ], [ 34.476204001114638, 45.861433999580356 ], [ 34.52108707440982, 45.894961394553604 ], [ 34.535053015185383, 45.923897874588135 ], [ 34.524842324914232, 45.928981721430205 ], [ 34.568723878105402, 45.908865887351737 ], [ 34.59077900125078, 45.91580499960196 ], [ 34.560987199400643, 45.951624122556098 ], [ 34.554067560170665, 45.975204911378455 ], [ 34.558717306959068, 45.969488270967872 ], [ 34.569382197131574, 45.979175416413227 ], [ 34.556547350780477, 45.988790328311893 ], [ 34.648323171877792, 45.940657944209647 ], [ 34.636790256066377, 45.918290760810862 ], [ 34.612992001280702, 45.919444000141425 ], [ 34.616481689179523, 45.892838608715749 ], [ 34.632141154991189, 45.91363666040445 ], [ 34.624446528585338, 45.885176493701124 ], [ 34.555367300861121, 45.861761354603743 ], [ 34.554158995142416, 45.842101607204313 ], [ 34.511211001187633, 45.80405300014678 ], [ 34.460757000136311, 45.802316000084261 ], [ 34.474177000269265, 45.78200999986251 ], [ 34.546817000105364, 45.792930998967336 ], [ 34.656435115189311, 45.86681510833148 ], [ 34.760700182168591, 45.899548831814059 ], [ 34.772365648157006, 45.874371370443328 ], [ 34.758730558969035, 45.86457695206559 ], [ 34.735267000372687, 45.877846000093768 ], [ 34.675314000141896, 45.855860998886897 ], [ 34.659773522730802, 45.797231751245249 ], [ 34.751044760308332, 45.82292621487386 ], [ 34.758802892340498, 45.815179239830968 ], [ 34.765635543746214, 45.804811140322784 ], [ 34.757835999732492, 45.814938000289374 ], [ 34.741936000347039, 45.814511000383277 ], [ 34.754215153807195, 45.797236975407031 ], [ 34.783623694278958, 45.792219131608533 ], [ 34.739855999755491, 45.744904999267192 ], [ 34.707209999742588, 45.746496999837575 ], [ 34.694788999813397, 45.731243999711751 ], [ 34.673831000101472, 45.719137999919667 ], [ 34.719754000847331, 45.707266000126708 ], [ 34.877852760697237, 45.750186794985495 ], [ 34.844167455564502, 45.721985440576532 ], [ 34.913462643786886, 45.680824742169023 ], [ 34.98115292796615, 45.682555934409777 ], [ 34.990699700031996, 45.654511746420894 ], [ 35.027415349040041, 45.637411701589656 ], [ 35.055450735364047, 45.605868372028681 ], [ 35.072262999838472, 45.582691000190437 ], [ 35.076590124735333, 45.566751668955249 ], [ 35.086915741169435, 45.555113591819747 ], [ 35.097192172781433, 45.529361345850361 ], [ 35.074559321556364, 45.566597178917561 ], [ 35.071650937441689, 45.5829017401241 ], [ 35.037375689637258, 45.619381240652672 ], [ 35.020195000799561, 45.585299999995925 ], [ 35.056973999851095, 45.581175000426867 ], [ 35.052354999984175, 45.568676998745389 ], [ 35.078252999976883, 45.556884999044371 ], [ 35.075188755257727, 45.540625241162843 ], [ 35.070493000052807, 45.541181998851073 ], [ 35.088743999936526, 45.534227000076896 ], [ 35.109558189060067, 45.486940463432575 ], [ 35.004749045732751, 45.430972833130681 ], [ 35.002810377198045, 45.396665968760374 ], [ 34.950375161585328, 45.379214129829165 ], [ 34.978042515650486, 45.359114437682081 ], [ 35.059982654776604, 45.362683317182245 ], [ 35.068493999599298, 45.373926000185691 ], [ 35.051539001024992, 45.394531998953482 ], [ 35.042882001104374, 45.412756000290074 ], [ 35.08094343159496, 45.363834629265625 ], [ 35.124972999705051, 45.338127998709069 ], [ 35.203387210052597, 45.340782484425006 ], [ 35.364951692667375, 45.272960036777192 ], [ 35.31631035344094, 45.249161696555973 ], [ 35.364837646940771, 45.243755886126166 ], [ 35.383382140574213, 45.259440999703259 ], [ 35.453169999896488, 45.268212000384437 ], [ 35.447988999293784, 45.25752499858072 ], [ 35.470609999252929, 45.257660998557128 ], [ 35.46245299900761, 45.26979099855663 ], [ 35.481669369846429, 45.268508960121324 ], [ 35.464758501004894, 45.27888149958244 ], [ 35.476741999644446, 45.294915999774503 ], [ 35.421627775602246, 45.315424590273551 ], [ 35.412998323714532, 45.304865678908868 ], [ 35.428925683174612, 45.303567251228571 ], [ 35.415851689105068, 45.301632922822023 ], [ 35.323419860239255, 45.391245756587296 ], [ 35.306757266335637, 45.389249883076559 ], [ 35.088602879220389, 45.611277588191058 ], [ 35.062451999760867, 45.622958000012602 ], [ 35.02914148619152, 45.673641115945657 ], [ 35.00566009763628, 45.681359331568785 ], [ 34.920628966154766, 45.832516723668789 ], [ 35.072636785060467, 45.63386691043047 ], [ 35.295471001286558, 45.418967999874212 ], [ 35.407535000740609, 45.33389699964772 ], [ 35.5183000014448, 45.284278000230415 ], [ 35.72080000121997, 45.334973999851115 ], [ 35.761230165940276, 45.373361561387867 ], [ 35.748786797173864, 45.393832413635891 ], [ 35.81922912642392, 45.431615772850535 ], [ 35.820728838565913, 45.461150479212165 ], [ 35.845184958220159, 45.473046689653927 ], [ 35.872209027225722, 45.466729092574496 ], [ 35.845644525275532, 45.448141624837035 ], [ 35.873879362343587, 45.415718641403089 ], [ 35.978999882439496, 45.370533680086169 ], [ 36.050603784138218, 45.386939561612394 ], [ 36.072398293647211, 45.406870610191447 ], [ 36.07264500016754, 45.442034998817064 ], [ 36.125568560241732, 45.462208844563463 ], [ 36.284391194299076, 45.481467892729995 ], [ 36.325932877001549, 45.470431102314421 ], [ 36.344183588202952, 45.483511066083736 ], [ 36.413955213862948, 45.445782551124751 ], [ 36.476210054950968, 45.456340376108358 ], [ 36.553417227623868, 45.423511952215733 ], [ 36.596032001176809, 45.437765999801968 ], [ 36.61351091239959, 45.422104372020044 ], [ 36.607595000209983, 45.409206001156917 ], [ 36.64622623575309, 45.382910050259511 ], [ 36.596766177118297, 45.346302174206869 ], [ 36.478969994270699, 45.359159875928469 ], [ 36.471353660144189, 45.331790472653097 ], [ 36.493908819837088, 45.317859776308524 ], [ 36.417488918179913, 45.284526884908701 ], [ 36.428893885645209, 45.257887816570417 ], [ 36.408118788252352, 45.260156143292306 ], [ 36.42642399117517, 45.254617376191845 ], [ 36.413516705332597, 45.243038745142883 ], [ 36.432131144637538, 45.25915191173226 ], [ 36.427231040980644, 45.277162803421561 ], [ 36.437207642219789, 45.270267748059041 ], [ 36.433581483999205, 45.258473260833227 ], [ 36.421831270397718, 45.245313386004852 ], [ 36.421010325167288, 45.237149737071604 ], [ 36.401698529964108, 45.212051276646037 ], [ 36.420466999753103, 45.136355000084109 ], [ 36.452723824445854, 45.096385656973382 ], [ 36.374534759372523, 45.059237286572454 ], [ 36.259289061941558, 45.051988274240387 ], [ 36.225326059650854, 45.028229038340385 ], [ 36.03109677579647, 45.050259874394612 ], [ 35.953582998157742, 45.013185848249236 ], [ 35.911516445028781, 45.020243387723099 ], [ 35.83839342741561, 44.999484175954876 ], [ 35.778859715404451, 45.067296824589675 ], [ 35.696099086104823, 45.106024674300215 ], [ 35.582274554028345, 45.130513230701922 ], [ 35.497113477705739, 45.118043563960214 ], [ 35.431416805242236, 45.088889340071887 ], [ 35.386544629032301, 45.048953915791515 ], [ 35.391111573441265, 45.024672802408816 ], [ 35.425302999934388, 45.01349100080995 ], [ 35.357145867788461, 44.987352247808928 ], [ 35.383670332820486, 44.947292861876974 ], [ 35.34280296718407, 44.966495629570545 ], [ 35.263348253819743, 44.966334966586373 ], [ 35.239688000002104, 44.918230000115329 ], [ 35.157650427426177, 44.893788785824711 ], [ 35.130196998693407, 44.823767000247756 ], [ 35.0822689999153, 44.792334000414712 ], [ 35.047439999956907, 44.80096500003566 ], [ 35.050946999805092, 44.815261000095973 ], [ 35.030528998915088, 44.830231998908516 ], [ 34.965070541573141, 44.841017256142379 ], [ 34.909685134162487, 44.816003696214523 ], [ 34.72261000035212, 44.810275001291188 ], [ 34.459814999863227, 44.712165999662091 ], [ 34.41641899963804, 44.67395700031625 ], [ 34.370217000415153, 44.591546999595266 ], [ 34.349387000310685, 44.58296999886727 ], [ 34.347067998590148, 44.548831000151438 ], [ 34.306574953272388, 44.553176730222845 ], [ 34.250833804637239, 44.506824340072171 ], [ 34.168444697865425, 44.495512232104716 ], [ 34.126278897354098, 44.428690103066742 ], [ 33.970478554642455, 44.391675660604164 ], [ 33.861518579619656, 44.407005190338168 ], [ 33.759044000780875, 44.390062999908423 ], [ 33.783489385227824, 44.406709495048062 ], [ 33.900376000952576, 44.423980999224625 ], [ 33.884155111769871, 44.469608276801466 ], [ 33.894695553757686, 44.482187401828071 ], [ 33.85934763778414, 44.479409085761631 ], [ 33.867851909438969, 44.494591366799057 ], [ 33.859301480080148, 44.514566587379022 ], [ 33.842038701126057, 44.512365125251222 ], [ 33.828403001298341, 44.573459000033722 ], [ 33.786576488015385, 44.584794814130305 ], [ 33.782589000183123, 44.612192000161599 ], [ 33.735656848585563, 44.601474685809023 ], [ 33.716703723698799, 44.620094605582494 ], [ 33.777075779224731, 44.69028706539666 ], [ 33.723201685210483, 44.716891197771474 ], [ 33.710924896067979, 44.705335428388196 ], [ 33.687115379971715, 44.714303671078483 ], [ 33.688379708057994, 44.702543276252129 ], [ 33.616290006979114, 44.712157045112463 ], [ 33.611330889809608, 44.750432039407997 ], [ 33.682644572190156, 44.770034738313427 ], [ 33.663928656982819, 44.795585637767886 ], [ 33.585264001633277, 44.80793915886602 ], [ 33.568189941813273, 44.835636504422041 ], [ 33.607893775378329, 44.872160711148808 ], [ 33.603870583561445, 44.995653972353864 ], [ 33.567961529302011, 45.076208531399516 ], [ 33.510791898428238, 45.135260809339798 ], [ 33.39072338777504, 45.19795413017988 ], [ 33.259758958310158, 45.148004314248624 ], [ 33.148721999921236, 45.203280999919116 ], [ 32.982713998553095, 45.329627915197023 ], [ 32.911040212336843, 45.360384840688766 ], [ 32.754700524610428, 45.365216246033867 ], [ 32.652296985918042, 45.315354192243092 ], [ 32.4941159515908, 45.346775308434644 ], [ 32.513704999686865, 45.375551999625998 ], [ 32.479924657797596, 45.39566317881355 ], [ 32.584299351234961, 45.480190894994735 ], [ 32.692246656358975, 45.522806191953123 ], [ 32.696857309618053, 45.510091218935543 ], [ 32.790003884572513, 45.561642620411533 ], [ 32.829648644370309, 45.547671014806383 ], [ 32.845096829755789, 45.577012413692842 ], [ 32.821904194623755, 45.586507686081745 ], [ 32.898310789911932, 45.632788995616579 ], [ 33.068208502121536, 45.704866187125731 ], [ 33.139587708207046, 45.719793059802782 ], [ 33.157472752366516, 45.738904003118137 ], [ 33.166362643422133, 45.783889951660854 ], [ 33.171154959734508, 45.800199496910182 ], [ 33.178551025610204, 45.807341446751309 ], [ 33.178420060038604, 45.775617750959327 ], [ 33.238337396754332, 45.750890434446887 ], [ 33.351638413682736, 45.78390630942954 ], [ 33.427946605152613, 45.835293995622294 ], [ 33.496714261854606, 45.857667258438141 ], [ 33.502603406622825, 45.840295751448707 ], [ 33.526673684743628, 45.848035543606386 ], [ 33.543466337702228, 45.835636309968663 ], [ 33.566744966907606, 45.868597739994641 ], [ 33.61359736212944, 45.890283335308595 ], [ 33.68304194842807, 45.843105484431476 ], [ 33.679111999220254, 45.906155000653655 ], [ 33.759239515192348, 45.934905208609393 ], [ 33.73980800043978, 45.95233199962297 ], [ 33.618137000423133, 45.946917499943595 ], [ 33.632029000738669, 45.966408998577322 ], [ 33.614722000320967, 46.052798000228449 ], [ 33.642654998830039, 46.079706000032786 ], [ 33.615874047150442, 46.127596834327335 ], [ 33.636708998922074, 46.140223001091556 ], [ 33.615276999834578, 46.226394999030902 ], [ 33.665650000747803, 46.221245999004566 ], [ 33.700644137817619, 46.199729068842373 ], [ 33.705413999857115, 46.171378998942544 ] ], [ [ 33.440845000297429, 45.835242998666388 ], [ 33.443100000865229, 45.836017999332114 ], [ 33.443337000103384, 45.837115999604634 ], [ 33.441315001287194, 45.837597000202322 ], [ 33.440845000297429, 45.835242998666388 ] ], [ [ 33.421669000924567, 45.825728999694491 ], [ 33.422797999928662, 45.826354998884995 ], [ 33.422138000069538, 45.828242998716348 ], [ 33.421009001065443, 45.827617998672622 ], [ 33.421669000924567, 45.825728999694491 ] ], [ [ 33.437888999778409, 45.830855998706284 ], [ 33.439017999681823, 45.831165000365388 ], [ 33.437908000654602, 45.833054000242839 ], [ 33.437004000335264, 45.832584000152394 ], [ 33.437888999778409, 45.830855998706284 ] ], [ [ 33.4609220007506, 45.843959999555238 ], [ 33.459576000732739, 45.843810999878656 ], [ 33.462943999566789, 45.843482999141997 ], [ 33.462497999683819, 45.843956000270111 ], [ 33.4609220007506, 45.843959999555238 ] ], [ [ 33.469483000740809, 45.845654000332786 ], [ 33.46836100116019, 45.845973998901854 ], [ 33.467674000055922, 45.844875000381876 ], [ 33.468575000236967, 45.844715000197994 ], [ 33.469483000740809, 45.845654000332786 ] ], [ [ 33.438374000560543, 45.834937999889689 ], [ 33.438152000215553, 45.835724000163395 ], [ 33.437470000241206, 45.834624998945458 ], [ 33.437920000308679, 45.834624999844777 ], [ 33.438374000560543, 45.834937999889689 ] ], [ [ 33.435440000156746, 45.83353399989511 ], [ 33.436114999808296, 45.833529999710606 ], [ 33.436340001191013, 45.833846999040702 ], [ 33.434994001173095, 45.834007000123847 ], [ 33.435440000156746, 45.83353399989511 ] ] ], [ [ [ 36.543828514775043, 45.277833503414342 ], [ 36.554932873953874, 45.266044588387956 ], [ 36.577414926858296, 45.249818535298061 ], [ 36.550547874985341, 45.261443974260942 ], [ 36.525314770760929, 45.288348928061509 ], [ 36.543828514775043, 45.277833503414342 ] ] ], [ [ [ 33.926185001337615, 46.100993998774925 ], [ 33.928963000842714, 46.084047999716347 ], [ 33.92280298477084, 46.081670360399755 ], [ 33.906832000097609, 46.100885500066681 ], [ 33.926185001337615, 46.100993998774925 ] ] ], [ [ [ 34.086541001067246, 46.083045000227514 ], [ 34.080782999936389, 46.100802999859468 ], [ 34.073972999755028, 46.109953999178629 ], [ 34.094342000184042, 46.086021999016964 ], [ 34.086541001067246, 46.083045000227514 ] ] ], [ [ [ 35.035728001247151, 45.426243999062194 ], [ 35.041071001226612, 45.404802000412928 ], [ 35.058403000099247, 45.381596998703458 ], [ 35.058615262585192, 45.379566254879649 ], [ 35.039374000310772, 45.404228000023068 ], [ 35.035728001247151, 45.426243999062194 ] ] ], [ [ [ 34.314711057770012, 46.017473660881649 ], [ 34.319749999663657, 46.018068000338872 ], [ 34.328101999908256, 46.014352998992649 ], [ 34.30453300119791, 46.008272000053694 ], [ 34.314711057770012, 46.017473660881649 ] ] ], [ [ [ 34.339789000163137, 46.033208999796443 ], [ 34.337357001325415, 46.028814000366765 ], [ 34.315365999841902, 46.030671998814626 ], [ 34.324521001144205, 46.034875000182012 ], [ 34.339789000163137, 46.033208999796443 ] ] ], [ [ [ 34.50661899986784, 45.795770000386142 ], [ 34.501424999564961, 45.790453998953808 ], [ 34.485069999881489, 45.788056999931541 ], [ 34.485679000086691, 45.790401000107011 ], [ 34.50661899986784, 45.795770000386142 ] ] ], [ [ [ 34.476540999568385, 45.796594499737296 ], [ 34.479657000271231, 45.797260999896139 ], [ 34.493432999734068, 45.795414000156882 ], [ 34.480071998724668, 45.79334099988813 ], [ 34.476540999568385, 45.796594499737296 ] ] ], [ [ [ 34.510389360781289, 45.798984500235406 ], [ 34.507508001294127, 45.79670000010583 ], [ 34.498686000959083, 45.79728099991911 ], [ 34.508401001106222, 45.802980000127832 ], [ 34.510389360781289, 45.798984500235406 ] ] ], [ [ [ 34.741520074692573, 45.826155115567019 ], [ 34.722803432833075, 45.825011763383088 ], [ 34.702849232107269, 45.817659856018452 ], [ 34.715149382039215, 45.823809923789838 ], [ 34.732539715436417, 45.827319870716394 ], [ 34.741520074692573, 45.826155115567019 ] ] ], [ [ [ 34.234167000107846, 46.013885999040554 ], [ 34.23327400119507, 46.007682998972143 ], [ 34.228160000984133, 46.010906499236455 ], [ 34.228461999622482, 46.016439999906993 ], [ 34.234167000107846, 46.013885999040554 ] ] ], [ [ [ 35.375974093030834, 45.260852019805782 ], [ 35.367395362007244, 45.267273697224255 ], [ 35.363987361328554, 45.271567697392243 ], [ 35.377610782712338, 45.262234195952317 ], [ 35.375974093030834, 45.260852019805782 ] ] ], [ [ [ 33.541383999772677, 45.880279999023628 ], [ 33.529152999612108, 45.870708999221847 ], [ 33.523386999910997, 45.867962000247019 ], [ 33.54248200094446, 45.881624999894768 ], [ 33.541383999772677, 45.880279999023628 ] ] ], [ [ [ 35.032659000013723, 45.430465000360414 ], [ 35.030330998777458, 45.426526000375532 ], [ 35.030060999816158, 45.417608000110022 ], [ 35.027367999734281, 45.435682999971391 ], [ 35.032659000013723, 45.430465000360414 ] ] ], [ [ [ 34.317633000063779, 46.037428000103034 ], [ 34.321290487067188, 46.035098631897256 ], [ 34.315288000741532, 46.032151998716699 ], [ 34.316143999746657, 46.033675999748482 ], [ 34.313819998694896, 46.036758998929599 ], [ 34.312219001306744, 46.037655999825461 ], [ 34.317633000063779, 46.037428000103034 ] ] ], [ [ [ 34.551755001193214, 45.803116000104239 ], [ 34.549235000995395, 45.804906999958973 ], [ 34.561663000348062, 45.808544998653701 ], [ 34.558728999944265, 45.806257000161338 ], [ 34.551755001193214, 45.803116000104239 ] ] ], [ [ [ 34.556295000115028, 45.979013998897869 ], [ 34.562864000873844, 45.978710000167268 ], [ 34.555133999635245, 45.978103000054318 ], [ 34.553095292314765, 45.974219786814615 ], [ 34.553410207016327, 45.968076399207348 ], [ 34.552702416284376, 45.973827519625218 ], [ 34.555923000946621, 45.982344998723647 ], [ 34.556295000115028, 45.979013998897869 ] ] ], [ [ [ 35.366209445810171, 45.338162206221739 ], [ 35.362180000107799, 45.342904000420219 ], [ 35.35954500000264, 45.350711998960492 ], [ 35.3663839997227, 45.346995499343734 ], [ 35.366209445810171, 45.338162206221739 ] ] ], [ [ [ 34.496272000253498, 45.797450998765498 ], [ 34.492333001167935, 45.798650000098348 ], [ 34.499953863380995, 45.801114643426956 ], [ 34.498519969921574, 45.797980757007224 ], [ 34.496272000253498, 45.797450998765498 ] ] ], [ [ [ 35.45831500063764, 45.270450000168296 ], [ 35.456469000045217, 45.270059000123695 ], [ 35.464371001121719, 45.278658000067537 ], [ 35.463362001356188, 45.274944998813567 ], [ 35.45831500063764, 45.270450000168296 ] ] ], [ [ [ 34.321324000303264, 45.999048999212846 ], [ 34.317871001146671, 46.002800000420621 ], [ 34.319014999943192, 46.004560999791238 ], [ 34.32287800002058, 46.003883000001338 ], [ 34.321324000303264, 45.999048999212846 ] ] ], [ [ [ 34.43319499985023, 45.939102000158073 ], [ 34.429502001317189, 45.938291999676949 ], [ 34.42790300042401, 45.938796998683472 ], [ 34.434154000907313, 45.943314000141925 ], [ 34.43319499985023, 45.939102000158073 ] ] ], [ [ [ 34.074268213008509, 46.075345835842541 ], [ 34.071957000316218, 46.075069000235089 ], [ 34.069709000970533, 46.070586000344576 ], [ 34.068682001274226, 46.075532000002738 ], [ 34.074268213008509, 46.075345835842541 ] ] ], [ [ [ 35.094819001296742, 45.585508999741478 ], [ 35.087821632763053, 45.592981193228411 ], [ 35.085919000062688, 45.600722998968138 ], [ 35.088515000168002, 45.59281099922913 ], [ 35.094819001296742, 45.585508999741478 ] ] ], [ [ [ 34.780398999714976, 45.732452998807787 ], [ 34.767543999556835, 45.731486000079769 ], [ 34.764737659716104, 45.730346820750071 ], [ 34.767260949634021, 45.732492493434734 ], [ 34.780398999714976, 45.732452998807787 ] ] ], [ [ [ 34.761859000893082, 45.733475000072133 ], [ 34.764593216004982, 45.732529580576625 ], [ 34.751257001210547, 45.732379999937962 ], [ 34.756204000914806, 45.73418400039219 ], [ 34.761859000893082, 45.733475000072133 ] ] ], [ [ [ 34.209158999788883, 46.050590999176165 ], [ 34.204637960374441, 46.053243409256822 ], [ 34.204317999576915, 46.054091999646971 ], [ 34.209763999809638, 46.052222998893171 ], [ 34.209158999788883, 46.050590999176165 ] ] ], [ [ [ 35.038558999599047, 45.597276000088243 ], [ 35.038157000845786, 45.592098999669986 ], [ 35.033908000954398, 45.592913000335614 ], [ 35.036137001222528, 45.597064000204341 ], [ 35.038558999599047, 45.597276000088243 ] ] ], [ [ [ 33.509527001071149, 45.857504000010522 ], [ 33.508688000151949, 45.85684600024365 ], [ 33.51216100113021, 45.854618999168395 ], [ 33.5066479996064, 45.856590000129302 ], [ 33.509527001071149, 45.857504000010522 ] ] ], [ [ [ 35.040475168894829, 45.395207000403673 ], [ 35.039097001026676, 45.395364000449149 ], [ 35.033038000404304, 45.402916999820604 ], [ 35.041154999704361, 45.39632699989204 ], [ 35.040475168894829, 45.395207000403673 ] ] ], [ [ [ 34.754731999582987, 45.764413998707994 ], [ 34.75331299979598, 45.76335400018786 ], [ 34.748809999882496, 45.762226000330543 ], [ 34.759238999680974, 45.76818199980039 ], [ 34.754731999582987, 45.764413998707994 ] ] ], [ [ [ 34.263912001238737, 46.041205998958617 ], [ 34.257805001100792, 46.040488999168872 ], [ 34.257152999811979, 46.041594998910966 ], [ 34.261931999862782, 46.043429999895466 ], [ 34.263912001238737, 46.041205998958617 ] ] ], [ [ [ 35.043637999994587, 45.607302000188099 ], [ 35.042785000228491, 45.6074750000721 ], [ 35.041006000927098, 45.612203998716495 ], [ 35.044974899772683, 45.611236812030143 ], [ 35.043637999994587, 45.607302000188099 ] ] ], [ [ [ 34.491194999950153, 45.798907000258794 ], [ 34.489420999980041, 45.799197000142385 ], [ 34.487217499988503, 45.800725999606129 ], [ 34.493510499710681, 45.800080998640112 ], [ 34.491194999950153, 45.798907000258794 ] ] ], [ [ [ 35.056433000983077, 45.585528998865129 ], [ 35.055262000042148, 45.584253000276647 ], [ 35.051293999619304, 45.585757000386195 ], [ 35.053749000416929, 45.587475998719299 ], [ 35.056433000983077, 45.585528998865129 ] ] ], [ [ [ 35.047583001155488, 45.387838999671033 ], [ 35.042224242355815, 45.392159843702757 ], [ 35.040552999821955, 45.394484000337286 ], [ 35.041768000993329, 45.394495999091987 ], [ 35.047583001155488, 45.387838999671033 ] ] ], [ [ [ 35.048230999561895, 45.389196000196193 ], [ 35.045723999963514, 45.391560000394634 ], [ 35.041223000142224, 45.397718000186501 ], [ 35.042271999953755, 45.397742000393919 ], [ 35.048230999561895, 45.389196000196193 ] ] ], [ [ [ 34.166364827675523, 46.069421267678251 ], [ 34.162697001166578, 46.069880000162811 ], [ 34.162371999668949, 46.070229000069219 ], [ 34.166723999813655, 46.072657998768534 ], [ 34.166364827675523, 46.069421267678251 ] ] ], [ [ [ 34.246955999920374, 46.029453000156764 ], [ 34.244762001266224, 46.032306998669981 ], [ 34.247040000196762, 46.033222000395938 ], [ 34.247688000401808, 46.031959998855768 ], [ 34.246955999920374, 46.029453000156764 ] ] ], [ [ [ 34.752947000004951, 45.861734999971191 ], [ 34.753582999656601, 45.861907998955928 ], [ 34.750378591999322, 45.858235871888894 ], [ 34.750806001096976, 45.863465999757011 ], [ 34.752947000004951, 45.861734999971191 ] ] ], [ [ [ 34.548754001297027, 45.805264000234331 ], [ 34.54826200019204, 45.804466000306604 ], [ 34.540112001168836, 45.805270999657807 ], [ 34.547076001257324, 45.80612699866299 ], [ 34.548754001297027, 45.805264000234331 ] ] ], [ [ [ 35.033822999732536, 45.589285000303448 ], [ 35.030113999562332, 45.588625000444324 ], [ 35.028653999683229, 45.589772000278515 ], [ 35.031039999996892, 45.590659999860009 ], [ 35.033822999732536, 45.589285000303448 ] ] ], [ [ [ 34.779447000779328, 45.902019998824812 ], [ 34.78069700086678, 45.901929000024268 ], [ 34.782244447224343, 45.897046042841509 ], [ 34.777857001200516, 45.902050000208249 ], [ 34.779447000779328, 45.902019998824812 ] ] ], [ [ [ 35.059536001086485, 45.583728000347833 ], [ 35.059169001249302, 45.581465000310402 ], [ 35.056365999692048, 45.583065000350416 ], [ 35.05736330107635, 45.584885999789947 ], [ 35.059536001086485, 45.583728000347833 ] ] ], [ [ [ 35.041435000026127, 45.598220999600358 ], [ 35.039192000910987, 45.600382000329944 ], [ 35.040969000120128, 45.602898000343373 ], [ 35.042108998732203, 45.599008999066939 ], [ 35.041435000026127, 45.598220999600358 ] ] ], [ [ [ 33.505060001019103, 45.855575000087072 ], [ 33.505805000301393, 45.853979000231561 ], [ 33.507643999671757, 45.852675000351894 ], [ 33.503613000840232, 45.854198001337579 ], [ 33.505060001019103, 45.855575000087072 ] ] ], [ [ [ 35.06399800000861, 45.567216998866343 ], [ 35.061537999879704, 45.567176998820344 ], [ 35.061639000940033, 45.571131000396292 ], [ 35.062353999738207, 45.571098998920604 ], [ 35.06399800000861, 45.567216998866343 ] ] ], [ [ [ 34.31807250144567, 46.019492162234428 ], [ 34.316446000183646, 46.020370000376147 ], [ 34.317794000293759, 46.022629000229074 ], [ 34.319160001233968, 46.020098000423275 ], [ 34.31807250144567, 46.019492162234428 ] ] ], [ [ [ 35.038040641163548, 45.60863871110854 ], [ 35.035444999887716, 45.609995000269976 ], [ 35.035204999611949, 45.611541998765119 ], [ 35.0380899995547, 45.610675000152071 ], [ 35.038040641163548, 45.60863871110854 ] ] ], [ [ [ 35.074652001189804, 45.561940000131813 ], [ 35.076477000813838, 45.560835998683331 ], [ 35.073908000154972, 45.561304998727621 ], [ 35.072116001153404, 45.564041999939263 ], [ 35.074652001189804, 45.561940000131813 ] ] ], [ [ [ 34.731833001192967, 45.724448000175983 ], [ 34.729763000163246, 45.724678999137438 ], [ 34.732153999808133, 45.727268998966053 ], [ 34.733177000219257, 45.725814000216872 ], [ 34.731833001192967, 45.724448000175983 ] ] ], [ [ [ 35.080167001007169, 45.5492840001574 ], [ 35.079385000018647, 45.550072999670135 ], [ 35.080404000245323, 45.553482000394922 ], [ 35.081115735403785, 45.551356182942413 ], [ 35.080167001007169, 45.5492840001574 ] ] ], [ [ [ 35.076060998717026, 45.549853000316602 ], [ 35.074447000729378, 45.551489000218112 ], [ 35.074549000037223, 45.553493000002845 ], [ 35.076240999823199, 45.552747998921916 ], [ 35.076060998717026, 45.549853000316602 ] ] ], [ [ [ 35.067050999604817, 45.568024000108437 ], [ 35.065380999934064, 45.568836999828591 ], [ 35.063682999871446, 45.57249200020658 ], [ 35.065098001272645, 45.57150599880373 ], [ 35.067050999604817, 45.568024000108437 ] ] ], [ [ [ 35.08489799974376, 45.60159899979493 ], [ 35.083273001248926, 45.604619998814826 ], [ 35.082687001205045, 45.611394000034011 ], [ 35.083970000116324, 45.604226000430515 ], [ 35.08489799974376, 45.60159899979493 ] ] ], [ [ [ 35.097791999901744, 45.510518000306377 ], [ 35.095777999655866, 45.511512000279481 ], [ 35.096402999699592, 45.513611999994737 ], [ 35.0973150012872, 45.513325000249495 ], [ 35.097791999901744, 45.510518000306377 ] ] ], [ [ [ 35.056187999577389, 45.571503998711478 ], [ 35.057563381345858, 45.571646626691404 ], [ 35.057356001279345, 45.569340998788959 ], [ 35.05465700002145, 45.571591999172313 ], [ 35.056187999577389, 45.571503998711478 ] ] ], [ [ [ 35.061035000066113, 45.577261998943015 ], [ 35.058591999821829, 45.578704999836759 ], [ 35.059268999565575, 45.580419999784056 ], [ 35.060217001014678, 45.580165998862697 ], [ 35.061035000066113, 45.577261998943015 ] ] ], [ [ [ 35.028408000030083, 45.585309998658431 ], [ 35.026025999900867, 45.586944000266328 ], [ 35.026674000105913, 45.587959000308558 ], [ 35.027851104745594, 45.587703566767118 ], [ 35.028408000030083, 45.585309998658431 ] ] ], [ [ [ 34.298751946845755, 46.034058290758423 ], [ 34.29628500125267, 46.033711998710714 ], [ 34.294746000428461, 46.034868999005994 ], [ 34.297146999635231, 46.035061998913022 ], [ 34.298751946845755, 46.034058290758423 ] ] ], [ [ [ 34.74945900103296, 45.764726999652225 ], [ 34.752460000929204, 45.767381998881035 ], [ 34.754065001199763, 45.767171999089385 ], [ 34.751449000172101, 45.765281000019058 ], [ 34.74945900103296, 45.764726999652225 ] ] ], [ [ [ 35.03921100088786, 45.587836000032269 ], [ 35.040939999682109, 45.587688000401783 ], [ 35.04179100025533, 45.586168998701226 ], [ 35.038306999669203, 45.587132999089533 ], [ 35.03921100088786, 45.587836000032269 ] ] ], [ [ [ 35.038109001330213, 45.602912000089646 ], [ 35.035958000162452, 45.60279299909854 ], [ 35.036941717287334, 45.604857852408884 ], [ 35.037754001147107, 45.604672000313485 ], [ 35.038109001330213, 45.602912000089646 ] ] ], [ [ [ 33.642198067687559, 45.943599459348491 ], [ 33.640268626197042, 45.943725100034271 ], [ 33.643890309391168, 45.945254826150233 ], [ 33.643345394874984, 45.944020996772508 ], [ 33.642198067687559, 45.943599459348491 ] ] ], [ [ [ 34.739758999778928, 45.730004000085444 ], [ 34.736090998801444, 45.728887998982884 ], [ 34.734867999959135, 45.729411998865544 ], [ 34.740404999891723, 45.730551000129481 ], [ 34.739758999778928, 45.730004000085444 ] ] ], [ [ [ 34.746328999684465, 45.730612000244548 ], [ 34.745505001255708, 45.730089000407929 ], [ 34.74061899986782, 45.729954998725134 ], [ 34.741561403037224, 45.730618565295458 ], [ 34.746328999684465, 45.730612000244548 ] ] ], [ [ [ 35.048671000067486, 45.591120000388628 ], [ 35.046628000282851, 45.59157099870356 ], [ 35.046371001021782, 45.591849998979171 ], [ 35.048261000046011, 45.593255999965322 ], [ 35.048671000067486, 45.591120000388628 ] ] ], [ [ [ 34.681415941593343, 45.724716606087441 ], [ 34.680276999684679, 45.724781000243865 ], [ 34.685497001186548, 45.72628100016891 ], [ 34.684243000015329, 45.72552400033328 ], [ 34.681415941593343, 45.724716606087441 ] ] ], [ [ [ 34.128982001319173, 46.040104001199609 ], [ 34.127167000357645, 46.039650000048368 ], [ 34.126751000958791, 46.04138600006479 ], [ 34.127434000979235, 46.041690999740752 ], [ 34.128982001319173, 46.040104001199609 ] ] ], [ [ [ 35.083098465322792, 45.541828437833033 ], [ 35.082011315370778, 45.542313424226052 ], [ 35.081991999731883, 45.545023998859392 ], [ 35.082988999843337, 45.543998000108559 ], [ 35.083098465322792, 45.541828437833033 ] ] ], [ [ [ 34.311811999624979, 46.034893000112788 ], [ 34.310708000874456, 46.035742998841215 ], [ 34.31371300005577, 46.036261000245872 ], [ 34.313629661680409, 46.035798800874886 ], [ 34.311811999624979, 46.034893000112788 ] ] ], [ [ [ 35.048863999974515, 45.587774999917201 ], [ 35.045840054775624, 45.588645861118493 ], [ 35.045792001300697, 45.58917799896642 ], [ 35.048210001291409, 45.589217999012362 ], [ 35.048863999974515, 45.587774999917201 ] ] ], [ [ [ 34.332696999567759, 46.016141998755131 ], [ 34.329623999948524, 46.016708998822139 ], [ 34.329423352206845, 46.016998854814233 ], [ 34.331434999826286, 46.017682998772273 ], [ 34.332696999567759, 46.016141998755131 ] ] ], [ [ [ 36.520415249864811, 45.290798069776031 ], [ 36.5243013841025, 45.289939749620657 ], [ 36.524458796936813, 45.289077478743536 ], [ 36.518316123391287, 45.290410311787355 ], [ 36.520415249864811, 45.290798069776031 ] ] ], [ [ [ 34.305097001126569, 46.033746000278597 ], [ 34.303922000900513, 46.033977000139373 ], [ 34.303147000234787, 46.036213999877134 ], [ 34.304101001061213, 46.036083000131271 ], [ 34.305097001126569, 46.033746000278597 ] ] ], [ [ [ 34.248592000721146, 46.022052999747075 ], [ 34.247002001142334, 46.021599000394474 ], [ 34.246807001143054, 46.023013999997033 ], [ 34.248394000583573, 46.023312000249518 ], [ 34.248592000721146, 46.022052999747075 ] ] ], [ [ [ 34.230685999660068, 46.018161999277766 ], [ 34.231341999334688, 46.01721200043437 ], [ 34.227970000316134, 46.017563000433029 ], [ 34.228656999621705, 46.018023999209106 ], [ 34.230685999660068, 46.018161999277766 ] ] ], [ [ [ 34.285443001294368, 46.003806000047803 ], [ 34.286528000068017, 46.003444000441164 ], [ 34.287333001217917, 46.002400999107749 ], [ 34.284353999638256, 46.003744999033415 ], [ 34.285443001294368, 46.003806000047803 ] ] ], [ [ [ 34.282732000382396, 46.008756999936509 ], [ 34.280898000343313, 46.009005998828684 ], [ 34.281685999809952, 46.010879999813028 ], [ 34.282660000659405, 46.010716000344075 ], [ 34.282732000382396, 46.008756999936509 ] ] ], [ [ [ 34.37311199812109, 46.020365010937439 ], [ 34.371848000985324, 46.020384999269197 ], [ 34.371120999835171, 46.02142200032597 ], [ 34.373115000957398, 46.022229999815579 ], [ 34.37311199812109, 46.020365010937439 ] ] ], [ [ [ 34.687617995574954, 45.722397671815997 ], [ 34.686363499776576, 45.722505499630017 ], [ 34.690396999622749, 45.724851999021439 ], [ 34.689757999832693, 45.723423999718705 ], [ 34.687617995574954, 45.722397671815997 ] ] ], [ [ [ 34.56334300137928, 45.975476000318054 ], [ 34.562362000207031, 45.976493998699993 ], [ 34.563594001263027, 45.977149000127156 ], [ 34.564325000799045, 45.97637400036075 ], [ 34.56334300137928, 45.975476000318054 ] ] ], [ [ [ 34.242873999636288, 46.018500999622347 ], [ 34.242165001114813, 46.017094000388738 ], [ 34.240592999668081, 46.017426000410524 ], [ 34.241291001279592, 46.018360000314658 ], [ 34.242873999636288, 46.018500999622347 ] ] ], [ [ [ 34.134605000721081, 46.039421000279845 ], [ 34.133251000334269, 46.039275999888389 ], [ 34.132590999575882, 46.040225999631105 ], [ 34.135078000050555, 46.040358998569843 ], [ 34.134605000721081, 46.039421000279845 ] ] ], [ [ [ 34.309543001109489, 46.01891999915955 ], [ 34.308440999753202, 46.01945200031048 ], [ 34.308606000167686, 46.020418999937817 ], [ 34.310365001244691, 46.0204179989924 ], [ 34.309543001109489, 46.01891999915955 ] ] ], [ [ [ 34.320238999730918, 46.020525000329428 ], [ 34.319530000310181, 46.021098998920593 ], [ 34.319201000426744, 46.022972999904937 ], [ 34.320895001204235, 46.022395000230006 ], [ 34.320238999730918, 46.020525000329428 ] ] ], [ [ [ 34.697423432446328, 45.710477991766822 ], [ 34.696640000636421, 45.71006599884771 ], [ 34.694079000346505, 45.710321498938924 ], [ 34.696554001167101, 45.711158998889573 ], [ 34.697423432446328, 45.710477991766822 ] ] ], [ [ [ 34.736186499608152, 45.823415999149972 ], [ 34.732981001073256, 45.822312000399393 ], [ 34.732436000222151, 45.822509999637703 ], [ 34.734489999614709, 45.823758998779681 ], [ 34.736186499608152, 45.823415999149972 ] ] ], [ [ [ 34.235389999849531, 46.016541000068003 ], [ 34.233592999718041, 46.017029000089224 ], [ 34.234066000846155, 46.017967000177805 ], [ 34.235411999964697, 46.017638999441203 ], [ 34.235389999849531, 46.016541000068003 ] ] ], [ [ [ 34.284423001021594, 46.004934999051898 ], [ 34.282686000959075, 46.005315000387895 ], [ 34.282697999713832, 46.006391998792651 ], [ 34.283558000702044, 46.006660000359659 ], [ 34.284423001021594, 46.004934999051898 ] ] ], [ [ [ 34.245469500617844, 45.995491499733816 ], [ 34.243809505904892, 45.996279480314683 ], [ 34.243781000093975, 45.996780998944871 ], [ 34.245113001264883, 45.996943000120268 ], [ 34.245469500617844, 45.995491499733816 ] ] ], [ [ [ 35.061296001310325, 45.574742998791294 ], [ 35.060460999676309, 45.575683999917601 ], [ 35.061499999925957, 45.576860000189754 ], [ 35.062040998793975, 45.575458000287369 ], [ 35.061296001310325, 45.574742998791294 ] ] ], [ [ [ 35.041618001270649, 45.603384000272285 ], [ 35.041210999588827, 45.604297000107408 ], [ 35.043422999972336, 45.605519999849037 ], [ 35.042029001338221, 45.603567999764266 ], [ 35.041618001270649, 45.603384000272285 ] ] ], [ [ [ 35.103307563594058, 45.495344108144991 ], [ 35.104690999690774, 45.495234999696379 ], [ 35.104813000820229, 45.494316999630769 ], [ 35.102229001268313, 45.494941998775118 ], [ 35.103307563594058, 45.495344108144991 ] ] ], [ [ [ 34.758407205029357, 45.769517330261522 ], [ 34.756491999806826, 45.769528998965029 ], [ 34.760414000806406, 45.770320000368656 ], [ 34.760373999861088, 45.770200000230716 ], [ 34.758407205029357, 45.769517330261522 ] ] ], [ [ [ 35.08112999865142, 45.540659999060608 ], [ 35.079452001309733, 45.5407369990142 ], [ 35.079667001331927, 45.542255998916119 ], [ 35.081123423707936, 45.54121656968988 ], [ 35.08112999865142, 45.540659999060608 ] ] ], [ [ [ 34.240095000984411, 45.996472999130503 ], [ 34.238951897013351, 45.996998975723045 ], [ 34.240946999805089, 45.997624000048461 ], [ 34.241085000773069, 45.997099000119647 ], [ 34.240095000984411, 45.996472999130503 ] ] ], [ [ [ 34.247748999617556, 46.024731000036525 ], [ 34.246387000660434, 46.02443299978404 ], [ 34.246188999623541, 46.025536000287104 ], [ 34.247771999778877, 46.025829000309045 ], [ 34.247748999617556, 46.024731000036525 ] ] ], [ [ [ 34.123010001111538, 46.025743999986503 ], [ 34.12237100132154, 46.02618999986953 ], [ 34.124250000737845, 46.027586000394535 ], [ 34.124451001013767, 46.026746000328558 ], [ 34.123010001111538, 46.025743999986503 ] ] ], [ [ [ 34.307754999594465, 46.016900000435612 ], [ 34.307000999897127, 46.017724999809786 ], [ 34.308041001092192, 46.018330998977319 ], [ 34.308759000928035, 46.017108999281788 ], [ 34.307754999594465, 46.016900000435612 ] ] ], [ [ [ 34.255551000579089, 46.040516000414016 ], [ 34.255527001270991, 46.039574000140931 ], [ 34.253723000816706, 46.039593000117748 ], [ 34.25374199989426, 46.040379000391454 ], [ 34.255551000579089, 46.040516000414016 ] ] ], [ [ [ 34.077899000939055, 46.067192000311479 ], [ 34.077478998657739, 46.067256998812354 ], [ 34.076548999837371, 46.068286000399496 ], [ 34.078743361817601, 46.068092441114175 ], [ 34.077899000939055, 46.067192000311479 ] ] ], [ [ [ 34.260929001273269, 46.038882999751536 ], [ 34.259796000286087, 46.0387380002594 ], [ 34.259602001232281, 46.040152999861959 ], [ 34.261391000095443, 46.039348999657534 ], [ 34.260929001273269, 46.038882999751536 ] ] ], [ [ [ 35.077363983262103, 45.538977862139518 ], [ 35.076271001206635, 45.539583999802687 ], [ 35.07617200113782, 45.540512941919644 ], [ 35.077491350646198, 45.539966021015971 ], [ 35.077363983262103, 45.538977862139518 ] ] ], [ [ [ 34.31281000068185, 46.027064998851529 ], [ 34.311716999740611, 46.027836000232128 ], [ 34.313920999755226, 46.028258999953778 ], [ 34.313927000931244, 46.027989000093214 ], [ 34.31281000068185, 46.027064998851529 ] ] ], [ [ [ 34.292684999813787, 46.021922000001211 ], [ 34.292188000276894, 46.022145000392356 ], [ 34.291859001292778, 46.023178000365363 ], [ 34.294051999900773, 46.02243999870791 ], [ 34.292684999813787, 46.021922000001211 ] ] ], [ [ [ 34.265828811751135, 46.041106996191843 ], [ 34.265178792568122, 46.042295990768253 ], [ 34.266532795652893, 46.042279999922982 ], [ 34.266509810780008, 46.041334000364714 ], [ 34.265828811751135, 46.041106996191843 ] ] ], [ [ [ 34.268288000691541, 46.044929999820567 ], [ 34.268711001312568, 46.043823000032319 ], [ 34.267132001341679, 46.043841999109873 ], [ 34.267151001318553, 46.044628000282898 ], [ 34.268288000691541, 46.044929999820567 ] ] ], [ [ [ 34.12585819270231, 46.026414991359673 ], [ 34.12492926227651, 46.027198294566574 ], [ 34.126821000589587, 46.027236998689432 ], [ 34.12680599989784, 46.026865998667802 ], [ 34.12585819270231, 46.026414991359673 ] ] ], [ [ [ 34.309575999933315, 46.028126000115719 ], [ 34.310742999790477, 46.028142999101021 ], [ 34.311018999927796, 46.027848999032983 ], [ 34.308540999868114, 46.02780399875644 ], [ 34.309575999933315, 46.028126000115719 ] ] ], [ [ [ 34.14075100085887, 46.031033001073069 ], [ 34.140723999613783, 46.029777998956376 ], [ 34.139820000193765, 46.029785000178549 ], [ 34.139396999572739, 46.03104799996612 ], [ 34.14075100085887, 46.031033001073069 ] ] ], [ [ [ 34.248508998692216, 46.02833599900805 ], [ 34.248699001158855, 46.026920001158032 ], [ 34.247349000956547, 46.026936000097237 ], [ 34.247372000218547, 46.028034000369757 ], [ 34.248508998692216, 46.02833599900805 ] ] ], [ [ [ 34.258185999784928, 46.037341998835075 ], [ 34.257053999743164, 46.037197000242259 ], [ 34.256854998660174, 46.038299999846004 ], [ 34.258427000106849, 46.037967998924898 ], [ 34.258185999784928, 46.037341998835075 ] ] ], [ [ [ 34.24425100108374, 46.029639998887774 ], [ 34.243556999656676, 46.028861998982961 ], [ 34.24245400095225, 46.029975999993326 ], [ 34.243137000972695, 46.030280999669287 ], [ 34.24425100108374, 46.029639998887774 ] ] ], [ [ [ 35.03299300102708, 45.594925998736755 ], [ 35.032626001189897, 45.595899000439431 ], [ 35.034102000008204, 45.595390500372218 ], [ 35.03397400130001, 45.595158998689726 ], [ 35.03299300102708, 45.594925998736755 ] ] ], [ [ [ 34.239017998982376, 46.017601000386776 ], [ 34.238997999858725, 46.016659000113691 ], [ 34.237190001018632, 46.016521000045032 ], [ 34.23766300034805, 46.017455999096001 ], [ 34.239017998982376, 46.017601000386776 ] ] ], [ [ [ 34.25582100043971, 46.032657999567959 ], [ 34.254917000120372, 46.03250899989132 ], [ 34.254261001345014, 46.033458998734716 ], [ 34.255173001133983, 46.033764000209374 ], [ 34.25582100043971, 46.032657999567959 ] ] ], [ [ [ 34.176776984970786, 45.941486993231081 ], [ 34.175213000980079, 45.942036998809385 ], [ 34.174708000174974, 45.94260799996016 ], [ 34.175852488202679, 45.942590896653485 ], [ 34.176776984970786, 45.941486993231081 ] ] ], [ [ [ 34.314847000189786, 46.009001000396779 ], [ 34.313654767154674, 46.00915169439611 ], [ 34.313208000149984, 46.009864999770855 ], [ 34.315230999911591, 46.0094779999107 ], [ 34.314847000189786, 46.009001000396779 ] ] ], [ [ [ 34.131720999925108, 46.041804998702617 ], [ 34.131489000018234, 46.041335999557646 ], [ 34.130386001313809, 46.042605999668069 ], [ 34.131966001330795, 46.042586998791876 ], [ 34.131720999925108, 46.041804998702617 ] ] ], [ [ [ 34.144330039100907, 46.060010340006102 ], [ 34.143446001032999, 46.060395998977071 ], [ 34.143472001332668, 46.060917999666856 ], [ 34.144388999553598, 46.060915998675341 ], [ 34.144330039100907, 46.060010340006102 ] ] ], [ [ [ 34.291235001295149, 46.031171000242409 ], [ 34.290319999569192, 46.031334998812042 ], [ 34.289655001278163, 46.031821998787109 ], [ 34.290873000789247, 46.031986000054758 ], [ 34.291235001295149, 46.031171000242409 ] ] ], [ [ [ 34.131999999301399, 46.044315000237987 ], [ 34.131763000962621, 46.043846000193696 ], [ 34.13018800117618, 46.044022000216046 ], [ 34.130879000666255, 46.044643000075325 ], [ 34.131999999301399, 46.044315000237987 ] ] ], [ [ [ 34.139255001118272, 46.035133000388555 ], [ 34.138569000959535, 46.034667998730072 ], [ 34.137459001032937, 46.035465000410341 ], [ 34.138592000221536, 46.035766999948009 ], [ 34.139255001118272, 46.035133000388555 ] ] ], [ [ [ 34.321423000372079, 46.005433998680985 ], [ 34.320711839880403, 46.005585058704412 ], [ 34.320356000629829, 46.006260999046788 ], [ 34.321328410578587, 46.006272822433743 ], [ 34.321423000372079, 46.005433998680985 ] ] ], [ [ [ 34.135676998895292, 46.036582999806512 ], [ 34.135448000026088, 46.036426998907814 ], [ 34.134330998877374, 46.036910999643851 ], [ 34.135691999586982, 46.037369000080218 ], [ 34.135676998895292, 46.036582999806512 ] ] ], [ [ [ 34.142718999882845, 46.028187000230787 ], [ 34.142264998731605, 46.028034000369757 ], [ 34.141144000096403, 46.028202000023214 ], [ 34.141830000255197, 46.028823999928591 ], [ 34.142718999882845, 46.028187000230787 ] ] ], [ [ [ 34.141025448766356, 46.06147384364391 ], [ 34.140441045019088, 46.061569578274316 ], [ 34.140046999870037, 46.062121000284833 ], [ 34.14094099972823, 46.062308999961317 ], [ 34.141025448766356, 46.06147384364391 ] ] ], [ [ [ 34.282418001190706, 46.006760998722029 ], [ 34.28240611125392, 46.007927623561898 ], [ 34.283059000173637, 46.007988998694259 ], [ 34.283136167401096, 46.007225940125977 ], [ 34.282418001190706, 46.006760998722029 ] ] ], [ [ [ 34.707036879349403, 45.720677069092403 ], [ 34.706751000159443, 45.720044000331256 ], [ 34.705196300769558, 45.720713228133889 ], [ 34.706401001106201, 45.720965999682051 ], [ 34.707036879349403, 45.720677069092403 ] ] ], [ [ [ 35.086829499782482, 45.604385499691944 ], [ 35.08598799964733, 45.60446399881539 ], [ 35.085502999764515, 45.604914999828281 ], [ 35.086804999551987, 45.604918999113409 ], [ 35.086829499782482, 45.604385499691944 ] ] ], [ [ [ 34.288116999600732, 46.03120899929678 ], [ 34.287531999603004, 46.032037998855458 ], [ 34.287693499856005, 46.032595500283037 ], [ 34.288214999623449, 46.032152999662117 ], [ 34.288116999600732, 46.03120899929678 ] ] ], [ [ [ 34.293162124333435, 46.028856147094416 ], [ 34.292535727642587, 46.028975496123167 ], [ 34.292388999653497, 46.029308998912086 ], [ 34.293435636046638, 46.029567952399987 ], [ 34.293162124333435, 46.028856147094416 ] ] ], [ [ [ 34.284601016424631, 46.01025030890554 ], [ 34.283989999939422, 46.010733000228697 ], [ 34.284339999891984, 46.011186000434463 ], [ 34.284930001019632, 46.010940999928096 ], [ 34.284601016424631, 46.01025030890554 ] ] ], [ [ [ 34.32572500090896, 46.000857998998356 ], [ 34.325219767179419, 46.00116078004686 ], [ 34.326556999706668, 46.001500999872178 ], [ 34.326517999706823, 46.001128999804394 ], [ 34.32572500090896, 46.000857998998356 ] ] ], [ [ [ 34.199591346364457, 46.051536744226269 ], [ 34.198969001119394, 46.05163000032519 ], [ 34.198942115886837, 46.052011975673054 ], [ 34.200059581984988, 46.052079759374294 ], [ 34.199591346364457, 46.051536744226269 ] ] ], [ [ [ 34.314588348874111, 46.03148718298803 ], [ 34.314092114660241, 46.031724814449547 ], [ 34.314552000075651, 46.032383000376058 ], [ 34.314987001250017, 46.031881998856079 ], [ 34.314588348874111, 46.03148718298803 ] ] ], [ [ [ 34.201055000189001, 46.050599000444436 ], [ 34.200725000259467, 46.050845000097581 ], [ 34.201509999587699, 46.051240000326686 ], [ 34.201420243650205, 46.050848964309182 ], [ 34.201055000189001, 46.050599000444436 ] ] ] ] } },
{ "type": "Feature", "properties": { "NAME_LAT": "Zhytomyrska", "ID": 6.0, "TYPE": "Області, автономії та ради", "NAME_UA": "Житомирська", "NAME_RUS": "Житомирская", "KOATUU": "1800000000", "CODETOPO": "81210000", "CODENAME": "Межі областей та автономни", "CODE_PR": null, "LABEL": "Житомирська область", "SHAPE_Leng": 14.1161120766, "SHAPE_Area": 3.7907778638899998, "Tm_observed_anom_1951_1960": -0.2, "Tm_winter_observed_anom_1951_1960": 0.3, "Tm_spring_observed_anom_1951_1960": -1.2, "Tm_summer_observed_anom_1951_1960": 0.8, "Tm_autumn_observed_anom_1951_1960": -0.5, "Tm_observed_anom_1961_1970": -0.2, "Tm_winter_observed_anom_1961_1970": -1.3, "Tm_spring_observed_anom_1961_1970": -0.4, "Tm_summer_observed_anom_1961_1970": 0.2, "Tm_autumn_observed_anom_1961_1970": 0.5, "Tm_observed_anom_1971_1980": -0.1, "Tm_winter_observed_anom_1971_1980": 0.4, "Tm_spring_observed_anom_1971_1980": -0.1, "Tm_summer_observed_anom_1971_1980": -0.2, "Tm_autumn_observed_anom_1971_1980": -0.4, "Tm_observed_anom_1981_1990": 0.3, "Tm_winter_observed_anom_1981_1990": 0.9, "Tm_spring_observed_anom_1981_1990": 0.5, "Tm_summer_observed_anom_1981_1990": -0.0, "Tm_autumn_observed_anom_1981_1990": -0.1, "Tm_observed_anom_1991_2000": 0.6, "Tm_winter_observed_anom_1991_2000": 1.5, "Tm_spring_observed_anom_1991_2000": 0.5, "Tm_summer_observed_anom_1991_2000": 0.7, "Tm_autumn_observed_anom_1991_2000": -0.4, "Tm_observed_anom_2001_2010": 1.2, "Tm_winter_observed_anom_2001_2010": 1.3, "Tm_spring_observed_anom_2001_2010": 1.2, "Tm_summer_observed_anom_2001_2010": 1.6, "Tm_autumn_observed_anom_2001_2010": 0.8, "Tm_observed_anom_2011_2020": 2.0, "Tm_winter_observed_anom_2011_2020": 2.4, "Tm_spring_observed_anom_2011_2020": 2.0, "Tm_summer_observed_anom_2011_2020": 2.2, "Tm_autumn_observed_anom_2011_2020": 1.4, "RR_observed_anom_1951_1960": -10.0, "RR_winter_observed_anom_1951_1960": -19.0, "RR_spring_observed_anom_1951_1960": -8.0, "RR_summer_observed_anom_1951_1960": -13.0, "RR_autumn_observed_anom_1951_1960": 5.0, "RR_observed_anom_1961_1970": 1.0, "RR_winter_observed_anom_1961_1970": 16.0, "RR_spring_observed_anom_1961_1970": 5.0, "RR_summer_observed_anom_1961_1970": -6.0, "RR_autumn_observed_anom_1961_1970": -6.0, "RR_observed_anom_1971_1980": 0.0, "RR_winter_observed_anom_1971_1980": -6.0, "RR_spring_observed_anom_1971_1980": 2.0, "RR_summer_observed_anom_1971_1980": 0.0, "RR_autumn_observed_anom_1971_1980": 6.0, "RR_observed_anom_1981_1990": -1.0, "RR_winter_observed_anom_1981_1990": -10.0, "RR_spring_observed_anom_1981_1990": -7.0, "RR_summer_observed_anom_1981_1990": 6.0, "RR_autumn_observed_anom_1981_1990": 0.0, "RR_observed_anom_1991_2000": -4.0, "RR_winter_observed_anom_1991_2000": -17.0, "RR_spring_observed_anom_1991_2000": 0.0, "RR_summer_observed_anom_1991_2000": -8.0, "RR_autumn_observed_anom_1991_2000": 12.0, "RR_observed_anom_2001_2010": -5.0, "RR_winter_observed_anom_2001_2010": -9.0, "RR_spring_observed_anom_2001_2010": 1.0, "RR_summer_observed_anom_2001_2010": -10.0, "RR_autumn_observed_anom_2001_2010": 6.0, "RR_observed_anom_2011_2020": -10.0, "RR_winter_observed_anom_2011_2020": -2.0, "RR_spring_observed_anom_2011_2020": 4.0, "RR_summer_observed_anom_2011_2020": -21.0, "RR_autumn_observed_anom_2011_2020": -9.0 }, "geometry": { "type": "Polygon", "coordinates": [ [ [ 27.65426372239375, 49.804137050885117 ], [ 27.65068080717441, 49.80433081071925 ], [ 27.644769236911657, 49.80744027964613 ], [ 27.622635386214995, 49.838411575634609 ], [ 27.609986030431855, 49.87565801890338 ], [ 27.625357753658307, 49.892407442350532 ], [ 27.546760172444863, 49.903465007105297 ], [ 27.547698488195579, 49.9348368008786 ], [ 27.575608910124004, 49.948616392233646 ], [ 27.546227259381396, 50.008172581000736 ], [ 27.571063016146127, 50.019686863758693 ], [ 27.611704999986614, 50.005641001132233 ], [ 27.642001788252799, 50.036763450673618 ], [ 27.681164185879368, 50.034063006903182 ], [ 27.668737485147687, 50.077531163333447 ], [ 27.6154451562698, 50.086224753970157 ], [ 27.639096707348017, 50.115067390648505 ], [ 27.626059205069112, 50.12380246611184 ], [ 27.6314127370091, 50.146267669318433 ], [ 27.677659661864766, 50.157864582685249 ], [ 27.661650852605646, 50.171685986220211 ], [ 27.665060883953515, 50.193418588198199 ], [ 27.621334072610239, 50.16964804512213 ], [ 27.622692478775775, 50.199716709559425 ], [ 27.592964401986421, 50.215670154754775 ], [ 27.597443972761994, 50.258554375984602 ], [ 27.520930592873412, 50.225526790929564 ], [ 27.480978239754847, 50.257216028297989 ], [ 27.442621185919847, 50.261179051872659 ], [ 27.444722245935793, 50.275450846680144 ], [ 27.395388095085423, 50.28757061779072 ], [ 27.416559476939199, 50.307473778393103 ], [ 27.363658675108638, 50.333062075255498 ], [ 27.315560717054325, 50.33175321004353 ], [ 27.321186053794236, 50.36778735280501 ], [ 27.248354201585983, 50.392774269417941 ], [ 27.301315282275311, 50.493140501034247 ], [ 27.267781045259881, 50.49179760997265 ], [ 27.25892417461182, 50.51312623918551 ], [ 27.207390210090978, 50.531837930277163 ], [ 27.196326654952031, 50.562095922689593 ], [ 27.23181472487056, 50.566794429819993 ], [ 27.215315910102049, 50.588369010122619 ], [ 27.22471913957753, 50.605848382697616 ], [ 27.185673568381333, 50.625643959202307 ], [ 27.213434909694229, 50.639366969710807 ], [ 27.204096964704036, 50.66794700974765 ], [ 27.243824624907404, 50.672972327811578 ], [ 27.275784845095416, 50.721916994874334 ], [ 27.27035918932603, 50.76285201021301 ], [ 27.241514011163588, 50.770186965357084 ], [ 27.233994872166477, 50.795624025029667 ], [ 27.230803656664307, 50.839743399439271 ], [ 27.25584408203963, 50.895895708221303 ], [ 27.21726396486099, 50.917533974913908 ], [ 27.238043623615226, 50.945508122802551 ], [ 27.200035084952106, 51.000029010131641 ], [ 27.226261084782095, 51.007922009893775 ], [ 27.219796024967479, 51.030333000168753 ], [ 27.326308635336147, 51.042498242800605 ], [ 27.324816916368491, 51.081718520794027 ], [ 27.367502043885111, 51.098019029655404 ], [ 27.364307528770325, 51.142828702983195 ], [ 27.397965537680307, 51.170274303117537 ], [ 27.400983844129996, 51.20058298491773 ], [ 27.47290908978357, 51.237154290039371 ], [ 27.447359622949136, 51.258219637327329 ], [ 27.461391260099447, 51.264147282072315 ], [ 27.44072892420138, 51.310542015002909 ], [ 27.490842985116558, 51.315575805579897 ], [ 27.522213843594898, 51.341739975220605 ], [ 27.525414963330775, 51.366483991244138 ], [ 27.494505002904418, 51.376832009790348 ], [ 27.504743044256941, 51.452019045243674 ], [ 27.534142083391316, 51.452682029952655 ], [ 27.528873123696599, 51.431916960000649 ], [ 27.584771043050068, 51.401582009902768 ], [ 27.614270163238302, 51.402732974847822 ], [ 27.59868900229651, 51.430190984727062 ], [ 27.582095164261318, 51.429805019986588 ], [ 27.57898760369585, 51.478243729365545 ], [ 27.669161662981253, 51.496965798633653 ], [ 27.663550701904228, 51.517409748561988 ], [ 27.761578921930607, 51.473588039857077 ], [ 27.799341842253114, 51.532241040392648 ], [ 27.849299040719018, 51.543230039935338 ], [ 27.82538100343146, 51.577138981279916 ], [ 27.83955204089483, 51.607985040378253 ], [ 27.81936216203502, 51.617513969894731 ], [ 27.835436881707608, 51.624593998715 ], [ 27.91342008207198, 51.616118971214462 ], [ 27.92002896236761, 51.57810296997701 ], [ 27.974804041274353, 51.594017040155222 ], [ 27.939269882000303, 51.55691795979692 ], [ 28.042323841872701, 51.565985010101087 ], [ 28.113561000940308, 51.583610970370898 ], [ 28.129406040956894, 51.608482021029374 ], [ 28.149005160560591, 51.605441011194614 ], [ 28.171101960987585, 51.625649970070981 ], [ 28.173983040785572, 51.645024990311981 ], [ 28.262427121015719, 51.681884039817533 ], [ 28.25621192164374, 51.619631688052891 ], [ 28.2806629205582, 51.623112960095966 ], [ 28.342369080769345, 51.576874020320702 ], [ 28.352450616703493, 51.53971941581932 ], [ 28.469239920386883, 51.593210010134783 ], [ 28.658153921367273, 51.567436348609533 ], [ 28.629862123938722, 51.56122151526165 ], [ 28.648407901804092, 51.558475040591588 ], [ 28.683403921154934, 51.444374039831018 ], [ 28.736147746322331, 51.465165450026404 ], [ 28.733511780345282, 51.434266993727704 ], [ 28.753598160727392, 51.414974999797323 ], [ 28.78015057758796, 51.453863445042884 ], [ 28.761885000593168, 51.487327981002466 ], [ 28.820088000161945, 51.558800040290578 ], [ 28.9048590000437, 51.58875303032903 ], [ 28.966512960005957, 51.591347999811262 ], [ 28.973584080142075, 51.573159000988028 ], [ 29.000885041412403, 51.574241969991874 ], [ 29.11716953944358, 51.656473529930395 ], [ 29.175288839109498, 51.650827019552253 ], [ 29.15709695975778, 51.628201021161146 ], [ 29.185488000072041, 51.622008029647759 ], [ 29.177551081018464, 51.608844990105126 ], [ 29.206431606134572, 51.596801280055956 ], [ 29.21454120491353, 51.567037017245468 ], [ 29.251982159849661, 51.566696999767657 ], [ 29.259369001379184, 51.530135040400694 ], [ 29.24556084036135, 51.497947978817081 ], [ 29.271417841161337, 51.458212980145845 ], [ 29.304380068885962, 51.454401534604074 ], [ 29.32094987973403, 51.376850999874648 ], [ 29.393481256755479, 51.379431767263156 ], [ 29.396482286329331, 51.327534892122515 ], [ 29.347287434168607, 51.323871864395926 ], [ 29.367224322945049, 51.305989862642946 ], [ 29.354510473180653, 51.274440817890365 ], [ 29.267595573178028, 51.264833820925048 ], [ 29.316289682823481, 51.131488107191331 ], [ 29.329203218054943, 51.126722593373927 ], [ 29.330646674005663, 51.157583941846383 ], [ 29.348943740761911, 51.160023121770564 ], [ 29.42749754477677, 51.123954151863529 ], [ 29.5117824952668, 51.060641241301198 ], [ 29.464606696642591, 51.018967357358576 ], [ 29.467166743651205, 50.985176382784744 ], [ 29.413535777754817, 50.981862389138882 ], [ 29.411537862783007, 50.948949435269128 ], [ 29.467527832244571, 50.924749400265512 ], [ 29.471360850723556, 50.903663508864781 ], [ 29.52134986180755, 50.868876616063915 ], [ 29.497517943599121, 50.837305603571679 ], [ 29.542208856954062, 50.828403631922981 ], [ 29.547394885666336, 50.813915639196296 ], [ 29.48823406495103, 50.812241541315018 ], [ 29.521529956443203, 50.79265874620512 ], [ 29.507123103249512, 50.774671789972047 ], [ 29.472006054936344, 50.773620642579488 ], [ 29.570310999953563, 50.771526736670467 ], [ 29.597669018711144, 50.72913185185439 ], [ 29.576754035371323, 50.699314861792345 ], [ 29.542233072998783, 50.689710828992474 ], [ 29.521766163378629, 50.661564876418822 ], [ 29.486083041300219, 50.662682441442428 ], [ 29.462946814344889, 50.633569866057371 ], [ 29.472027296923102, 50.628428987808491 ], [ 29.444271167181512, 50.621526202772941 ], [ 29.498379379005996, 50.58983990259037 ], [ 29.502441416139334, 50.547361987866395 ], [ 29.458181367077316, 50.539490925266932 ], [ 29.460256473558275, 50.517274059950807 ], [ 29.507110382339135, 50.499901016919296 ], [ 29.510870890280216, 50.470761889950211 ], [ 29.483635074100278, 50.459194743243756 ], [ 29.457196813582982, 50.471111012164386 ], [ 29.447012325059632, 50.452806578161983 ], [ 29.498539562651558, 50.440262192147372 ], [ 29.481651541086649, 50.419604655031719 ], [ 29.442613714851916, 50.415444207784901 ], [ 29.454792666749029, 50.401467154086788 ], [ 29.560273518209158, 50.42252218435226 ], [ 29.590389397053912, 50.400374198111649 ], [ 29.589014659200018, 50.374773390780263 ], [ 29.637672510878531, 50.372584822232682 ], [ 29.641849505651066, 50.358296404356508 ], [ 29.611658641334088, 50.341491370431299 ], [ 29.626020510439105, 50.33010133440996 ], [ 29.692437511982462, 50.32326136701937 ], [ 29.675576495259918, 50.297622351990867 ], [ 29.688716564318895, 50.277257491141199 ], [ 29.665591543815594, 50.264992463332419 ], [ 29.70359353361556, 50.230058545766212 ], [ 29.643181775719256, 50.179827547803995 ], [ 29.69215580924407, 50.152274790749914 ], [ 29.659299291430045, 50.12785176344903 ], [ 29.669843747991479, 50.113868320067866 ], [ 29.646347608756003, 50.106765077047612 ], [ 29.697193844621097, 50.068295795015842 ], [ 29.695460109996986, 50.044179926663219 ], [ 29.671415103724939, 50.032190883703265 ], [ 29.735257998258874, 49.944384489353638 ], [ 29.62721916373431, 49.886400061014911 ], [ 29.666663152583283, 49.87399554386019 ], [ 29.655170762921273, 49.866682558254411 ], [ 29.546930363346462, 49.835492991409353 ], [ 29.541927499555356, 49.819020101397484 ], [ 29.509114375828688, 49.835064046269622 ], [ 29.483198518897382, 49.804423074865952 ], [ 29.438740070398808, 49.805522950224884 ], [ 29.462076612346664, 49.761936047311679 ], [ 29.435198967359327, 49.729371079812381 ], [ 29.445377852207002, 49.713477567236851 ], [ 29.498065903219754, 49.713575662587687 ], [ 29.489023700284406, 49.668940175349746 ], [ 29.513513713587884, 49.662871152682499 ], [ 29.505338972416553, 49.649355887365232 ], [ 29.431039571419944, 49.662256046080586 ], [ 29.410481483134845, 49.659393325042856 ], [ 29.379671869961726, 49.620094379752743 ], [ 29.275891920676486, 49.626902849288001 ], [ 29.275934041323808, 49.589839980131899 ], [ 29.244448641592442, 49.604286301872264 ], [ 29.212792520859011, 49.58765422916025 ], [ 29.116245860159211, 49.583126592319275 ], [ 28.994200921136496, 49.597088040081928 ], [ 28.985762890845592, 49.603396301299199 ], [ 29.009899735884972, 49.632775812554655 ], [ 28.945641945420334, 49.67956899011773 ], [ 28.99573585072983, 49.716219959884143 ], [ 29.002415040022981, 49.738574970059744 ], [ 28.942244999208242, 49.78361601017167 ], [ 28.970453159686429, 49.803442019734348 ], [ 28.945130010842206, 49.81949018962149 ], [ 28.954058116789554, 49.839948990054779 ], [ 28.880341998085612, 49.889039039720842 ], [ 28.857501969141424, 49.889108736280093 ], [ 28.844907121267511, 49.860180988662592 ], [ 28.749939697959576, 49.844514798619969 ], [ 28.7585421126293, 49.818563068631647 ], [ 28.732818814937218, 49.798444794692443 ], [ 28.619091076892573, 49.813740000001928 ], [ 28.602171236414335, 49.810371118932892 ], [ 28.600573822824515, 49.782227479415553 ], [ 28.569800107889535, 49.774069732732926 ], [ 28.528730703260237, 49.820825490404957 ], [ 28.48121208487072, 49.807566111887468 ], [ 28.469099957997514, 49.823082000035186 ], [ 28.421630509141551, 49.824715102321022 ], [ 28.406955423255056, 49.792054821973352 ], [ 28.379279948311819, 49.780635427583832 ], [ 28.262049141355646, 49.800158682178335 ], [ 28.249209796595721, 49.815006680714646 ], [ 28.224727929351332, 49.785538404574652 ], [ 28.149162700199327, 49.789393020272598 ], [ 28.044048385425526, 49.770342103106486 ], [ 27.958860298864579, 49.778093025273847 ], [ 27.836121530185324, 49.755784832005304 ], [ 27.790049501883857, 49.726896715711803 ], [ 27.703631473714438, 49.76900520512703 ], [ 27.723679355918421, 49.790342750218656 ], [ 27.717228866919527, 49.805790376225787 ], [ 27.65426372239375, 49.804137050885117 ] ] ] } },
{ "type": "Feature", "properties": { "NAME_LAT": "Dnipropetrovska", "ID": 4.0, "TYPE": "Області, автономії та ради", "NAME_UA": "Дніпропетровська", "NAME_RUS": "Днепропетровская", "KOATUU": "1200000000", "CODETOPO": "81210000", "CODENAME": "Межі областей та автономни", "CODE_PR": null, "LABEL": "Дніпропетровська область", "SHAPE_Leng": 17.708313029300001, "SHAPE_Area": 3.8675234939899998, "Tm_observed_anom_1951_1960": -0.2, "Tm_winter_observed_anom_1951_1960": 0.1, "Tm_spring_observed_anom_1951_1960": -1.1, "Tm_summer_observed_anom_1951_1960": 0.9, "Tm_autumn_observed_anom_1951_1960": -0.7, "Tm_observed_anom_1961_1970": 0.1, "Tm_winter_observed_anom_1961_1970": -0.5, "Tm_spring_observed_anom_1961_1970": -0.1, "Tm_summer_observed_anom_1961_1970": 0.3, "Tm_autumn_observed_anom_1961_1970": 0.6, "Tm_observed_anom_1971_1980": -0.1, "Tm_winter_observed_anom_1971_1980": -0.1, "Tm_spring_observed_anom_1971_1980": 0.1, "Tm_summer_observed_anom_1971_1980": -0.2, "Tm_autumn_observed_anom_1971_1980": -0.3, "Tm_observed_anom_1981_1990": 0.1, "Tm_winter_observed_anom_1981_1990": 0.6, "Tm_spring_observed_anom_1981_1990": 0.0, "Tm_summer_observed_anom_1981_1990": -0.1, "Tm_autumn_observed_anom_1981_1990": -0.3, "Tm_observed_anom_1991_2000": 0.3, "Tm_winter_observed_anom_1991_2000": 0.7, "Tm_spring_observed_anom_1991_2000": 0.3, "Tm_summer_observed_anom_1991_2000": 0.6, "Tm_autumn_observed_anom_1991_2000": -0.5, "Tm_observed_anom_2001_2010": 1.2, "Tm_winter_observed_anom_2001_2010": 1.2, "Tm_spring_observed_anom_2001_2010": 1.0, "Tm_summer_observed_anom_2001_2010": 1.4, "Tm_autumn_observed_anom_2001_2010": 1.1, "Tm_observed_anom_2011_2020": 1.8, "Tm_winter_observed_anom_2011_2020": 1.9, "Tm_spring_observed_anom_2011_2020": 1.8, "Tm_summer_observed_anom_2011_2020": 2.2, "Tm_autumn_observed_anom_2011_2020": 1.3, "RR_observed_anom_1951_1960": -8.0, "RR_winter_observed_anom_1951_1960": -13.0, "RR_spring_observed_anom_1951_1960": -13.0, "RR_summer_observed_anom_1951_1960": -6.0, "RR_autumn_observed_anom_1951_1960": 2.0, "RR_observed_anom_1961_1970": 1.0, "RR_winter_observed_anom_1961_1970": 27.0, "RR_spring_observed_anom_1961_1970": 1.0, "RR_summer_observed_anom_1961_1970": -14.0, "RR_autumn_observed_anom_1961_1970": -13.0, "RR_observed_anom_1971_1980": 3.0, "RR_winter_observed_anom_1971_1980": -16.0, "RR_spring_observed_anom_1971_1980": 13.0, "RR_summer_observed_anom_1971_1980": 10.0, "RR_autumn_observed_anom_1971_1980": 9.0, "RR_observed_anom_1981_1990": -4.0, "RR_winter_observed_anom_1981_1990": -10.0, "RR_spring_observed_anom_1981_1990": -13.0, "RR_summer_observed_anom_1981_1990": 4.0, "RR_autumn_observed_anom_1981_1990": 4.0, "RR_observed_anom_1991_2000": -1.0, "RR_winter_observed_anom_1991_2000": -21.0, "RR_spring_observed_anom_1991_2000": 17.0, "RR_summer_observed_anom_1991_2000": -4.0, "RR_autumn_observed_anom_1991_2000": 12.0, "RR_observed_anom_2001_2010": 3.0, "RR_winter_observed_anom_2001_2010": -8.0, "RR_spring_observed_anom_2001_2010": -2.0, "RR_summer_observed_anom_2001_2010": 3.0, "RR_autumn_observed_anom_2001_2010": 23.0, "RR_observed_anom_2011_2020": -5.0, "RR_winter_observed_anom_2011_2020": -13.0, "RR_spring_observed_anom_2011_2020": 12.0, "RR_summer_observed_anom_2011_2020": -11.0, "RR_autumn_observed_anom_2011_2020": -7.0 }, "geometry": { "type": "Polygon", "coordinates": [ [ [ 34.948515030844874, 49.192037610148532 ], [ 35.013064914814834, 49.148846371164041 ], [ 35.044563014772223, 49.15660007943103 ], [ 35.053382464629919, 49.176909848711489 ], [ 35.084116176820999, 49.159432699260606 ], [ 35.084489768688741, 49.141905785824292 ], [ 35.122624913010213, 49.164619006762678 ], [ 35.144832487430222, 49.150409715736714 ], [ 35.18789725115812, 49.162800270916705 ], [ 35.210462146012105, 49.150879213106123 ], [ 35.19019511701191, 49.137955519132845 ], [ 35.228294970137654, 49.126003182002194 ], [ 35.194009550101555, 49.108085183085677 ], [ 35.228759249640575, 49.100259992205793 ], [ 35.257959847969516, 49.113267880709031 ], [ 35.276199304155455, 49.090350891381433 ], [ 35.307005866828206, 49.09175421688451 ], [ 35.301810352966299, 49.069656679912782 ], [ 35.401133347626796, 49.030674958783266 ], [ 35.40903144384697, 49.013195382062179 ], [ 35.434778133804741, 49.013547312859146 ], [ 35.485382970948251, 48.972373613852142 ], [ 35.626861215273777, 48.983015683727729 ], [ 35.630207371373956, 48.962615254691173 ], [ 35.693315506306476, 48.967662946089035 ], [ 35.695980893604258, 48.943070184342446 ], [ 35.722889085863528, 48.966729782554353 ], [ 35.752996759293922, 48.946733883862578 ], [ 35.789141098683672, 48.954376226382635 ], [ 35.808460219764243, 48.927342939326081 ], [ 35.809900288868107, 48.940524717142921 ], [ 35.85576629418, 48.945308557344958 ], [ 35.854035095644065, 48.957889066428208 ], [ 35.88442796927626, 48.974519650762204 ], [ 35.937914817016065, 48.973218292191348 ], [ 35.940320793970386, 48.999069094863785 ], [ 35.989571265602308, 48.96923781097712 ], [ 35.977579082209786, 48.959710266416607 ], [ 36.004417707412188, 48.945906489593767 ], [ 35.996066101070596, 48.93921184994781 ], [ 36.043827925819016, 48.915349054416254 ], [ 36.012255746906078, 48.887749405811348 ], [ 36.040366371411778, 48.873343793682068 ], [ 36.019438321822008, 48.854275157173674 ], [ 36.075473880616016, 48.835494828024821 ], [ 36.064928379941648, 48.808418720648376 ], [ 36.123862474374562, 48.808531225836305 ], [ 36.15864931591409, 48.784152214953679 ], [ 36.157785598027829, 48.767862971000227 ], [ 36.139414085392616, 48.766367423618647 ], [ 36.161668683563789, 48.748844573319332 ], [ 36.142791797804136, 48.724368475225845 ], [ 36.283856999701698, 48.659551999825851 ], [ 36.251320547905834, 48.620995324375656 ], [ 36.31934656069609, 48.58705622786357 ], [ 36.271331458081193, 48.543962256853604 ], [ 36.296476632891199, 48.531371178038341 ], [ 36.324227060031717, 48.555848285171123 ], [ 36.355130039020992, 48.532270872403785 ], [ 36.425081559667149, 48.612727372970824 ], [ 36.446051398054465, 48.613744531385919 ], [ 36.429328000088049, 48.616033000223695 ], [ 36.442352542236904, 48.627981686106864 ], [ 36.429909949585408, 48.633829980070459 ], [ 36.482653770256206, 48.663024096985396 ], [ 36.591656810214488, 48.60254448973734 ], [ 36.736976337788633, 48.626201688558012 ], [ 36.743360605208636, 48.596498725336801 ], [ 36.804443689925222, 48.59618046875454 ], [ 36.80774286544181, 48.568286219334482 ], [ 36.857764788115389, 48.568706418567274 ], [ 36.898847441557052, 48.544626114804259 ], [ 36.904243304585748, 48.52200718328578 ], [ 36.848490424294539, 48.517432466935702 ], [ 36.8555468423138, 48.486972523663951 ], [ 36.828872187802119, 48.484269137311742 ], [ 36.849657730820525, 48.416822143128343 ], [ 36.823551720336525, 48.414162294755045 ], [ 36.825714954082741, 48.370790649969422 ], [ 36.808082087019613, 48.347767114361773 ], [ 36.814959257564567, 48.312915865175967 ], [ 36.911837966849589, 48.309382924383385 ], [ 36.936792196703436, 48.193994486557244 ], [ 36.872384977585568, 48.184464069562068 ], [ 36.89453601792377, 48.077732969801616 ], [ 36.876965844399081, 48.051469322552123 ], [ 36.856644617755819, 48.052168307122599 ], [ 36.852910454554717, 48.032758989436729 ], [ 36.804060996918395, 48.052725385868769 ], [ 36.743835161264599, 48.050665591244979 ], [ 36.746982229047546, 48.064655552013051 ], [ 36.718791123312599, 48.084691414777865 ], [ 36.653297151743061, 48.100131544935778 ], [ 36.623716870438102, 48.082324019638691 ], [ 36.602362161785209, 48.090763725366571 ], [ 36.580518428783364, 48.079193666655328 ], [ 36.587355362760661, 48.052136709442493 ], [ 36.574305048739916, 48.039815882298058 ], [ 36.590645159247572, 48.020001867892802 ], [ 36.569219128960526, 48.011262910955509 ], [ 36.586790003956423, 48.001078146340319 ], [ 36.585588360415386, 47.956217264715917 ], [ 36.629568101587495, 47.961733923782447 ], [ 36.639736989571304, 47.920221282886814 ], [ 36.541492332406108, 47.905996938109126 ], [ 36.549493133901876, 47.877933114322673 ], [ 36.577454987158831, 47.880696161699404 ], [ 36.585291533778161, 47.847715750582324 ], [ 36.468963268440973, 47.82471229503733 ], [ 36.323894809099045, 47.839875113846347 ], [ 36.330425345853939, 47.821174819862961 ], [ 36.275945107881341, 47.815978570355639 ], [ 36.267485564907815, 47.832518494034218 ], [ 36.197251346873031, 47.832213590585638 ], [ 36.195868954889249, 47.859337922308214 ], [ 36.074294898191908, 47.84812148422003 ], [ 36.053929186583616, 47.880210071838235 ], [ 36.117615546920831, 47.865535417626347 ], [ 36.128938245304653, 47.892322918169043 ], [ 36.110823073626818, 47.925001945784061 ], [ 36.120334906131916, 47.928812152959438 ], [ 36.108871955777033, 47.941380003185543 ], [ 36.084566711785214, 47.930255336415541 ], [ 36.07287910718594, 47.965872735139556 ], [ 36.048589665181794, 47.965913722641119 ], [ 36.071291980041735, 47.97226960296075 ], [ 36.062589011274724, 48.000760055233286 ], [ 36.034812531673879, 48.018530532958664 ], [ 36.065804748591177, 48.025264751767793 ], [ 36.051323743596811, 48.05862113256012 ], [ 35.976269482251723, 48.043250683673023 ], [ 35.988632605411283, 48.058337313716947 ], [ 35.96973871437109, 48.073590731128263 ], [ 35.98441379126433, 48.084547850603769 ], [ 35.9669573082341, 48.093542552247925 ], [ 35.817466608098357, 48.065230428342488 ], [ 35.806732870326584, 48.100045986134262 ], [ 35.742378108663672, 48.095884637766744 ], [ 35.703829717768144, 48.139995287853196 ], [ 35.524392580054439, 48.074860635910511 ], [ 35.518157464296451, 48.094333495195542 ], [ 35.42008304429794, 48.100486900351086 ], [ 35.289874116398266, 48.143880122570522 ], [ 35.101982605913406, 48.130738343001042 ], [ 35.060963328595619, 48.121915280566668 ], [ 35.036821425769062, 48.097406931885303 ], [ 34.914420756313746, 48.090067157274405 ], [ 34.915585203894921, 48.130392686773973 ], [ 34.856075698035909, 48.13295512058329 ], [ 34.875058383638361, 48.055078217386722 ], [ 34.839446586791439, 48.048800632044447 ], [ 34.846419057594346, 48.013517257716217 ], [ 34.858234833571601, 48.014659295990612 ], [ 34.870023769282398, 47.982587335038374 ], [ 34.904865500043684, 47.985941123684825 ], [ 34.918047577334733, 47.933851355656429 ], [ 34.855853979178676, 47.939424021802097 ], [ 34.853447299853883, 47.921645386326418 ], [ 34.802077580316961, 47.915034247833205 ], [ 34.80556923503309, 47.901785090110764 ], [ 34.816889545716833, 47.864383094704976 ], [ 34.862350733800213, 47.880572853855028 ], [ 34.871475632994986, 47.850833862893353 ], [ 34.897728400246365, 47.85217251275219 ], [ 34.903073654826187, 47.829765160234899 ], [ 34.878803182221986, 47.818842216795758 ], [ 34.894046720580604, 47.75963197203879 ], [ 34.956495304415682, 47.76909552174186 ], [ 34.965562804380795, 47.740811480965988 ], [ 34.955633556944008, 47.71227963829557 ], [ 34.929645942207344, 47.711559582609596 ], [ 34.937705060241228, 47.677526968295865 ], [ 34.905978257291622, 47.674187569701473 ], [ 34.940057442997499, 47.606908398904409 ], [ 34.926003294017676, 47.594972783767901 ], [ 34.94473473242283, 47.574870817235364 ], [ 34.933775191972416, 47.567043631659203 ], [ 34.955922664700097, 47.569256050227466 ], [ 34.965032368949551, 47.548395511844319 ], [ 34.944023044928485, 47.529209044362801 ], [ 34.879312422431269, 47.515559210789888 ], [ 34.582003101063151, 47.562348580623393 ], [ 34.467678615176851, 47.532074433689104 ], [ 34.297497582348456, 47.518518939898058 ], [ 34.202585631022941, 47.487602392837061 ], [ 33.955439976274761, 47.457392047405961 ], [ 33.937737096090984, 47.516444652699477 ], [ 33.643466043424041, 47.484450609009343 ], [ 33.635788371037393, 47.514194046219188 ], [ 33.588210493620295, 47.5020758318351 ], [ 33.588920637878005, 47.558165062168825 ], [ 33.609046138769202, 47.561302479326855 ], [ 33.580289220072359, 47.600133127842469 ], [ 33.474389989607232, 47.587218958589006 ], [ 33.486276083575262, 47.543994977087436 ], [ 33.324488016010037, 47.52393265357 ], [ 33.348818181115064, 47.493371622902998 ], [ 33.313794933889994, 47.481935995750518 ], [ 33.310022045881624, 47.501491454168217 ], [ 33.278813988075967, 47.517534213733882 ], [ 33.284946039728823, 47.544867789817545 ], [ 33.21526207728391, 47.53309239789678 ], [ 33.232364088932457, 47.577669991278015 ], [ 33.171004281023613, 47.566686849019788 ], [ 33.093196640913163, 47.579021552703409 ], [ 33.095554236139947, 47.597064593357231 ], [ 32.961764986665685, 47.590154663208068 ], [ 32.997552037097705, 47.614847444854604 ], [ 32.972020959600513, 47.722629121837429 ], [ 33.071972199957941, 47.738757718994464 ], [ 33.050141150094873, 47.781524557113528 ], [ 33.068105385855745, 47.783270291391773 ], [ 33.057206554140066, 47.831990881574825 ], [ 33.081596215693708, 47.835099391824372 ], [ 33.078467905969944, 47.920404997293701 ], [ 33.007005764405392, 47.913521843559124 ], [ 32.990013810889536, 47.934648038077398 ], [ 33.007674941846005, 47.936760092305349 ], [ 32.997093277633553, 47.98772979339617 ], [ 33.024913016423454, 47.98416810217708 ], [ 33.036315029615821, 48.033880533061051 ], [ 33.109734949409301, 48.042523803031997 ], [ 33.108215929722292, 48.065131636017099 ], [ 33.143387042578865, 48.063913573553521 ], [ 33.154059913335232, 48.042113919023052 ], [ 33.141085926575158, 48.076593940658768 ], [ 33.225225974699867, 48.092505015195229 ], [ 33.23556904967279, 48.113313712159027 ], [ 33.184254034097307, 48.104117362727038 ], [ 33.18122992791973, 48.118396151562081 ], [ 33.231446975598317, 48.126286742939726 ], [ 33.213256025246267, 48.169933723263625 ], [ 33.242793979959117, 48.17231451110672 ], [ 33.247745934028501, 48.151546754879746 ], [ 33.272253968846485, 48.153574434713335 ], [ 33.277691994790644, 48.10382248402135 ], [ 33.293062009305174, 48.102596594757983 ], [ 33.316776023695411, 48.124202300596608 ], [ 33.290612997992355, 48.149840582677655 ], [ 33.431080880978755, 48.170385798966379 ], [ 33.430368015372494, 48.188178850574388 ], [ 33.49605401917853, 48.201622415642873 ], [ 33.500968824052904, 48.231703048257998 ], [ 33.520064212694137, 48.222068566212272 ], [ 33.547060035792924, 48.235996481853078 ], [ 33.509160100159363, 48.292752992957162 ], [ 33.517765711019649, 48.32923658630034 ], [ 33.473914723986184, 48.329092796396367 ], [ 33.478773117985895, 48.349321659967529 ], [ 33.460598720555424, 48.352816929958294 ], [ 33.471621308877218, 48.385126209407929 ], [ 33.49733191893381, 48.393569485444345 ], [ 33.472531136803411, 48.54498777806441 ], [ 33.509917143162511, 48.568254277214066 ], [ 33.622523900558463, 48.565883770420612 ], [ 33.609249195794632, 48.599428952185292 ], [ 33.650701037124065, 48.599926672079164 ], [ 33.661540882306781, 48.586595999806491 ], [ 33.761869185915089, 48.625155965876047 ], [ 33.756257964934036, 48.657614251297559 ], [ 33.80221583779155, 48.662877010166824 ], [ 33.805511975398247, 48.687710954797637 ], [ 33.750767131698638, 48.681071556008419 ], [ 33.682006184838428, 48.72349290427502 ], [ 33.618788944155312, 48.727426803305264 ], [ 33.607213930179626, 48.751372902138655 ], [ 33.585345918180451, 48.754323607449464 ], [ 33.583515937211644, 48.796816119968867 ], [ 33.657294817802494, 48.79276837306287 ], [ 33.673944840083209, 48.815111064325095 ], [ 33.71505313319642, 48.815106674734182 ], [ 33.725252992932155, 48.786921528806431 ], [ 33.81091689459987, 48.802679010828626 ], [ 33.819072177140129, 48.775902518887051 ], [ 33.851173051296144, 48.770700039775932 ], [ 33.850120946125628, 48.801880032438476 ], [ 33.893336465006769, 48.902512392333961 ], [ 34.071561929040683, 48.827463211259101 ], [ 34.11914698034974, 48.821064407197582 ], [ 34.136323359636208, 48.777277052594798 ], [ 34.30234819361516, 48.739607975628473 ], [ 34.309474802820773, 48.765316049596947 ], [ 34.343114815397314, 48.784174735776332 ], [ 34.297867048126648, 48.784509259295817 ], [ 34.297103131605127, 48.820259067902555 ], [ 34.346608881195777, 48.823483647353385 ], [ 34.323061003063742, 48.828376774969115 ], [ 34.325487821806405, 48.84440268663559 ], [ 34.350087823095464, 48.849834480277991 ], [ 34.30035997693227, 48.895377630773964 ], [ 34.311954934273672, 48.939451788170402 ], [ 34.353241162750351, 48.9836143830982 ], [ 34.325536005683034, 48.998478215997807 ], [ 34.360692923640386, 49.033629538373418 ], [ 34.415870990554652, 49.054767397098601 ], [ 34.402321140009519, 49.094116473297504 ], [ 34.465029177355518, 49.064295027994092 ], [ 34.515799935819246, 49.071506635723608 ], [ 34.558781409735161, 49.055087036838188 ], [ 34.573735126275949, 49.06324702643002 ], [ 34.573312143641431, 49.095504184771244 ], [ 34.592168028432638, 49.095640801682578 ], [ 34.591178912677549, 49.117532687984067 ], [ 34.766402927154274, 49.142866933563027 ], [ 34.758121153169554, 49.168186772902175 ], [ 34.803457995590918, 49.179209989850051 ], [ 34.810847949674042, 49.165990319998173 ], [ 34.824084090609176, 49.189123182589753 ], [ 34.897147155817493, 49.180904754151982 ], [ 34.868305865424247, 49.16462461763291 ], [ 34.901424769438449, 49.150753217188139 ], [ 34.948515030844874, 49.192037610148532 ] ] ] } },
{ "type": "Feature", "properties": { "NAME_LAT": "Vinnytska", "ID": 2.0, "TYPE": "Області, автономії та ради", "NAME_UA": "Вінницька", "NAME_RUS": "Винницкая", "KOATUU": "0500000000", "CODETOPO": "81210000", "CODENAME": "Межі областей та автономни", "CODE_PR": null, "LABEL": "Вінницька область", "SHAPE_Leng": 12.4059789127, "SHAPE_Area": 3.2508327715299998, "Tm_observed_anom_1951_1960": -0.1, "Tm_winter_observed_anom_1951_1960": 0.2, "Tm_spring_observed_anom_1951_1960": -1.2, "Tm_summer_observed_anom_1951_1960": 0.9, "Tm_autumn_observed_anom_1951_1960": -0.5, "Tm_observed_anom_1961_1970": -0.1, "Tm_winter_observed_anom_1961_1970": -1.1, "Tm_spring_observed_anom_1961_1970": -0.3, "Tm_summer_observed_anom_1961_1970": 0.3, "Tm_autumn_observed_anom_1961_1970": 0.5, "Tm_observed_anom_1971_1980": -0.1, "Tm_winter_observed_anom_1971_1980": 0.4, "Tm_spring_observed_anom_1971_1980": -0.0, "Tm_summer_observed_anom_1971_1980": -0.3, "Tm_autumn_observed_anom_1971_1980": -0.4, "Tm_observed_anom_1981_1990": 0.2, "Tm_winter_observed_anom_1981_1990": 0.7, "Tm_spring_observed_anom_1981_1990": 0.3, "Tm_summer_observed_anom_1981_1990": 0.0, "Tm_autumn_observed_anom_1981_1990": -0.2, "Tm_observed_anom_1991_2000": 0.5, "Tm_winter_observed_anom_1991_2000": 1.2, "Tm_spring_observed_anom_1991_2000": 0.5, "Tm_summer_observed_anom_1991_2000": 0.8, "Tm_autumn_observed_anom_1991_2000": -0.4, "Tm_observed_anom_2001_2010": 1.3, "Tm_winter_observed_anom_2001_2010": 1.2, "Tm_spring_observed_anom_2001_2010": 1.3, "Tm_summer_observed_anom_2001_2010": 1.8, "Tm_autumn_observed_anom_2001_2010": 0.9, "Tm_observed_anom_2011_2020": 2.0, "Tm_winter_observed_anom_2011_2020": 2.1, "Tm_spring_observed_anom_2011_2020": 2.1, "Tm_summer_observed_anom_2011_2020": 2.4, "Tm_autumn_observed_anom_2011_2020": 1.5, "RR_observed_anom_1951_1960": -11.0, "RR_winter_observed_anom_1951_1960": -19.0, "RR_spring_observed_anom_1951_1960": -12.0, "RR_summer_observed_anom_1951_1960": -16.0, "RR_autumn_observed_anom_1951_1960": 12.0, "RR_observed_anom_1961_1970": 2.0, "RR_winter_observed_anom_1961_1970": 21.0, "RR_spring_observed_anom_1961_1970": 0.0, "RR_summer_observed_anom_1961_1970": -5.0, "RR_autumn_observed_anom_1961_1970": -4.0, "RR_observed_anom_1971_1980": 1.0, "RR_winter_observed_anom_1971_1980": -11.0, "RR_spring_observed_anom_1971_1980": 7.0, "RR_summer_observed_anom_1971_1980": 2.0, "RR_autumn_observed_anom_1971_1980": 6.0, "RR_observed_anom_1981_1990": -3.0, "RR_winter_observed_anom_1981_1990": -10.0, "RR_spring_observed_anom_1981_1990": -7.0, "RR_summer_observed_anom_1981_1990": 3.0, "RR_autumn_observed_anom_1981_1990": -2.0, "RR_observed_anom_1991_2000": -2.0, "RR_winter_observed_anom_1991_2000": -23.0, "RR_spring_observed_anom_1991_2000": -2.0, "RR_summer_observed_anom_1991_2000": -4.0, "RR_autumn_observed_anom_1991_2000": 25.0, "RR_observed_anom_2001_2010": -3.0, "RR_winter_observed_anom_2001_2010": -11.0, "RR_spring_observed_anom_2001_2010": -8.0, "RR_summer_observed_anom_2001_2010": -2.0, "RR_autumn_observed_anom_2001_2010": 13.0, "RR_observed_anom_2011_2020": -13.0, "RR_winter_observed_anom_2011_2020": -13.0, "RR_spring_observed_anom_2011_2020": -2.0, "RR_summer_observed_anom_2011_2020": -28.0, "RR_autumn_observed_anom_2011_2020": 6.0 }, "geometry": { "type": "Polygon", "coordinates": [ [ [ 28.880341998085612, 49.889039039720842 ], [ 28.954058116789554, 49.839948990054779 ], [ 28.945130010842206, 49.81949018962149 ], [ 28.970453159686429, 49.803442019734348 ], [ 28.942244999208242, 49.78361601017167 ], [ 29.002415040022981, 49.738574970059744 ], [ 28.99573585072983, 49.716219959884143 ], [ 28.945641945420334, 49.67956899011773 ], [ 29.009899735884972, 49.632775812554655 ], [ 28.985762890845592, 49.603396301299199 ], [ 28.994200921136496, 49.597088040081928 ], [ 29.116245860159211, 49.583126592319275 ], [ 29.212792520859011, 49.58765422916025 ], [ 29.244448641592442, 49.604286301872264 ], [ 29.275934041323808, 49.589839980131899 ], [ 29.275891920676486, 49.626902849288001 ], [ 29.379671869961726, 49.620094379752743 ], [ 29.410481483134845, 49.659393325042856 ], [ 29.431039571419944, 49.662256046080586 ], [ 29.535272663903186, 49.636688313116053 ], [ 29.49632079307105, 49.600029339383411 ], [ 29.530739821786256, 49.562072477563731 ], [ 29.539229008213056, 49.520963364268766 ], [ 29.585257892438676, 49.506586498968659 ], [ 29.543286802344937, 49.484570464856006 ], [ 29.595299807840718, 49.443130538644368 ], [ 29.542401031283475, 49.401626586098985 ], [ 29.505349153641419, 49.395532566775444 ], [ 29.502842056016959, 49.369929582185364 ], [ 29.535320237140127, 49.323919772580382 ], [ 29.619016048952403, 49.305920850867494 ], [ 29.607667182095668, 49.299629812566707 ], [ 29.621960459008847, 49.274124151709145 ], [ 29.613192206655867, 49.26544287908655 ], [ 29.638764189816413, 49.247448885658457 ], [ 29.689593108336169, 49.237484951370334 ], [ 29.701226061134719, 49.260683970789557 ], [ 29.7361028456707, 49.22861079215528 ], [ 29.702926822116012, 49.225526998872795 ], [ 29.725205823390922, 49.209633998910817 ], [ 29.711492822336766, 49.207541999564569 ], [ 29.726946821839249, 49.181992000331491 ], [ 29.710287998792978, 49.155026999697213 ], [ 29.734457000890757, 49.12272600030559 ], [ 29.678419999584207, 49.112662000252044 ], [ 29.687427998604107, 49.088388999653546 ], [ 29.651584000402181, 49.09640599973801 ], [ 29.631407999880196, 49.047179000411461 ], [ 29.606395001129272, 49.057287999842231 ], [ 29.639501000771475, 49.012641000382757 ], [ 29.685482000594732, 49.026469000444933 ], [ 29.694984999958649, 49.000137000223276 ], [ 29.651342000034163, 48.960002000193072 ], [ 29.652397999269112, 48.938466999952993 ], [ 29.686013000800244, 48.911808999986306 ], [ 29.735283000311085, 48.908180000807306 ], [ 29.708675999998263, 48.894932999659147 ], [ 29.728094999785299, 48.886858999644062 ], [ 29.731636001201366, 48.854808000989351 ], [ 29.761571000302297, 48.847596000256146 ], [ 29.765870999847664, 48.786566998968738 ], [ 29.866002000292951, 48.763003998736451 ], [ 29.884797000082358, 48.736334000015006 ], [ 29.863898000393306, 48.727854000162893 ], [ 29.861537998580673, 48.699538000179473 ], [ 29.946754000097883, 48.670401000107006 ], [ 29.944846999390393, 48.657939000085719 ], [ 29.990425000414291, 48.635873999686282 ], [ 29.989840999563341, 48.613871000347331 ], [ 29.950454274146296, 48.608528868213625 ], [ 29.947580000417588, 48.595792000301515 ], [ 30.005559000448386, 48.572899001288818 ], [ 30.003250000088315, 48.551801998764176 ], [ 30.023145000242437, 48.534330999776728 ], [ 30.018290001183516, 48.518443000045352 ], [ 29.98899599926682, 48.517344998873511 ], [ 30.006677820925574, 48.513195999996299 ], [ 30.001728000048047, 48.491345998719794 ], [ 29.967447001079108, 48.491447999826278 ], [ 29.951271999803851, 48.450066999893068 ], [ 29.864450432342437, 48.425924982852621 ], [ 29.873110275020053, 48.417002363669042 ], [ 29.786526301248671, 48.369669684609164 ], [ 29.811687697130424, 48.348648738649274 ], [ 29.749547000694406, 48.289875999678543 ], [ 29.773238998781665, 48.272606000067753 ], [ 29.778770000236193, 48.205533999795193 ], [ 29.655458000087492, 48.19486299962864 ], [ 29.676546000398503, 48.161596999802612 ], [ 29.674078000799966, 48.129595998957086 ], [ 29.656693001281837, 48.118957000266278 ], [ 29.664425999061507, 48.107391001094754 ], [ 29.602498000383264, 48.132906998759893 ], [ 29.587185001087789, 48.101930000170285 ], [ 29.568780001296886, 48.098521000344817 ], [ 29.442502000168076, 48.122365000045647 ], [ 29.393799998971645, 48.113396000126215 ], [ 29.37260299992937, 48.090249000192102 ], [ 29.311589000233027, 48.086006999724191 ], [ 29.267012999551184, 48.092678999836892 ], [ 29.25827400214439, 48.112113000315617 ], [ 29.213838999870802, 48.102922000051194 ], [ 29.206409999922414, 48.122393999584347 ], [ 29.25979900142363, 48.131213998927819 ], [ 29.251394999680372, 48.149658999664041 ], [ 29.210130998847376, 48.133901998779152 ], [ 29.141460000379595, 48.140446999330493 ], [ 29.156703999191109, 48.148780999644316 ], [ 29.064830000005372, 48.194778000205474 ], [ 29.031707999625382, 48.126636000052258 ], [ 29.004645999913862, 48.15045300120596 ], [ 28.944869998852255, 48.156811000328332 ], [ 28.924757002134811, 48.0945459986998 ], [ 28.874952998682829, 48.083472999780042 ], [ 28.867098999819859, 48.06889300011278 ], [ 28.848014999293639, 48.079261999842345 ], [ 28.857736999763631, 48.1028460001437 ], [ 28.833750999809695, 48.12818500133767 ], [ 28.687794001293014, 48.124785000128554 ], [ 28.681682999171926, 48.146185999585157 ], [ 28.647480999349511, 48.14342499996468 ], [ 28.569153999858088, 48.17541300021071 ], [ 28.50197599919386, 48.151954000277783 ], [ 28.52039300043748, 48.137638001093819 ], [ 28.499999999801048, 48.127581999610527 ], [ 28.492415999899379, 48.065255999665567 ], [ 28.45259099887636, 48.079309000211083 ], [ 28.422219001206827, 48.120579998668916 ], [ 28.43969500042482, 48.144780001296965 ], [ 28.423426000210611, 48.174193999754209 ], [ 28.383506000202601, 48.174715001297216 ], [ 28.349345998719741, 48.136358999669028 ], [ 28.306484000636999, 48.139340001340884 ], [ 28.306070000431077, 48.160307998815995 ], [ 28.366642999575674, 48.20242600036056 ], [ 28.352627000736391, 48.246733001227938 ], [ 28.20756799956439, 48.204936000097234 ], [ 28.186318999922776, 48.215469000195128 ], [ 28.175988001046278, 48.257713001254899 ], [ 28.14406199916283, 48.262272000153587 ], [ 28.098142000353903, 48.231774000270832 ], [ 28.080014998993875, 48.241580000117835 ], [ 28.093578000325351, 48.293825000124571 ], [ 28.073290000034376, 48.317618000171478 ], [ 27.955821000439698, 48.327445000986927 ], [ 27.889941001177135, 48.365976999939505 ], [ 27.871176000073206, 48.405958999209361 ], [ 27.784577000429124, 48.446990000089329 ], [ 27.74322900021906, 48.45762100110926 ], [ 27.647011000358248, 48.441104000250334 ], [ 27.591071999973678, 48.461090000104321 ], [ 27.598809690415749, 48.490618027201094 ], [ 27.532941002825908, 48.469483000441016 ], [ 27.495877003222006, 48.484369999876492 ], [ 27.454234634221848, 48.594626599438925 ], [ 27.372910786104796, 48.630152121624008 ], [ 27.390027445910789, 48.681140220145949 ], [ 27.41423412060908, 48.700781911856666 ], [ 27.400142477993825, 48.729890674116234 ], [ 27.416800272215653, 48.739606158997958 ], [ 27.389607360891887, 48.764638283630802 ], [ 27.408962729147504, 48.767634342651718 ], [ 27.42758730471121, 48.797161391286124 ], [ 27.41098649513151, 48.811667484667623 ], [ 27.415238269431484, 48.881740557681496 ], [ 27.39366763265599, 48.900478463111483 ], [ 27.392226601277514, 48.937948953582236 ], [ 27.417375683641751, 48.954207875993575 ], [ 27.417825250235978, 48.971575169659275 ], [ 27.381145689223047, 49.005631437042098 ], [ 27.43659376678977, 49.069244284996671 ], [ 27.502986579268111, 49.070021541162134 ], [ 27.479237548874664, 49.088773832147581 ], [ 27.507539989779559, 49.131456832767526 ], [ 27.532764194313017, 49.125411435290403 ], [ 27.535558648713561, 49.138429495126047 ], [ 27.577542415650839, 49.121714816986128 ], [ 27.59716281321414, 49.134682943763778 ], [ 27.600781605987208, 49.160818700223786 ], [ 27.639718438356113, 49.167983357946525 ], [ 27.686969001219325, 49.141656000025307 ], [ 27.740851148662443, 49.138605717280939 ], [ 27.782247003597206, 49.172893505232025 ], [ 27.776014604691113, 49.189901885764357 ], [ 27.790964927190487, 49.174482796145071 ], [ 27.814901496807522, 49.189422864574453 ], [ 27.854824147117597, 49.170585067847526 ], [ 27.898588301909456, 49.186781304814303 ], [ 27.89425679371692, 49.208878384930415 ], [ 27.866363920259573, 49.213055779001934 ], [ 27.852380012828235, 49.235650224679034 ], [ 27.872145397293139, 49.245300431370708 ], [ 27.84918094894249, 49.263819344687931 ], [ 27.862293601269585, 49.279604645438951 ], [ 27.857937346432266, 49.328793773414816 ], [ 27.811411970786708, 49.36710554098886 ], [ 27.828916792376958, 49.367750687645014 ], [ 27.811944656321714, 49.388345595074099 ], [ 27.833541572186675, 49.391276048551731 ], [ 27.851495793996548, 49.426950701714418 ], [ 27.827475705240488, 49.42160697238478 ], [ 27.807165139160702, 49.439415816087944 ], [ 27.745027462648181, 49.450706076824929 ], [ 27.791364630873886, 49.487965125890753 ], [ 27.734692118247551, 49.496262798090584 ], [ 27.742710559945237, 49.531466506874722 ], [ 27.775437921623677, 49.520167285292928 ], [ 27.794296928861058, 49.530702237818957 ], [ 27.793311562379586, 49.553152929564988 ], [ 27.76079497660777, 49.583119932839566 ], [ 27.812254742563198, 49.618327319850835 ], [ 27.811478125815711, 49.644597427829979 ], [ 27.7660020791335, 49.666437415155485 ], [ 27.762510223868617, 49.697193946744164 ], [ 27.81157334873194, 49.701979326585558 ], [ 27.837020967344642, 49.72980992738718 ], [ 27.817236001940842, 49.74299396969684 ], [ 27.836121530185324, 49.755784832005304 ], [ 27.981231858364424, 49.780108375402108 ], [ 28.044048385425526, 49.770342103106486 ], [ 28.149162700199327, 49.789393020272598 ], [ 28.224727929351332, 49.785538404574652 ], [ 28.249209796595721, 49.815006680714646 ], [ 28.262049141355646, 49.800158682178335 ], [ 28.379279948311819, 49.780635427583832 ], [ 28.406955423255056, 49.792054821973352 ], [ 28.421630509141551, 49.824715102321022 ], [ 28.469099957997514, 49.823082000035186 ], [ 28.48121208487072, 49.807566111887468 ], [ 28.528730703260237, 49.820825490404957 ], [ 28.569800107889535, 49.774069732732926 ], [ 28.600573822824515, 49.782227479415553 ], [ 28.602171236414335, 49.810371118932892 ], [ 28.619091076892573, 49.813740000001928 ], [ 28.689496131941837, 49.799811813665201 ], [ 28.721899961614838, 49.808556215997498 ], [ 28.726841824391556, 49.797229163096347 ], [ 28.7585421126293, 49.818563068631647 ], [ 28.749939697959576, 49.844514798619969 ], [ 28.844907121267511, 49.860180988662592 ], [ 28.857501969141424, 49.889108736280093 ], [ 28.880341998085612, 49.889039039720842 ] ] ] } },
{ "type": "Feature", "properties": { "NAME_LAT": "Sevastopol", "ID": 27.0, "TYPE": "Області, автономії та ради", "NAME_UA": "Севастополь", "NAME_RUS": "Севастополь", "KOATUU": "8500000000", "CODETOPO": "81230100", "CODENAME": "міська рада", "CODE_PR": null, "LABEL": "Севастопльіська міська рада", "SHAPE_Leng": 2.83667137661, "SHAPE_Area": 0.096176307690999996, "Tm_observed_anom_1951_1960": -0.2, "Tm_winter_observed_anom_1951_1960": 0.0, "Tm_spring_observed_anom_1951_1960": -1.0, "Tm_summer_observed_anom_1951_1960": 0.5, "Tm_autumn_observed_anom_1951_1960": -0.2, "Tm_observed_anom_1961_1970": 0.2, "Tm_winter_observed_anom_1961_1970": 0.2, "Tm_spring_observed_anom_1961_1970": 0.1, "Tm_summer_observed_anom_1961_1970": 0.2, "Tm_autumn_observed_anom_1961_1970": 0.5, "Tm_observed_anom_1971_1980": -0.1, "Tm_winter_observed_anom_1971_1980": -0.2, "Tm_spring_observed_anom_1971_1980": 0.1, "Tm_summer_observed_anom_1971_1980": -0.1, "Tm_autumn_observed_anom_1971_1980": -0.2, "Tm_observed_anom_1981_1990": -0.2, "Tm_winter_observed_anom_1981_1990": 0.0, "Tm_spring_observed_anom_1981_1990": -0.2, "Tm_summer_observed_anom_1981_1990": -0.1, "Tm_autumn_observed_anom_1981_1990": -0.4, "Tm_observed_anom_1991_2000": 0.1, "Tm_winter_observed_anom_1991_2000": -0.1, "Tm_spring_observed_anom_1991_2000": 0.0, "Tm_summer_observed_anom_1991_2000": 0.8, "Tm_autumn_observed_anom_1991_2000": -0.1, "Tm_observed_anom_2001_2010": 1.0, "Tm_winter_observed_anom_2001_2010": 0.6, "Tm_spring_observed_anom_2001_2010": 0.6, "Tm_summer_observed_anom_2001_2010": 1.8, "Tm_autumn_observed_anom_2001_2010": 1.2, "Tm_observed_anom_2011_2020": 1.6, "Tm_winter_observed_anom_2011_2020": 1.3, "Tm_spring_observed_anom_2011_2020": 1.5, "Tm_summer_observed_anom_2011_2020": 2.2, "Tm_autumn_observed_anom_2011_2020": 1.2, "RR_observed_anom_1951_1960": -4.0, "RR_winter_observed_anom_1951_1960": 11.0, "RR_spring_observed_anom_1951_1960": -2.0, "RR_summer_observed_anom_1951_1960": -24.0, "RR_autumn_observed_anom_1951_1960": -8.0, "RR_observed_anom_1961_1970": 2.0, "RR_winter_observed_anom_1961_1970": 14.0, "RR_spring_observed_anom_1961_1970": 13.0, "RR_summer_observed_anom_1961_1970": -11.0, "RR_autumn_observed_anom_1961_1970": -9.0, "RR_observed_anom_1971_1980": -5.0, "RR_winter_observed_anom_1971_1980": -5.0, "RR_spring_observed_anom_1971_1980": -5.0, "RR_summer_observed_anom_1971_1980": -6.0, "RR_autumn_observed_anom_1971_1980": -4.0, "RR_observed_anom_1981_1990": 3.0, "RR_winter_observed_anom_1981_1990": -9.0, "RR_spring_observed_anom_1981_1990": -7.0, "RR_summer_observed_anom_1981_1990": 17.0, "RR_autumn_observed_anom_1981_1990": 13.0, "RR_observed_anom_1991_2000": 2.0, "RR_winter_observed_anom_1991_2000": -15.0, "RR_spring_observed_anom_1991_2000": 18.0, "RR_summer_observed_anom_1991_2000": -6.0, "RR_autumn_observed_anom_1991_2000": 15.0, "RR_observed_anom_2001_2010": 5.0, "RR_winter_observed_anom_2001_2010": -7.0, "RR_spring_observed_anom_2001_2010": -9.0, "RR_summer_observed_anom_2001_2010": -7.0, "RR_autumn_observed_anom_2001_2010": 37.0, "RR_observed_anom_2011_2020": 33.0, "RR_winter_observed_anom_2011_2020": 23.0, "RR_spring_observed_anom_2011_2020": 31.0, "RR_summer_observed_anom_2011_2020": 46.0, "RR_autumn_observed_anom_2011_2020": 39.0 }, "geometry": { "type": "Polygon", "coordinates": [ [ [ 33.562570560383961, 44.839959263110416 ], [ 33.585264001633277, 44.80793915886602 ], [ 33.677628649343603, 44.785893644077305 ], [ 33.682644572190156, 44.770034738313427 ], [ 33.611330889809608, 44.750432039407997 ], [ 33.616290006979114, 44.712157045112463 ], [ 33.688379708057994, 44.702543276252129 ], [ 33.687115379971715, 44.714303671078483 ], [ 33.710924896067979, 44.705335428388196 ], [ 33.723201685210483, 44.716891197771474 ], [ 33.777075779224731, 44.69028706539666 ], [ 33.716703723698799, 44.620094605582494 ], [ 33.735656848585563, 44.601474685809023 ], [ 33.782589000183123, 44.612192000161599 ], [ 33.786576488015385, 44.584794814130305 ], [ 33.828403001298341, 44.573459000033722 ], [ 33.842038701126057, 44.512365125251222 ], [ 33.859301480080148, 44.514566587379022 ], [ 33.867851909438969, 44.494591366799057 ], [ 33.85934763778414, 44.479409085761631 ], [ 33.894695553757686, 44.482187401828071 ], [ 33.884155111769871, 44.469608276801466 ], [ 33.900376000952576, 44.423980999224625 ], [ 33.737960999801203, 44.387428999849362 ], [ 33.707996000216099, 44.420767000297758 ], [ 33.649094722943971, 44.426699439328559 ], [ 33.635670377286999, 44.471994792426642 ], [ 33.598371792225294, 44.503393671081994 ], [ 33.554771347320695, 44.48777035531856 ], [ 33.487284244273326, 44.497859950077554 ], [ 33.378576788988482, 44.583240076069558 ], [ 33.402380526940647, 44.590768999690511 ], [ 33.411648035229518, 44.563152640782675 ], [ 33.415925256746107, 44.58782366872822 ], [ 33.426357325031404, 44.57311036884937 ], [ 33.438452664259955, 44.57266184906598 ], [ 33.421876727230085, 44.593899269036967 ], [ 33.438921176871702, 44.605372793620461 ], [ 33.448309922765588, 44.594929866021403 ], [ 33.448820197195232, 44.608144573414222 ], [ 33.46822516755833, 44.611812188582576 ], [ 33.46571450681995, 44.601192614348577 ], [ 33.471656858178335, 44.592189898845675 ], [ 33.474068358768648, 44.61181281361138 ], [ 33.500196353180058, 44.603956850629061 ], [ 33.497445480825149, 44.609719188290796 ], [ 33.507593204163925, 44.621049758440506 ], [ 33.527071292107337, 44.618792467299443 ], [ 33.527934494682086, 44.597239122688279 ], [ 33.531962140841017, 44.617068805082226 ], [ 33.601878773187707, 44.609870117912521 ], [ 33.509602123240256, 44.624522262992969 ], [ 33.544414439875368, 44.6624102304487 ], [ 33.534105564321237, 44.791332330123851 ], [ 33.562570560383961, 44.839959263110416 ] ] ] } },
{ "type": "Feature", "properties": { "NAME_LAT": "Kyiv", "ID": 26.0, "TYPE": "Області, автономії та ради", "NAME_UA": "Київ", "NAME_RUS": "Киев", "KOATUU": "8000000000", "CODETOPO": "81230100", "CODENAME": "міська рада", "CODE_PR": null, "LABEL": "Київська міська рада", "SHAPE_Leng": 2.83256463793, "SHAPE_Area": 0.105591380778, "Tm_observed_anom_1951_1960": -0.2, "Tm_winter_observed_anom_1951_1960": 0.1, "Tm_spring_observed_anom_1951_1960": -1.3, "Tm_summer_observed_anom_1951_1960": 0.9, "Tm_autumn_observed_anom_1951_1960": -0.6, "Tm_observed_anom_1961_1970": -0.2, "Tm_winter_observed_anom_1961_1970": -1.1, "Tm_spring_observed_anom_1961_1970": -0.3, "Tm_summer_observed_anom_1961_1970": 0.2, "Tm_autumn_observed_anom_1961_1970": 0.5, "Tm_observed_anom_1971_1980": -0.0, "Tm_winter_observed_anom_1971_1980": 0.3, "Tm_spring_observed_anom_1971_1980": -0.0, "Tm_summer_observed_anom_1971_1980": -0.2, "Tm_autumn_observed_anom_1971_1980": -0.3, "Tm_observed_anom_1981_1990": 0.2, "Tm_winter_observed_anom_1981_1990": 0.8, "Tm_spring_observed_anom_1981_1990": 0.3, "Tm_summer_observed_anom_1981_1990": -0.0, "Tm_autumn_observed_anom_1981_1990": -0.2, "Tm_observed_anom_1991_2000": 0.6, "Tm_winter_observed_anom_1991_2000": 1.5, "Tm_spring_observed_anom_1991_2000": 0.4, "Tm_summer_observed_anom_1991_2000": 0.7, "Tm_autumn_observed_anom_1991_2000": -0.4, "Tm_observed_anom_2001_2010": 1.3, "Tm_winter_observed_anom_2001_2010": 1.4, "Tm_spring_observed_anom_2001_2010": 1.2, "Tm_summer_observed_anom_2001_2010": 1.7, "Tm_autumn_observed_anom_2001_2010": 0.9, "Tm_observed_anom_2011_2020": 2.0, "Tm_winter_observed_anom_2011_2020": 2.4, "Tm_spring_observed_anom_2011_2020": 2.1, "Tm_summer_observed_anom_2011_2020": 2.2, "Tm_autumn_observed_anom_2011_2020": 1.4, "RR_observed_anom_1951_1960": -16.0, "RR_winter_observed_anom_1951_1960": -28.0, "RR_spring_observed_anom_1951_1960": -18.0, "RR_summer_observed_anom_1951_1960": -22.0, "RR_autumn_observed_anom_1951_1960": 12.0, "RR_observed_anom_1961_1970": 4.0, "RR_winter_observed_anom_1961_1970": 20.0, "RR_spring_observed_anom_1961_1970": 8.0, "RR_summer_observed_anom_1961_1970": -2.0, "RR_autumn_observed_anom_1961_1970": -9.0, "RR_observed_anom_1971_1980": -4.0, "RR_winter_observed_anom_1971_1980": -10.0, "RR_spring_observed_anom_1971_1980": -3.0, "RR_summer_observed_anom_1971_1980": -4.0, "RR_autumn_observed_anom_1971_1980": 5.0, "RR_observed_anom_1981_1990": 0.0, "RR_winter_observed_anom_1981_1990": -10.0, "RR_spring_observed_anom_1981_1990": -5.0, "RR_summer_observed_anom_1981_1990": 6.0, "RR_autumn_observed_anom_1981_1990": 4.0, "RR_observed_anom_1991_2000": -3.0, "RR_winter_observed_anom_1991_2000": -26.0, "RR_spring_observed_anom_1991_2000": 7.0, "RR_summer_observed_anom_1991_2000": -8.0, "RR_autumn_observed_anom_1991_2000": 24.0, "RR_observed_anom_2001_2010": -3.0, "RR_winter_observed_anom_2001_2010": -10.0, "RR_spring_observed_anom_2001_2010": 1.0, "RR_summer_observed_anom_2001_2010": -14.0, "RR_autumn_observed_anom_2001_2010": 18.0, "RR_observed_anom_2011_2020": -7.0, "RR_winter_observed_anom_2011_2020": -4.0, "RR_spring_observed_anom_2011_2020": 7.0, "RR_summer_observed_anom_2011_2020": -22.0, "RR_autumn_observed_anom_2011_2020": 1.0 }, "geometry": { "type": "Polygon", "coordinates": [ [ [ 30.721128086592785, 50.590628799580372 ], [ 30.81609104206882, 50.564188844740329 ], [ 30.823289418073045, 50.537035194219754 ], [ 30.754735077862449, 50.518973525009073 ], [ 30.761921647566851, 50.509020780985168 ], [ 30.737894108826936, 50.498663785406279 ], [ 30.760365823125142, 50.482376177319679 ], [ 30.742677068592741, 50.458505778919459 ], [ 30.82621769699, 50.403944059671517 ], [ 30.775591034199749, 50.394484815023134 ], [ 30.777263347826135, 50.370488902741613 ], [ 30.717208117161761, 50.382511746720638 ], [ 30.71318811703884, 50.354442821080227 ], [ 30.696783098861829, 50.347287816680307 ], [ 30.626966043948642, 50.360098771641901 ], [ 30.633242111235347, 50.339978798883408 ], [ 30.618933035032398, 50.335577783888539 ], [ 30.653748109888227, 50.293994815109556 ], [ 30.609759106598347, 50.276871789002769 ], [ 30.646707027108505, 50.239724788269314 ], [ 30.643160104556046, 50.225789753595166 ], [ 30.593474110142949, 50.213303431409145 ], [ 30.583356013170373, 50.250378764269499 ], [ 30.552613071237147, 50.259348822690924 ], [ 30.54623007995508, 50.291005808572152 ], [ 30.528106115605624, 50.290297771425912 ], [ 30.53540704130279, 50.317411820300208 ], [ 30.475237031065035, 50.333177810808252 ], [ 30.468393041006948, 50.360128800005043 ], [ 30.437633505682641, 50.356927343922735 ], [ 30.442174043298337, 50.381455736693795 ], [ 30.369132068091346, 50.420966814068152 ], [ 30.34566110807458, 50.453592789776337 ], [ 30.281260138345601, 50.447320784727367 ], [ 30.269308098890519, 50.426211816722912 ], [ 30.236532085688111, 50.43054674593651 ], [ 30.251684063169876, 50.485046763598177 ], [ 30.270006233601691, 50.498148118641666 ], [ 30.260650128601412, 50.511613762066418 ], [ 30.302582069407833, 50.533073772337673 ], [ 30.298026716360766, 50.554413786068324 ], [ 30.341889639196381, 50.556931799663744 ], [ 30.307402120812128, 50.570583809596087 ], [ 30.370747072420329, 50.573402798401332 ], [ 30.371004118446194, 50.586436826599197 ], [ 30.462866112581935, 50.584471830411587 ], [ 30.540950024424944, 50.523228890301993 ], [ 30.535184075985228, 50.54897566389667 ], [ 30.65379108129423, 50.534778749340717 ], [ 30.667916127428214, 50.553107799586201 ], [ 30.713408074124231, 50.557686800306499 ], [ 30.721128086592785, 50.590628799580372 ] ], [ [ 30.337319164049063, 50.496336828282949 ], [ 30.318851092105092, 50.495471799185111 ], [ 30.318841323669062, 50.487567985075373 ], [ 30.351776088796328, 50.484580822148132 ], [ 30.337319164049063, 50.496336828282949 ] ] ] } },
{ "type": "Feature", "properties": { "NAME_LAT": "Chernihivska", "ID": 25.0, "TYPE": "Області, автономії та ради", "NAME_UA": "Чернігівська", "NAME_RUS": "Черниговская", "KOATUU": "7400000000", "CODETOPO": "81210000", "CODENAME": "Межі областей та автономни", "CODE_PR": null, "LABEL": "Чернігівська область", "SHAPE_Leng": 16.386587543699999, "SHAPE_Area": 4.1161194845100004, "Tm_observed_anom_1951_1960": -0.2, "Tm_winter_observed_anom_1951_1960": 0.0, "Tm_spring_observed_anom_1951_1960": -1.3, "Tm_summer_observed_anom_1951_1960": 0.8, "Tm_autumn_observed_anom_1951_1960": -0.6, "Tm_observed_anom_1961_1970": -0.2, "Tm_winter_observed_anom_1961_1970": -1.1, "Tm_spring_observed_anom_1961_1970": -0.4, "Tm_summer_observed_anom_1961_1970": 0.2, "Tm_autumn_observed_anom_1961_1970": 0.5, "Tm_observed_anom_1971_1980": -0.0, "Tm_winter_observed_anom_1971_1980": 0.2, "Tm_spring_observed_anom_1971_1980": -0.0, "Tm_summer_observed_anom_1971_1980": -0.1, "Tm_autumn_observed_anom_1971_1980": -0.3, "Tm_observed_anom_1981_1990": 0.2, "Tm_winter_observed_anom_1981_1990": 0.8, "Tm_spring_observed_anom_1981_1990": 0.4, "Tm_summer_observed_anom_1981_1990": -0.0, "Tm_autumn_observed_anom_1981_1990": -0.2, "Tm_observed_anom_1991_2000": 0.6, "Tm_winter_observed_anom_1991_2000": 1.6, "Tm_spring_observed_anom_1991_2000": 0.5, "Tm_summer_observed_anom_1991_2000": 0.7, "Tm_autumn_observed_anom_1991_2000": -0.4, "Tm_observed_anom_2001_2010": 1.4, "Tm_winter_observed_anom_2001_2010": 1.6, "Tm_spring_observed_anom_2001_2010": 1.1, "Tm_summer_observed_anom_2001_2010": 1.7, "Tm_autumn_observed_anom_2001_2010": 1.0, "Tm_observed_anom_2011_2020": 2.0, "Tm_winter_observed_anom_2011_2020": 2.6, "Tm_spring_observed_anom_2011_2020": 2.0, "Tm_summer_observed_anom_2011_2020": 2.0, "Tm_autumn_observed_anom_2011_2020": 1.5, "RR_observed_anom_1951_1960": -13.0, "RR_winter_observed_anom_1951_1960": -20.0, "RR_spring_observed_anom_1951_1960": -14.0, "RR_summer_observed_anom_1951_1960": -21.0, "RR_autumn_observed_anom_1951_1960": 8.0, "RR_observed_anom_1961_1970": 2.0, "RR_winter_observed_anom_1961_1970": 15.0, "RR_spring_observed_anom_1961_1970": 10.0, "RR_summer_observed_anom_1961_1970": -6.0, "RR_autumn_observed_anom_1961_1970": -9.0, "RR_observed_anom_1971_1980": -3.0, "RR_winter_observed_anom_1971_1980": -13.0, "RR_spring_observed_anom_1971_1980": -3.0, "RR_summer_observed_anom_1971_1980": -1.0, "RR_autumn_observed_anom_1971_1980": 4.0, "RR_observed_anom_1981_1990": 1.0, "RR_winter_observed_anom_1981_1990": -2.0, "RR_spring_observed_anom_1981_1990": -7.0, "RR_summer_observed_anom_1981_1990": 7.0, "RR_autumn_observed_anom_1981_1990": 5.0, "RR_observed_anom_1991_2000": -2.0, "RR_winter_observed_anom_1991_2000": -22.0, "RR_spring_observed_anom_1991_2000": 13.0, "RR_summer_observed_anom_1991_2000": -11.0, "RR_autumn_observed_anom_1991_2000": 19.0, "RR_observed_anom_2001_2010": -2.0, "RR_winter_observed_anom_2001_2010": 1.0, "RR_spring_observed_anom_2001_2010": -2.0, "RR_summer_observed_anom_2001_2010": -16.0, "RR_autumn_observed_anom_2001_2010": 19.0, "RR_observed_anom_2011_2020": -9.0, "RR_winter_observed_anom_2011_2020": 0.0, "RR_spring_observed_anom_2011_2020": 8.0, "RR_summer_observed_anom_2011_2020": -22.0, "RR_autumn_observed_anom_2011_2020": -14.0 }, "geometry": { "type": "Polygon", "coordinates": [ [ [ 33.202547248157884, 52.373498000633163 ], [ 33.305740405995834, 52.351029904307552 ], [ 33.379383033900808, 52.372265011222225 ], [ 33.416706949267166, 52.360091047864501 ], [ 33.411038004401291, 52.349797959908869 ], [ 33.429186985192075, 52.34566201199317 ], [ 33.395957998763492, 52.313936001346292 ], [ 33.401083001280369, 52.300861000036036 ], [ 33.376267000822338, 52.275230999811697 ], [ 33.38523099871253, 52.26820100117618 ], [ 33.358560999991028, 52.258709999667701 ], [ 33.366754999244733, 52.233916000224156 ], [ 33.317593001117018, 52.218080000192799 ], [ 33.321975999993299, 52.190936000297086 ], [ 33.309769000939525, 52.185060000019917 ], [ 33.336590000329124, 52.160681000828447 ], [ 33.323238999780926, 52.136228000023095 ], [ 33.3801720001386, 52.146454000352776 ], [ 33.379497999633884, 52.134024000008537 ], [ 33.435247001149094, 52.107921999601501 ], [ 33.437566001070991, 52.087539000325535 ], [ 33.499704000440147, 52.089000001150055 ], [ 33.50032100011498, 52.038501999868345 ], [ 33.42870299974453, 52.025847000839349 ], [ 33.402851000074463, 52.051097998874468 ], [ 33.316699000359449, 52.031526000125723 ], [ 33.303311999949699, 52.013864998671693 ], [ 33.341375998904141, 52.006818000151497 ], [ 33.350715998845146, 51.983175999873424 ], [ 33.39617999910854, 51.956141999654506 ], [ 33.352096998678462, 51.930079000146691 ], [ 33.253012999751036, 51.926230999861673 ], [ 33.22145799878848, 51.905120000288719 ], [ 33.187242000119113, 51.91266600113596 ], [ 33.170917000020438, 51.901698999909854 ], [ 33.179100998812942, 51.886359001167875 ], [ 33.123219001056952, 51.864428999799429 ], [ 33.146282000714677, 51.816211001137731 ], [ 33.078230001114548, 51.775835999932383 ], [ 33.170061000115936, 51.699689001147419 ], [ 33.144214999823248, 51.690947000004996 ], [ 33.164103999700728, 51.680500000275742 ], [ 33.140531999952714, 51.678439999707166 ], [ 33.125667999779239, 51.644088000162014 ], [ 33.153838000224425, 51.641734999571497 ], [ 33.154669999022133, 51.607988000047101 ], [ 33.190856000405006, 51.583511000832971 ], [ 33.220512000129588, 51.580703999990533 ], [ 33.159003000988605, 51.571783999632828 ], [ 33.191427999803238, 51.50659900004473 ], [ 33.13418300034607, 51.491974000100925 ], [ 33.112990999735757, 51.428727999998102 ], [ 33.135393000387523, 51.41650800124421 ], [ 33.119318000126498, 51.404140000161817 ], [ 33.135649998749329, 51.399042998936181 ], [ 33.133065999197413, 51.382561999737447 ], [ 33.091928998825097, 51.390420999730281 ], [ 33.111367000387645, 51.369974000200898 ], [ 33.060943999866595, 51.371201000126973 ], [ 33.038673999906052, 51.391317999726823 ], [ 33.056584001151634, 51.404438001313622 ], [ 33.018073998716943, 51.396463999614809 ], [ 33.040972998905659, 51.36782600007075 ], [ 33.037610000302152, 51.347032999873989 ], [ 33.075038999650985, 51.340735999068045 ], [ 33.07719400010393, 51.312265000030663 ], [ 33.041141001257074, 51.291114998659168 ], [ 33.075936998794361, 51.289178000165521 ], [ 33.058711998560796, 51.266020999770262 ], [ 33.069378001194707, 51.255094000388738 ], [ 33.029716999640698, 51.227542999710579 ], [ 33.041802001162296, 51.205750000163277 ], [ 32.977277999680837, 51.187931000416256 ], [ 32.959920001407852, 51.163769998687428 ], [ 32.992767999944135, 51.143853001116042 ], [ 32.943219001056946, 51.090500000375641 ], [ 33.069955000823541, 51.069634999556513 ], [ 33.059828999709453, 51.049123999773713 ], [ 33.085579000071675, 51.038927999928205 ], [ 33.038734000874342, 50.993613000240714 ], [ 33.078916001273342, 50.982244000261346 ], [ 33.117283999857591, 51.006909000051223 ], [ 33.136856000404975, 50.961692000386449 ], [ 33.200843999651738, 50.961800999117713 ], [ 33.208411999714883, 50.894028999839406 ], [ 33.170097999124266, 50.885421000379779 ], [ 33.181416000349031, 50.866885999989847 ], [ 33.168942999820501, 50.851048999912337 ], [ 33.185613999687234, 50.849368998881118 ], [ 33.155435000126033, 50.828427999953135 ], [ 33.169207509319961, 50.799795510555271 ], [ 33.153242998866176, 50.794005999877925 ], [ 33.191314999988151, 50.746608001259176 ], [ 33.238597999598881, 50.731919000162634 ], [ 33.136071000177424, 50.712274999892259 ], [ 33.152421999676449, 50.694245000307433 ], [ 33.147797001331412, 50.654723999813655 ], [ 33.118030999232133, 50.646461000975364 ], [ 33.102523999983475, 50.601919000962027 ], [ 33.123264000434176, 50.59587600017818 ], [ 33.049667999679343, 50.541081000388772 ], [ 33.06631314583592, 50.520468177565249 ], [ 33.023754999894209, 50.501800000170817 ], [ 33.016301999738403, 50.470912000289502 ], [ 32.971787999217668, 50.475783000086324 ], [ 32.968101999208784, 50.44747699966473 ], [ 32.912273000299592, 50.423805999847957 ], [ 32.916157000446105, 50.408377998846504 ], [ 32.790066999893043, 50.370929000374019 ], [ 32.792757998983348, 50.346961001250122 ], [ 32.670722001020408, 50.357743000240191 ], [ 32.671734000024969, 50.370026000100722 ], [ 32.528623999698709, 50.345737999709854 ], [ 32.486598998845579, 50.368326999992007 ], [ 32.493568000064045, 50.399597000402196 ], [ 32.397006999674204, 50.406660998806956 ], [ 32.337198392792459, 50.428434297805495 ], [ 32.316548999937311, 50.418015999939371 ], [ 32.32178100019388, 50.396555999560633 ], [ 32.251749000117172, 50.374160000084885 ], [ 32.254504001259534, 50.353108999681524 ], [ 32.267513999572316, 50.352733000328612 ], [ 32.143068889618462, 50.348962437067712 ], [ 32.154665505309708, 50.376530911573241 ], [ 32.074265651239671, 50.372948876790133 ], [ 32.102500438845084, 50.412771882217498 ], [ 32.044521508062019, 50.401681822259206 ], [ 32.023449589427912, 50.458706761208987 ], [ 31.973264689814471, 50.466567698341521 ], [ 31.979536563562419, 50.481446673126413 ], [ 31.962846593396478, 50.485184670137357 ], [ 32.047331977589579, 50.496136315439514 ], [ 32.06405005966343, 50.511729444559137 ], [ 32.051288040411634, 50.52335014409482 ], [ 32.063453411646492, 50.540772633651045 ], [ 31.952002416179425, 50.54421453787154 ], [ 31.913840504436621, 50.595339239814962 ], [ 31.858987001050139, 50.632042496165184 ], [ 31.782046859575814, 50.605674228084069 ], [ 31.782171679180522, 50.559465358040768 ], [ 31.683784715992715, 50.563183452155499 ], [ 31.646776750447543, 50.552739355437836 ], [ 31.630243941305707, 50.520541435439839 ], [ 31.563733921084463, 50.518497332187053 ], [ 31.522197026372567, 50.536259222286219 ], [ 31.521469011686406, 50.522054274985749 ], [ 31.444893134311599, 50.50048437475499 ], [ 31.364335244177084, 50.530839235842961 ], [ 31.330425291994516, 50.50104325214528 ], [ 31.319298319362815, 50.528135156113478 ], [ 31.262016171609901, 50.539191069713013 ], [ 31.246595223091958, 50.567060058076152 ], [ 31.165800383182045, 50.589524967204397 ], [ 31.16604027463984, 50.607501970640385 ], [ 31.227739018142074, 50.613300107614805 ], [ 31.198991164611414, 50.644773978936882 ], [ 31.223708202772229, 50.667409874367138 ], [ 31.218301072137649, 50.697041866689744 ], [ 31.190768092074677, 50.702813908935696 ], [ 31.190824116240833, 50.724565838243791 ], [ 31.122053238167268, 50.74969875169694 ], [ 31.126423070069507, 50.77471176303834 ], [ 31.075589200781849, 50.781360689245332 ], [ 31.069490128167786, 50.764783732384274 ], [ 30.949894281396837, 50.7572585517417 ], [ 30.89007052093865, 50.773867216899475 ], [ 30.875419723942002, 50.746860850149062 ], [ 30.837604148313687, 50.74388077028226 ], [ 30.832001157028685, 50.75411347595707 ], [ 30.845285894629228, 50.753944856670728 ], [ 30.846110472221426, 50.77670147079715 ], [ 30.873589999279943, 50.781863000178248 ], [ 30.870604297751015, 50.786178510330899 ], [ 30.847490588920436, 50.781849549917695 ], [ 30.83770304226249, 50.763940194385384 ], [ 30.74002956161587, 50.771348487443674 ], [ 30.750838522280844, 50.798560505763646 ], [ 30.732319491152452, 50.812555310280288 ], [ 30.766405404686566, 50.813954399976524 ], [ 30.771377302121664, 50.874707380442203 ], [ 30.734602429159679, 50.898603521935911 ], [ 30.672893544902081, 50.906282290596153 ], [ 30.640878312285167, 51.003524102056588 ], [ 30.602836430357854, 51.009287047660052 ], [ 30.601335294589035, 51.026842073004218 ], [ 30.499356496705843, 51.019151008812912 ], [ 30.492890444039631, 51.045327903860596 ], [ 30.510194313018019, 51.073722864319677 ], [ 30.482119506710774, 51.091672131764369 ], [ 30.518091206844588, 51.112652760217657 ], [ 30.490896239670633, 51.136505862856211 ], [ 30.49175022689235, 51.16695074338304 ], [ 30.540845146387255, 51.17940777734799 ], [ 30.518046208366684, 51.184434730379451 ], [ 30.532871115910154, 51.200754775213625 ], [ 30.505728029725674, 51.227214685110539 ], [ 30.558202079862951, 51.231773735270565 ], [ 30.567093518651859, 51.257278637999661 ], [ 30.54827940287305, 51.264435441043702 ], [ 30.615671998864514, 51.285831999647996 ], [ 30.623021999666435, 51.305207000103906 ], [ 30.593095000035134, 51.313459000233593 ], [ 30.651231000111466, 51.33866699988306 ], [ 30.636244999707856, 51.359904999916751 ], [ 30.654087998763032, 51.379523999933554 ], [ 30.617876999824546, 51.427682001224298 ], [ 30.585631000271349, 51.429138000918954 ], [ 30.580674000105887, 51.451488000072061 ], [ 30.622205999807932, 51.467545000402367 ], [ 30.590185999884852, 51.478784999828804 ], [ 30.56697199776039, 51.512687000205801 ], [ 30.582435000375824, 51.547012000304505 ], [ 30.547122998828229, 51.542088999908344 ], [ 30.529290000234198, 51.563218001210714 ], [ 30.554700000205742, 51.579154998705178 ], [ 30.510464999960675, 51.596123999723716 ], [ 30.557187998927873, 51.606211999984737 ], [ 30.508894001258057, 51.627182000250059 ], [ 30.534764999106301, 51.657368000133999 ], [ 30.517721999171783, 51.670618999668022 ], [ 30.564800000120783, 51.66288900022812 ], [ 30.578301418576473, 51.675273415736456 ], [ 30.564517999706823, 51.707197999389109 ], [ 30.623586999641191, 51.71346499881156 ], [ 30.650672999560186, 51.758903999720758 ], [ 30.612442965971013, 51.767021213059479 ], [ 30.667000724604634, 51.78794071009662 ], [ 30.661550210674591, 51.818218892288996 ], [ 30.690453388813751, 51.82695367457336 ], [ 30.705432998634876, 51.865292000026727 ], [ 30.748134000984237, 51.903090000204259 ], [ 30.801473000179726, 51.89864600031359 ], [ 30.82476400135846, 51.920779001150891 ], [ 30.807095002233439, 51.948460999776273 ], [ 30.847649000901527, 51.94867500065169 ], [ 30.837751001308561, 51.96149600104053 ], [ 30.889165999911825, 51.969863000178236 ], [ 30.88537699875036, 51.984474000375769 ], [ 30.910555998861128, 51.987735999717529 ], [ 30.893093001141949, 51.995645000217507 ], [ 30.899616998926263, 52.004189001222358 ], [ 30.932666000436427, 51.99654999968368 ], [ 30.912751999406112, 52.022230000415107 ], [ 30.936928000028047, 52.031948999847373 ], [ 30.921741000247835, 52.056172999984881 ], [ 30.94727699973464, 52.051136998874313 ], [ 30.932374998708099, 52.07297100031235 ], [ 30.951600000340648, 52.075230000165277 ], [ 30.949737000762866, 52.089439999857007 ], [ 30.99583399874092, 52.077375001056396 ], [ 31.141391001294551, 52.102675999598603 ], [ 31.160891160399615, 52.078406624167314 ], [ 31.215741588104663, 52.071274976959558 ], [ 31.216204830689264, 52.054690705012945 ], [ 31.298219000207553, 51.999195001149303 ], [ 31.255746999425355, 52.042859000243595 ], [ 31.298333000968114, 52.052029998686407 ], [ 31.325491999756878, 52.105287000395663 ], [ 31.431073000619392, 52.143177000319213 ], [ 31.483382999127002, 52.116833999590312 ], [ 31.660790000059365, 52.116677999590934 ], [ 31.722612000144579, 52.095708001124251 ], [ 31.772739999652174, 52.111582000210092 ], [ 31.819371998919507, 52.098662999798535 ], [ 31.866923999244079, 52.110782000190056 ], [ 31.959987001100103, 52.075108999981296 ], [ 31.914961998598244, 52.042896000151188 ], [ 31.966943000819697, 52.053681000178926 ], [ 32.095052000050657, 52.033505998803719 ], [ 32.13375799893339, 52.0439389987867 ], [ 32.147291999826791, 52.069190000419098 ], [ 32.199878001169679, 52.066443999691785 ], [ 32.290768999090915, 52.103357000426172 ], [ 32.320337000153302, 52.136582000160104 ], [ 32.366517001059663, 52.144949999343908 ], [ 32.364554001366969, 52.156088001261196 ], [ 32.324406999884047, 52.15187100014748 ], [ 32.347406000187618, 52.185181001103217 ], [ 32.323940999978049, 52.221581999810383 ], [ 32.347537999979579, 52.244568998661293 ], [ 32.399687000055906, 52.246904000220354 ], [ 32.384150431098419, 52.263113001264912 ], [ 32.394523430113111, 52.278489999914484 ], [ 32.370413430736107, 52.275909999647695 ], [ 32.352107431913339, 52.316523001036614 ], [ 32.376265080070254, 52.337677543085078 ], [ 32.490310990160935, 52.314198026918348 ], [ 32.503277058390438, 52.327495984552968 ], [ 32.55087100489385, 52.326125971737156 ], [ 32.700528946554527, 52.248247964173117 ], [ 32.756045995826923, 52.267156029428122 ], [ 32.762801953048609, 52.256196960222439 ], [ 32.817866011108435, 52.259151004716045 ], [ 32.833502849078116, 52.278722375737971 ], [ 32.884344010968221, 52.273659043331122 ], [ 32.887457561018493, 52.245388566130373 ], [ 32.904344942266164, 52.24604098740258 ], [ 32.96065696075101, 52.273560002792806 ], [ 32.995575972054382, 52.272556499683617 ], [ 32.996294947654576, 52.2879549786403 ], [ 33.060697940858176, 52.328823988237389 ], [ 33.072918019651752, 52.325349983615752 ], [ 33.067495027674283, 52.30356697014048 ], [ 33.138236009185391, 52.346957963839884 ], [ 33.169218963085541, 52.341204048329075 ], [ 33.169974968271049, 52.372892961042226 ], [ 33.202547248157884, 52.373498000633163 ] ], [ [ 30.772247103921586, 51.512619945854738 ], [ 30.789218518720531, 51.522859795743898 ], [ 30.785311194656799, 51.538846258648846 ], [ 30.708855349795442, 51.553079578660572 ], [ 30.710124260826831, 51.530867999559462 ], [ 30.651879422997865, 51.523613530141233 ], [ 30.772247103921586, 51.512619945854738 ] ] ] } },
{ "type": "Feature", "properties": { "NAME_LAT": "Chernivetska", "ID": 24.0, "TYPE": "Області, автономії та ради", "NAME_UA": "Чернівецька", "NAME_RUS": "Черновицкая", "KOATUU": "7300000000", "CODETOPO": "81210000", "CODENAME": "Межі областей та автономни", "CODE_PR": null, "LABEL": "Чернівецька область", "SHAPE_Leng": 8.9883167311300003, "SHAPE_Area": 0.98196684707100002, "Tm_observed_anom_1951_1960": -0.1, "Tm_winter_observed_anom_1951_1960": 0.2, "Tm_spring_observed_anom_1951_1960": -1.0, "Tm_summer_observed_anom_1951_1960": 0.7, "Tm_autumn_observed_anom_1951_1960": -0.3, "Tm_observed_anom_1961_1970": -0.1, "Tm_winter_observed_anom_1961_1970": -1.2, "Tm_spring_observed_anom_1961_1970": -0.3, "Tm_summer_observed_anom_1961_1970": 0.3, "Tm_autumn_observed_anom_1961_1970": 0.6, "Tm_observed_anom_1971_1980": -0.1, "Tm_winter_observed_anom_1971_1980": 0.5, "Tm_spring_observed_anom_1971_1980": -0.1, "Tm_summer_observed_anom_1971_1980": -0.4, "Tm_autumn_observed_anom_1971_1980": -0.5, "Tm_observed_anom_1981_1990": 0.3, "Tm_winter_observed_anom_1981_1990": 0.7, "Tm_spring_observed_anom_1981_1990": 0.4, "Tm_summer_observed_anom_1981_1990": 0.1, "Tm_autumn_observed_anom_1981_1990": -0.1, "Tm_observed_anom_1991_2000": 0.6, "Tm_winter_observed_anom_1991_2000": 1.3, "Tm_spring_observed_anom_1991_2000": 0.4, "Tm_summer_observed_anom_1991_2000": 1.1, "Tm_autumn_observed_anom_1991_2000": -0.3, "Tm_observed_anom_2001_2010": 1.2, "Tm_winter_observed_anom_2001_2010": 1.0, "Tm_spring_observed_anom_2001_2010": 1.3, "Tm_summer_observed_anom_2001_2010": 1.7, "Tm_autumn_observed_anom_2001_2010": 0.6, "Tm_observed_anom_2011_2020": 2.0, "Tm_winter_observed_anom_2011_2020": 2.1, "Tm_spring_observed_anom_2011_2020": 1.9, "Tm_summer_observed_anom_2011_2020": 2.4, "Tm_autumn_observed_anom_2011_2020": 1.5, "RR_observed_anom_1951_1960": -9.0, "RR_winter_observed_anom_1951_1960": -3.0, "RR_spring_observed_anom_1951_1960": -16.0, "RR_summer_observed_anom_1951_1960": -12.0, "RR_autumn_observed_anom_1951_1960": 2.0, "RR_observed_anom_1961_1970": 2.0, "RR_winter_observed_anom_1961_1970": 22.0, "RR_spring_observed_anom_1961_1970": 4.0, "RR_summer_observed_anom_1961_1970": -3.0, "RR_autumn_observed_anom_1961_1970": -12.0, "RR_observed_anom_1971_1980": 6.0, "RR_winter_observed_anom_1971_1980": -15.0, "RR_spring_observed_anom_1971_1980": 3.0, "RR_summer_observed_anom_1971_1980": 9.0, "RR_autumn_observed_anom_1971_1980": 27.0, "RR_observed_anom_1981_1990": -8.0, "RR_winter_observed_anom_1981_1990": -8.0, "RR_spring_observed_anom_1981_1990": -7.0, "RR_summer_observed_anom_1981_1990": -6.0, "RR_autumn_observed_anom_1981_1990": -15.0, "RR_observed_anom_1991_2000": -1.0, "RR_winter_observed_anom_1991_2000": -14.0, "RR_spring_observed_anom_1991_2000": -5.0, "RR_summer_observed_anom_1991_2000": -6.0, "RR_autumn_observed_anom_1991_2000": 26.0, "RR_observed_anom_2001_2010": 4.0, "RR_winter_observed_anom_2001_2010": -8.0, "RR_spring_observed_anom_2001_2010": -5.0, "RR_summer_observed_anom_2001_2010": 9.0, "RR_autumn_observed_anom_2001_2010": 19.0, "RR_observed_anom_2011_2020": -10.0, "RR_winter_observed_anom_2011_2020": -10.0, "RR_spring_observed_anom_2011_2020": -4.0, "RR_summer_observed_anom_2011_2020": -20.0, "RR_autumn_observed_anom_2011_2020": 4.0 }, "geometry": { "type": "Polygon", "coordinates": [ [ [ 25.838063219942512, 48.633327170013786 ], [ 25.856088999908309, 48.617461999572527 ], [ 25.849647999656327, 48.596794999790347 ], [ 25.919676998695422, 48.5871229998275 ], [ 25.973639998787803, 48.620521000344809 ], [ 26.020999000104666, 48.610335000061127 ], [ 26.033733000078769, 48.645519001101945 ], [ 26.050334000314763, 48.648157000446133 ], [ 26.065884998894433, 48.607142001203329 ], [ 26.044349000406896, 48.585280000272689 ], [ 26.090896000251064, 48.539163999619802 ], [ 26.127082000734617, 48.55439799886949 ], [ 26.095981000023983, 48.59955500116331 ], [ 26.118295000214971, 48.620041999839316 ], [ 26.144624001197599, 48.59824400006147 ], [ 26.159126000865115, 48.532722001120362 ], [ 26.274529999660615, 48.538983000266171 ], [ 26.304396811264724, 48.508668003426521 ], [ 26.356655811017731, 48.507811999025478 ], [ 26.390119015081382, 48.53424700039966 ], [ 26.482212601731078, 48.546458944825361 ], [ 26.557276127891839, 48.459149844990293 ], [ 26.597544528857782, 48.451096143573068 ], [ 26.625834204785576, 48.46406762841923 ], [ 26.612478964833258, 48.506709968890846 ], [ 26.669254659375895, 48.485628924835908 ], [ 26.713067996291898, 48.495137853430094 ], [ 26.675218242828521, 48.538626146580327 ], [ 26.623505713418808, 48.537518531655849 ], [ 26.622633987069719, 48.554884030274707 ], [ 26.661449725725163, 48.560020768044922 ], [ 26.727081645202645, 48.533058961802567 ], [ 26.743084310293568, 48.555987309567627 ], [ 26.720276013927787, 48.578731102059635 ], [ 26.728654328335438, 48.587268838387104 ], [ 26.761601209129367, 48.54916454261047 ], [ 26.779832850206731, 48.547804125560845 ], [ 26.794525816414193, 48.567499748715363 ], [ 26.778837698202096, 48.594535134789567 ], [ 26.800613250002357, 48.609187843744905 ], [ 26.823769049802706, 48.605852635091935 ], [ 26.820197687274344, 48.581735612909142 ], [ 26.840940116793831, 48.557883942890555 ], [ 26.879275024823414, 48.54248221288475 ], [ 26.925045343168904, 48.577027081035908 ], [ 26.966711303184979, 48.576562477777031 ], [ 26.981145177408905, 48.591063930656787 ], [ 26.997045344967546, 48.573319354305681 ], [ 27.088559612636914, 48.557298907819245 ], [ 27.170381131185138, 48.583114725964776 ], [ 27.25135562416358, 48.568596414393937 ], [ 27.259990096066929, 48.582820337389592 ], [ 27.244331314639339, 48.611878894096606 ], [ 27.257462401269663, 48.622279590431674 ], [ 27.323008769140245, 48.601167580920048 ], [ 27.370512375146859, 48.630542272708624 ], [ 27.454234634221848, 48.594626599438925 ], [ 27.479345865020548, 48.546920000258751 ], [ 27.478609002804092, 48.507116000204178 ], [ 27.534438313778026, 48.470138374187513 ], [ 27.465903855779175, 48.448703934340017 ], [ 27.447085112089155, 48.409367282275184 ], [ 27.383754579311244, 48.410632487200417 ], [ 27.373711538857322, 48.441729466142874 ], [ 27.323041008036967, 48.443613999987008 ], [ 27.28431600917736, 48.371725000609217 ], [ 27.193097007821507, 48.394444999737857 ], [ 27.141727008595467, 48.373835999932396 ], [ 27.090504010752397, 48.412557000406139 ], [ 27.085138009712239, 48.43459400131303 ], [ 27.016213012121682, 48.421585000348387 ], [ 27.05198101131549, 48.388300999692319 ], [ 27.047244011402881, 48.37571300015577 ], [ 27.002700012196669, 48.380219000207603 ], [ 26.993996011907313, 48.358196999992458 ], [ 26.926639013780346, 48.365052001349682 ], [ 26.870615724437016, 48.420152978378155 ], [ 26.77675201659315, 48.417103999650806 ], [ 26.753194015692145, 48.39910000036565 ], [ 26.729868018295292, 48.410235000345892 ], [ 26.713460017067007, 48.404660001358877 ], [ 26.766574015779099, 48.354802000812583 ], [ 26.823925015627822, 48.343655001178263 ], [ 26.830484015026173, 48.312800000120831 ], [ 26.814695015363554, 48.293738000609153 ], [ 26.768158016879852, 48.303096001380254 ], [ 26.758109016618675, 48.320992000181604 ], [ 26.741147016822254, 48.313380000787333 ], [ 26.685343019065954, 48.35537200101794 ], [ 26.697918018902328, 48.328113000315625 ], [ 26.678036018448381, 48.326710001266463 ], [ 26.62311802018138, 48.275246001302833 ], [ 26.632712020144481, 48.252294001368 ], [ 26.617253021310773, 48.251106001441713 ], [ 26.621472019818725, 48.23952499977986 ], [ 26.587438021448406, 48.246057000630969 ], [ 26.573731021570268, 48.220038999601059 ], [ 26.525997022745287, 48.209033001073067 ], [ 26.471323264158173, 48.220173665882896 ], [ 26.439707025659573, 48.1944890012673 ], [ 26.336348029239048, 48.183605001170804 ], [ 26.335378030372681, 48.157581000763514 ], [ 26.300036030139552, 48.134376000852683 ], [ 26.278769032365801, 48.0850210010193 ], [ 26.21397803386003, 48.051081000688555 ], [ 26.186698034887286, 47.994682000674686 ], [ 26.105242037690743, 47.978913001035096 ], [ 25.916398048931683, 47.977610002100846 ], [ 25.893968050585954, 47.961657002069899 ], [ 25.848281054428014, 47.968853002065316 ], [ 25.777807059149325, 47.939861003283568 ], [ 25.636480625781132, 47.949603273573132 ], [ 25.313013099975478, 47.914569004257032 ], [ 25.232087109233589, 47.891809004183131 ], [ 25.223263109705613, 47.859251003731742 ], [ 25.169031116094004, 47.811927004028917 ], [ 25.16755111619193, 47.79046900374243 ], [ 25.120075122969411, 47.769712005205804 ], [ 25.115647122917267, 47.753389005199324 ], [ 25.055413131311809, 47.748809006231568 ], [ 25.041636132702251, 47.727595003707393 ], [ 24.922087122623509, 47.726804017592258 ], [ 24.946699074103833, 47.793730003038149 ], [ 24.997021071765914, 47.85476000167364 ], [ 24.956793080037471, 47.879135676071485 ], [ 24.944339628971591, 47.89798233741584 ], [ 24.960784074326455, 47.903409003123897 ], [ 24.957374073555513, 47.919759002576825 ], [ 24.919411078359474, 47.94619800413551 ], [ 24.911143078391206, 48.025848001684835 ], [ 24.99404699487377, 48.08621776573824 ], [ 24.980828000412771, 48.112479000106703 ], [ 25.034321001314026, 48.110695999721543 ], [ 25.039744998733568, 48.128218000161496 ], [ 25.066613000290602, 48.13181799890242 ], [ 25.066850000428076, 48.157535000440816 ], [ 25.092708000374785, 48.161628001232202 ], [ 25.087304001179575, 48.181306000372558 ], [ 25.137775000316879, 48.181151000419277 ], [ 25.106457001290437, 48.224487998823008 ], [ 25.179607656868768, 48.246783152821138 ], [ 25.2454309997417, 48.315401998704203 ], [ 25.34660810957746, 48.3805137242299 ], [ 25.446936643412243, 48.403663167622028 ], [ 25.62103099968175, 48.380262001291271 ], [ 25.622151759996598, 48.410433108402174 ], [ 25.605768150180836, 48.411375230083706 ], [ 25.610863871671199, 48.52752834166057 ], [ 25.586847994440291, 48.634309459914562 ], [ 25.612062299236584, 48.655540391276929 ], [ 25.642910245112603, 48.66961605833535 ], [ 25.705969086405105, 48.664464585173391 ], [ 25.739531000955822, 48.633367000087901 ], [ 25.781955998671265, 48.675649001101419 ], [ 25.838063219942512, 48.633327170013786 ] ] ] } },
{ "type": "Feature", "properties": { "NAME_LAT": "Cherkaska", "ID": 23.0, "TYPE": "Області, автономії та ради", "NAME_UA": "Черкаська", "NAME_RUS": "Черкасская", "KOATUU": "7100000000", "CODETOPO": "81210000", "CODENAME": "Межі областей та автономни", "CODE_PR": null, "LABEL": "Черкаська область", "SHAPE_Leng": 14.416391883699999, "SHAPE_Area": 2.58650753585, "Tm_observed_anom_1951_1960": -0.2, "Tm_winter_observed_anom_1951_1960": 0.1, "Tm_spring_observed_anom_1951_1960": -1.2, "Tm_summer_observed_anom_1951_1960": 0.9, "Tm_autumn_observed_anom_1951_1960": -0.6, "Tm_observed_anom_1961_1970": -0.1, "Tm_winter_observed_anom_1961_1970": -0.9, "Tm_spring_observed_anom_1961_1970": -0.2, "Tm_summer_observed_anom_1961_1970": 0.2, "Tm_autumn_observed_anom_1961_1970": 0.5, "Tm_observed_anom_1971_1980": -0.1, "Tm_winter_observed_anom_1971_1980": 0.2, "Tm_spring_observed_anom_1971_1980": 0.0, "Tm_summer_observed_anom_1971_1980": -0.2, "Tm_autumn_observed_anom_1971_1980": -0.3, "Tm_observed_anom_1981_1990": 0.2, "Tm_winter_observed_anom_1981_1990": 0.6, "Tm_spring_observed_anom_1981_1990": 0.2, "Tm_summer_observed_anom_1981_1990": -0.0, "Tm_autumn_observed_anom_1981_1990": -0.2, "Tm_observed_anom_1991_2000": 0.5, "Tm_winter_observed_anom_1991_2000": 1.2, "Tm_spring_observed_anom_1991_2000": 0.4, "Tm_summer_observed_anom_1991_2000": 0.7, "Tm_autumn_observed_anom_1991_2000": -0.4, "Tm_observed_anom_2001_2010": 1.3, "Tm_winter_observed_anom_2001_2010": 1.4, "Tm_spring_observed_anom_2001_2010": 1.2, "Tm_summer_observed_anom_2001_2010": 1.7, "Tm_autumn_observed_anom_2001_2010": 1.0, "Tm_observed_anom_2011_2020": 2.0, "Tm_winter_observed_anom_2011_2020": 2.2, "Tm_spring_observed_anom_2011_2020": 2.1, "Tm_summer_observed_anom_2011_2020": 2.2, "Tm_autumn_observed_anom_2011_2020": 1.4, "RR_observed_anom_1951_1960": -11.0, "RR_winter_observed_anom_1951_1960": -21.0, "RR_spring_observed_anom_1951_1960": -8.0, "RR_summer_observed_anom_1951_1960": -23.0, "RR_autumn_observed_anom_1951_1960": 19.0, "RR_observed_anom_1961_1970": 2.0, "RR_winter_observed_anom_1961_1970": 23.0, "RR_spring_observed_anom_1961_1970": 6.0, "RR_summer_observed_anom_1961_1970": -7.0, "RR_autumn_observed_anom_1961_1970": -14.0, "RR_observed_anom_1971_1980": 0.0, "RR_winter_observed_anom_1971_1980": -15.0, "RR_spring_observed_anom_1971_1980": 5.0, "RR_summer_observed_anom_1971_1980": 2.0, "RR_autumn_observed_anom_1971_1980": 9.0, "RR_observed_anom_1981_1990": -1.0, "RR_winter_observed_anom_1981_1990": -8.0, "RR_spring_observed_anom_1981_1990": -11.0, "RR_summer_observed_anom_1981_1990": 5.0, "RR_autumn_observed_anom_1981_1990": 5.0, "RR_observed_anom_1991_2000": 0.0, "RR_winter_observed_anom_1991_2000": -30.0, "RR_spring_observed_anom_1991_2000": 15.0, "RR_summer_observed_anom_1991_2000": -4.0, "RR_autumn_observed_anom_1991_2000": 30.0, "RR_observed_anom_2001_2010": 0.0, "RR_winter_observed_anom_2001_2010": -9.0, "RR_spring_observed_anom_2001_2010": -6.0, "RR_summer_observed_anom_2001_2010": -9.0, "RR_autumn_observed_anom_2001_2010": 32.0, "RR_observed_anom_2011_2020": -9.0, "RR_winter_observed_anom_2011_2020": -4.0, "RR_spring_observed_anom_2011_2020": 9.0, "RR_summer_observed_anom_2011_2020": -25.0, "RR_autumn_observed_anom_2011_2020": -4.0 }, "geometry": { "type": "Polygon", "coordinates": [ [ [ 32.120822547223668, 50.220281540061933 ], [ 32.111767472291888, 50.212767271793098 ], [ 32.176893544702239, 50.164819631821501 ], [ 32.29799999980105, 50.142641000282879 ], [ 32.305225001133806, 50.119529000164164 ], [ 32.249244998858501, 50.112766001250861 ], [ 32.275985999055479, 50.097311999949738 ], [ 32.260479999852976, 50.082720999775233 ], [ 32.313217000065379, 50.038250001237486 ], [ 32.333525001278645, 50.057544999802815 ], [ 32.351786999871024, 50.046950000443076 ], [ 32.345586999940963, 50.035780998894893 ], [ 32.364681000029009, 50.033714999848314 ], [ 32.379328000088037, 49.980741001297076 ], [ 32.428050998655578, 49.960600999737267 ], [ 32.414396999422877, 49.902844000051459 ], [ 32.435182000150064, 49.888350999899671 ], [ 32.373916999670712, 49.874393000137786 ], [ 32.448512998876708, 49.796089000807683 ], [ 32.504482999791492, 49.804533000798244 ], [ 32.515208999796414, 49.77450400006046 ], [ 32.555111000772968, 49.772743999836621 ], [ 32.573664001093675, 49.752333001068052 ], [ 32.572770000336106, 49.702335000360904 ], [ 32.70784599979396, 49.657112001318751 ], [ 32.714183999792624, 49.613252001279761 ], [ 32.695483999887585, 49.603043999981537 ], [ 32.75702399865952, 49.575668000179007 ], [ 32.749750823342708, 49.523643001324388 ], [ 32.709984000362226, 49.499017999781813 ], [ 32.677452001109828, 49.498913000335619 ], [ 32.672823999928539, 49.447762999563679 ], [ 32.651298999250287, 49.435776999010216 ], [ 32.678679999283418, 49.426176999669735 ], [ 32.689916001223366, 49.385585000148581 ], [ 32.73669400092831, 49.373112999666148 ], [ 32.738201999423609, 49.353506000202685 ], [ 32.674680000982164, 49.352719999928979 ], [ 32.542159998885722, 49.382411000368279 ], [ 32.509872000992914, 49.407844998748601 ], [ 32.460308998762173, 49.342287999992152 ], [ 32.47879000025921, 49.341054998890002 ], [ 32.46636600019167, 49.328144998893492 ], [ 32.498510000437079, 49.310486001128993 ], [ 32.596166000961034, 49.275765999901921 ], [ 32.610479000006706, 49.252999001303806 ], [ 32.713874999032839, 49.257175999673564 ], [ 32.763090998751466, 49.232578000275396 ], [ 32.857629985936001, 49.245705977949456 ], [ 32.758693000982078, 49.16094099992813 ], [ 32.890404999991631, 49.121128000357828 ], [ 32.893196000096225, 49.096404998792593 ], [ 32.816596001105438, 49.076076001107481 ], [ 32.840397027601625, 49.018189017010457 ], [ 32.827454054861619, 49.015227989281186 ], [ 32.873668963852481, 48.993136960703112 ], [ 32.734466991759177, 48.965640986842971 ], [ 32.73181203929505, 48.97787096987031 ], [ 32.677592973437868, 48.986321033989441 ], [ 32.668907027038529, 48.976917031996322 ], [ 32.682078978862648, 48.957122987037167 ], [ 32.656200022913595, 48.954593972934447 ], [ 32.608632218802768, 48.963878311136057 ], [ 32.585646000563372, 48.950493998799914 ], [ 32.540130962874514, 48.966579002220101 ], [ 32.552368045150047, 48.940143974765533 ], [ 32.524863983686771, 48.939567982377412 ], [ 32.494227963050946, 49.015335008604666 ], [ 32.474284960683292, 49.008274041814502 ], [ 32.473289976851845, 49.035529998311688 ], [ 32.44507604362542, 49.051505990410078 ], [ 32.399719000632274, 49.027449999818543 ], [ 32.370869002103632, 49.038536001136492 ], [ 32.381608999156867, 49.052353999838147 ], [ 32.351194001302986, 49.078892998813785 ], [ 32.284709001120405, 49.085695000424835 ], [ 32.23685398772227, 49.05976898385245 ], [ 32.219621934105874, 48.988507044865173 ], [ 32.18621400057657, 48.997368001133282 ], [ 32.17868091759118, 48.972594070960554 ], [ 32.135503001163443, 48.966429999845559 ], [ 32.132351425079094, 48.951572928948451 ], [ 32.154279001875295, 48.946786998721961 ], [ 32.148031999777857, 48.912571000052537 ], [ 32.100440000306662, 48.903666000386522 ], [ 32.094028999639534, 48.918902999774559 ], [ 32.02830200113732, 48.930957999912664 ], [ 32.00921995843521, 48.914917021903932 ], [ 31.954842951841613, 48.91015995991512 ], [ 31.922512002327949, 48.881611015736723 ], [ 31.919138014009036, 48.907295020249933 ], [ 31.807421000879344, 48.950466000206688 ], [ 31.75059876012557, 48.926368808974303 ], [ 31.698530948145617, 48.931029405183835 ], [ 31.689451054623362, 48.896306351657699 ], [ 31.640613057047801, 48.907775990270636 ], [ 31.583661995605496, 48.887397998419829 ], [ 31.594559040368324, 48.905735025651836 ], [ 31.582980953409162, 48.911400043178389 ], [ 31.570884990051127, 48.890648015194643 ], [ 31.584983984624103, 48.873938999186407 ], [ 31.56118673707914, 48.863117171920862 ], [ 31.57112904986667, 48.857501974137733 ], [ 31.56039700012235, 48.828496999937499 ], [ 31.426906179877165, 48.763298470948598 ], [ 31.43959204633677, 48.754337012743861 ], [ 31.425828980923598, 48.74369804462998 ], [ 31.413765046920275, 48.756153028140659 ], [ 31.395445025868128, 48.735606988972279 ], [ 31.395979036104507, 48.748160968055174 ], [ 31.386278047394853, 48.729281984177135 ], [ 31.35823598270531, 48.743340023624114 ], [ 31.356344000675961, 48.728084965849405 ], [ 31.328757963310238, 48.726757023318896 ], [ 31.312473054089082, 48.758430991997614 ], [ 31.263083986137929, 48.750262965164609 ], [ 31.247472954214345, 48.767994022906748 ], [ 31.176673944847551, 48.762249020576746 ], [ 31.116761197372227, 48.728445066987149 ], [ 31.071038961279896, 48.736671029945001 ], [ 31.058587966262508, 48.755829033883742 ], [ 30.94967403472981, 48.772220959730419 ], [ 30.948535982250689, 48.759959986065439 ], [ 30.903210017129481, 48.76239799507232 ], [ 30.886458957815535, 48.745678043307976 ], [ 30.755200982440272, 48.77091998427079 ], [ 30.639189998820257, 48.751254000072947 ], [ 30.610786999321419, 48.719192000011731 ], [ 30.577416000049254, 48.720741001297085 ], [ 30.613165000165509, 48.697654999679401 ], [ 30.598480999299568, 48.663624999694889 ], [ 30.55416000228314, 48.653695999571653 ], [ 30.530999000804115, 48.627572999994868 ], [ 30.573461999372682, 48.605097999573957 ], [ 30.560345000622192, 48.595826000070758 ], [ 30.56917098765183, 48.567898189750565 ], [ 30.477475958049922, 48.565327017228981 ], [ 30.454523000337076, 48.583641000232888 ], [ 30.404866000966081, 48.573986000154719 ], [ 30.38827300109898, 48.527745000032667 ], [ 30.256789000013214, 48.50534699956529 ], [ 30.257634001209055, 48.489628001332107 ], [ 30.222967997975616, 48.480251998831591 ], [ 30.16620199992326, 48.50360099908778 ], [ 30.111399982723924, 48.451988013836683 ], [ 30.050360727366581, 48.481733397179482 ], [ 29.961126001864386, 48.473286998696949 ], [ 29.967447001079108, 48.491447999826278 ], [ 30.001728000048047, 48.491345998719794 ], [ 30.006677820925574, 48.513195999996299 ], [ 29.990073000369534, 48.518544000206361 ], [ 30.020611001197608, 48.51960599971801 ], [ 30.005559000448386, 48.572899001288818 ], [ 29.947580000417588, 48.595792000301515 ], [ 29.950454274146296, 48.608528868213625 ], [ 29.989840999563341, 48.613871000347331 ], [ 29.990425000414291, 48.635873999686282 ], [ 29.944846999390393, 48.657939000085719 ], [ 29.946754000097883, 48.670401000107006 ], [ 29.861537998580673, 48.699538000179473 ], [ 29.863898000393306, 48.727854000162893 ], [ 29.884797000082358, 48.736334000015006 ], [ 29.866002000292951, 48.763003998736451 ], [ 29.765870999847664, 48.786566998968738 ], [ 29.761571000302297, 48.847596000256146 ], [ 29.731636001201366, 48.854808000989351 ], [ 29.728094999785299, 48.886858999644062 ], [ 29.708675999998263, 48.894932999659147 ], [ 29.735283000311085, 48.908180000807306 ], [ 29.686013000800244, 48.911808999986306 ], [ 29.652397999269112, 48.938466999952993 ], [ 29.651342000034163, 48.960002000193072 ], [ 29.694984999958649, 49.000137000223276 ], [ 29.685482000594732, 49.026469000444933 ], [ 29.639501000771475, 49.012641000382757 ], [ 29.606395001129272, 49.057287999842231 ], [ 29.631407999880196, 49.047179000411461 ], [ 29.651584000402181, 49.09640599973801 ], [ 29.687427998604107, 49.088388999653546 ], [ 29.678419999584207, 49.112662000252044 ], [ 29.734457000890757, 49.12272600030559 ], [ 29.710287998792978, 49.155026999697213 ], [ 29.726946821839249, 49.181992000331491 ], [ 29.711492822336766, 49.207541999564569 ], [ 29.725205823390922, 49.209633998910817 ], [ 29.702926822116012, 49.225526998872795 ], [ 29.754605063973429, 49.226699046624617 ], [ 29.727328071434215, 49.208100992068069 ], [ 29.760036148050688, 49.179852107589625 ], [ 29.883027966168584, 49.186044053191438 ], [ 29.876768986000798, 49.200262090124284 ], [ 29.9555808801544, 49.252175103599086 ], [ 29.947128019143634, 49.312175983735585 ], [ 30.007190867065731, 49.315126875206033 ], [ 30.026292282064048, 49.334478888990475 ], [ 30.078521959421778, 49.322228365447643 ], [ 30.088626882225697, 49.285995762995015 ], [ 30.111840225147148, 49.270943973586441 ], [ 30.123313741636764, 49.288855431733737 ], [ 30.107020523579195, 49.302881095586997 ], [ 30.136734397375449, 49.331360102187887 ], [ 30.200463452127508, 49.328176110040374 ], [ 30.189419488719295, 49.274642173798213 ], [ 30.366650768419106, 49.2551381584002 ], [ 30.375562577751623, 49.236267915033181 ], [ 30.397928278168365, 49.303457490871438 ], [ 30.421233908618888, 49.302325462051328 ], [ 30.413847381852065, 49.330466200355772 ], [ 30.473383278316533, 49.365146720445694 ], [ 30.515309989565253, 49.327604575591636 ], [ 30.5472799602029, 49.326615315045672 ], [ 30.607052201198996, 49.370315907554016 ], [ 30.728576299657391, 49.331731809076643 ], [ 30.799830359684222, 49.354029375056541 ], [ 30.909160493862601, 49.358602701054735 ], [ 30.936753928152143, 49.394606333416448 ], [ 30.920981752107082, 49.415467688384012 ], [ 30.994499436300828, 49.422765432279789 ], [ 31.029308286948776, 49.471763412952043 ], [ 31.043927217368093, 49.457288590796736 ], [ 31.040131328299026, 49.473778503176277 ], [ 31.094578069223417, 49.49652635970466 ], [ 31.109104087984178, 49.55722644024894 ], [ 31.15374689840155, 49.555403416435468 ], [ 31.139534056852142, 49.572014085282717 ], [ 31.152605737865372, 49.580468794400247 ], [ 31.128715024679536, 49.583713455712314 ], [ 31.135693181895704, 49.60369153523709 ], [ 31.217168760031143, 49.694759322785444 ], [ 31.196738731608036, 49.701570268154285 ], [ 31.222102561285055, 49.73317025680285 ], [ 31.204959582819356, 49.757281172588989 ], [ 31.216551638048543, 49.776853148854684 ], [ 31.189793589403507, 49.790229144260536 ], [ 31.221757087620404, 49.833210073187274 ], [ 31.207769424620153, 49.85289495843648 ], [ 31.247050476998822, 49.867979601878062 ], [ 31.26082695130367, 49.858132901413171 ], [ 31.310250333786769, 49.89202697696436 ], [ 31.38024297593347, 49.907179719769147 ], [ 31.334248148134407, 49.935896007995268 ], [ 31.338523649247918, 49.953569235732573 ], [ 31.312677464594174, 49.963397776187321 ], [ 31.288777153843455, 49.952386005810467 ], [ 31.305419067836624, 49.972579964894408 ], [ 31.292034119679784, 49.978659918821108 ], [ 31.383259056561087, 49.992814772984332 ], [ 31.436564955309336, 49.984658973333865 ], [ 31.446097033352316, 49.972787985278217 ], [ 31.425042081327888, 49.916681082367006 ], [ 31.448955103096409, 49.876702154281929 ], [ 31.49671399695427, 49.86141821477969 ], [ 31.504493129954881, 49.841588232012214 ], [ 31.519932964235807, 49.868657202368922 ], [ 31.550925091220847, 49.872951285274496 ], [ 31.57992391315895, 49.906937160022835 ], [ 31.612579867767579, 49.906373246429098 ], [ 31.614477002912224, 49.855967187336773 ], [ 31.717181784812396, 49.852131362972955 ], [ 31.752279522882588, 49.893389514615308 ], [ 31.77434832561562, 49.893650098574085 ], [ 31.77072345162685, 49.920351960275696 ], [ 31.813713816240522, 49.966037137105104 ], [ 31.889680886764381, 49.962607573381717 ], [ 31.901417061049415, 49.943725314172809 ], [ 31.918548693668185, 49.991188912039604 ], [ 31.899935609641545, 50.019266541318757 ], [ 31.979767212687591, 50.03871930974924 ], [ 31.986484213976155, 50.052414262309298 ], [ 31.904077419338307, 50.056060151655572 ], [ 31.911532253211817, 50.10079817329796 ], [ 31.97533419891505, 50.125211229815307 ], [ 31.933964620371796, 50.158364157880499 ], [ 31.965349089189999, 50.151572609089555 ], [ 31.993407002631955, 50.201221026230314 ], [ 32.0562389980322, 50.187662091633172 ], [ 32.086452847222006, 50.221429121757467 ], [ 32.120822547223668, 50.220281540061933 ] ] ] } },
{ "type": "Feature", "properties": { "NAME_LAT": "Khmelnytska", "ID": 22.0, "TYPE": "Області, автономії та ради", "NAME_UA": "Хмельницька", "NAME_RUS": "Хмельницкая", "KOATUU": "6800000000", "CODETOPO": "81210000", "CODENAME": "Межі областей та автономни", "CODE_PR": null, "LABEL": "Хмельницька область", "SHAPE_Leng": 12.11214826, "SHAPE_Area": 2.56042282631, "Tm_observed_anom_1951_1960": -0.1, "Tm_winter_observed_anom_1951_1960": 0.3, "Tm_spring_observed_anom_1951_1960": -1.1, "Tm_summer_observed_anom_1951_1960": 0.8, "Tm_autumn_observed_anom_1951_1960": -0.4, "Tm_observed_anom_1961_1970": -0.2, "Tm_winter_observed_anom_1961_1970": -1.3, "Tm_spring_observed_anom_1961_1970": -0.3, "Tm_summer_observed_anom_1961_1970": 0.3, "Tm_autumn_observed_anom_1961_1970": 0.6, "Tm_observed_anom_1971_1980": -0.1, "Tm_winter_observed_anom_1971_1980": 0.5, "Tm_spring_observed_anom_1971_1980": -0.1, "Tm_summer_observed_anom_1971_1980": -0.3, "Tm_autumn_observed_anom_1971_1980": -0.4, "Tm_observed_anom_1981_1990": 0.3, "Tm_winter_observed_anom_1981_1990": 0.8, "Tm_spring_observed_anom_1981_1990": 0.4, "Tm_summer_observed_anom_1981_1990": 0.0, "Tm_autumn_observed_anom_1981_1990": -0.1, "Tm_observed_anom_1991_2000": 0.6, "Tm_winter_observed_anom_1991_2000": 1.4, "Tm_spring_observed_anom_1991_2000": 0.5, "Tm_summer_observed_anom_1991_2000": 0.9, "Tm_autumn_observed_anom_1991_2000": -0.4, "Tm_observed_anom_2001_2010": 1.2, "Tm_winter_observed_anom_2001_2010": 1.1, "Tm_spring_observed_anom_2001_2010": 1.3, "Tm_summer_observed_anom_2001_2010": 1.7, "Tm_autumn_observed_anom_2001_2010": 0.8, "Tm_observed_anom_2011_2020": 2.0, "Tm_winter_observed_anom_2011_2020": 2.2, "Tm_spring_observed_anom_2011_2020": 2.0, "Tm_summer_observed_anom_2011_2020": 2.4, "Tm_autumn_observed_anom_2011_2020": 1.5, "RR_observed_anom_1951_1960": -11.0, "RR_winter_observed_anom_1951_1960": -16.0, "RR_spring_observed_anom_1951_1960": -12.0, "RR_summer_observed_anom_1951_1960": -16.0, "RR_autumn_observed_anom_1951_1960": 8.0, "RR_observed_anom_1961_1970": 2.0, "RR_winter_observed_anom_1961_1970": 21.0, "RR_spring_observed_anom_1961_1970": 0.0, "RR_summer_observed_anom_1961_1970": -4.0, "RR_autumn_observed_anom_1961_1970": -8.0, "RR_observed_anom_1971_1980": 4.0, "RR_winter_observed_anom_1971_1980": -10.0, "RR_spring_observed_anom_1971_1980": 8.0, "RR_summer_observed_anom_1971_1980": 3.0, "RR_autumn_observed_anom_1971_1980": 17.0, "RR_observed_anom_1981_1990": -5.0, "RR_winter_observed_anom_1981_1990": -11.0, "RR_spring_observed_anom_1981_1990": -7.0, "RR_summer_observed_anom_1981_1990": 1.0, "RR_autumn_observed_anom_1981_1990": -9.0, "RR_observed_anom_1991_2000": -1.0, "RR_winter_observed_anom_1991_2000": -16.0, "RR_spring_observed_anom_1991_2000": -5.0, "RR_summer_observed_anom_1991_2000": -3.0, "RR_autumn_observed_anom_1991_2000": 24.0, "RR_observed_anom_2001_2010": 0.0, "RR_winter_observed_anom_2001_2010": -10.0, "RR_spring_observed_anom_2001_2010": -2.0, "RR_summer_observed_anom_2001_2010": 2.0, "RR_autumn_observed_anom_2001_2010": 12.0, "RR_observed_anom_2011_2020": -11.0, "RR_winter_observed_anom_2011_2020": -11.0, "RR_spring_observed_anom_2011_2020": -2.0, "RR_summer_observed_anom_2011_2020": -23.0, "RR_autumn_observed_anom_2011_2020": 3.0 }, "geometry": { "type": "MultiPolygon", "coordinates": [ [ [ [ 27.654292933273155, 49.804051365279179 ], [ 27.716471317598121, 49.806180340251444 ], [ 27.727027361924115, 49.799555871107486 ], [ 27.703631473714438, 49.76900520512703 ], [ 27.748296306730026, 49.757157833268309 ], [ 27.781120004685363, 49.728344168249691 ], [ 27.837020967344642, 49.72980992738718 ], [ 27.81157334873194, 49.701979326585558 ], [ 27.762510223868617, 49.697193946744164 ], [ 27.7660020791335, 49.666437415155485 ], [ 27.811478125815711, 49.644597427829979 ], [ 27.812254742563198, 49.618327319850835 ], [ 27.758309163238152, 49.576314797990449 ], [ 27.790389860204755, 49.556993070674594 ], [ 27.794296928861058, 49.530702237818957 ], [ 27.775437921623677, 49.520167285292928 ], [ 27.742710559945237, 49.531466506874722 ], [ 27.734692118247551, 49.496262798090584 ], [ 27.791364630873886, 49.487965125890753 ], [ 27.763761286055399, 49.478369276022192 ], [ 27.750401150193795, 49.43974230866155 ], [ 27.851495793996548, 49.426950701714418 ], [ 27.833541572186675, 49.391276048551731 ], [ 27.811944656321714, 49.388345595074099 ], [ 27.828916792376958, 49.367750687645014 ], [ 27.811411970786708, 49.36710554098886 ], [ 27.857937346432266, 49.328793773414816 ], [ 27.862293601269585, 49.279604645438951 ], [ 27.84918094894249, 49.263819344687931 ], [ 27.872145397293139, 49.245300431370708 ], [ 27.852380012828235, 49.235650224679034 ], [ 27.866363920259573, 49.213055779001934 ], [ 27.89425679371692, 49.208878384930415 ], [ 27.898588301909456, 49.186781304814303 ], [ 27.854824147117597, 49.170585067847526 ], [ 27.814901496807522, 49.189422864574453 ], [ 27.790964927190487, 49.174482796145071 ], [ 27.776014604691113, 49.189901885764357 ], [ 27.782247003597206, 49.172893505232025 ], [ 27.740851148662443, 49.138605717280939 ], [ 27.686969001219325, 49.141656000025307 ], [ 27.640245138902912, 49.167946062161946 ], [ 27.60321737658154, 49.162330486663564 ], [ 27.577542415650839, 49.121714816986128 ], [ 27.534701726104629, 49.138458703307435 ], [ 27.532764194313017, 49.125411435290403 ], [ 27.492638913256144, 49.12141540210007 ], [ 27.505381757163264, 49.11022925677571 ], [ 27.479237548874664, 49.088773832147581 ], [ 27.502741502319338, 49.069812356156206 ], [ 27.44420585971352, 49.07131512869114 ], [ 27.416645149954604, 49.054692249748427 ], [ 27.381145689223047, 49.005631437042098 ], [ 27.417825250235978, 48.971575169659275 ], [ 27.417375683641751, 48.954207875993575 ], [ 27.392226601277514, 48.937948953582236 ], [ 27.39366763265599, 48.900478463111483 ], [ 27.415238269431484, 48.881740557681496 ], [ 27.41098649513151, 48.811667484667623 ], [ 27.42758730471121, 48.797161391286124 ], [ 27.408962729147504, 48.767634342651718 ], [ 27.389607360891887, 48.764638283630802 ], [ 27.416800272215653, 48.739606158997958 ], [ 27.400142477993825, 48.729890674116234 ], [ 27.41423412060908, 48.700781911856666 ], [ 27.390027445910789, 48.681140220145949 ], [ 27.372910786104796, 48.630152121624008 ], [ 27.323008769140245, 48.601167580920048 ], [ 27.257462401269663, 48.622279590431674 ], [ 27.244331314639339, 48.611878894096606 ], [ 27.259990096066929, 48.582820337389592 ], [ 27.25135562416358, 48.568596414393937 ], [ 27.170381131185138, 48.583114725964776 ], [ 27.088559612636914, 48.557298907819245 ], [ 26.997045344967546, 48.573319354305681 ], [ 26.981145177408905, 48.591063930656787 ], [ 26.966711303184979, 48.576562477777031 ], [ 26.925045343168904, 48.577027081035908 ], [ 26.879275024823414, 48.54248221288475 ], [ 26.840940116793831, 48.557883942890555 ], [ 26.820197687274344, 48.581735612909142 ], [ 26.823769049802706, 48.605852635091935 ], [ 26.800613250002357, 48.609187843744905 ], [ 26.778837698202096, 48.594535134789567 ], [ 26.794525816414193, 48.567499748715363 ], [ 26.779832850206731, 48.547804125560845 ], [ 26.761601209129367, 48.54916454261047 ], [ 26.728654328335438, 48.587268838387104 ], [ 26.720276013927787, 48.578731102059635 ], [ 26.743084310293568, 48.555987309567627 ], [ 26.727081645202645, 48.533058961802567 ], [ 26.661449725725163, 48.560020768044922 ], [ 26.622633987069719, 48.554884030274707 ], [ 26.623505713418808, 48.537518531655849 ], [ 26.675218242828521, 48.538626146580327 ], [ 26.712656253384239, 48.493692318246815 ], [ 26.668736555448561, 48.485688925804197 ], [ 26.616244857015431, 48.508054474235507 ], [ 26.607072046438645, 48.498871254006076 ], [ 26.624796022019666, 48.461568369285715 ], [ 26.586084854733144, 48.45152199504497 ], [ 26.557276127891839, 48.459149844990293 ], [ 26.487787873212653, 48.544613019775966 ], [ 26.412323000307083, 48.540730999936613 ], [ 26.379730999187132, 48.564626000190685 ], [ 26.360295999561629, 48.541670000071349 ], [ 26.364869000005228, 48.557863000378063 ], [ 26.336414999953149, 48.569665999687061 ], [ 26.359610001201474, 48.587619000217614 ], [ 26.2928999987368, 48.622526000175696 ], [ 26.323573000394504, 48.629734999871289 ], [ 26.28783199974788, 48.639768000293884 ], [ 26.307479000156604, 48.656875999628596 ], [ 26.273177001118597, 48.64693599989738 ], [ 26.277101325966271, 48.673486035353164 ], [ 26.24781774719213, 48.667884119657344 ], [ 26.245295780177003, 48.683941536373709 ], [ 26.221694000278774, 48.685815499586568 ], [ 26.237984999708829, 48.697367999934158 ], [ 26.243351157231018, 48.736868964432063 ], [ 26.222488000022054, 48.752104999746848 ], [ 26.244776000812635, 48.755984999708915 ], [ 26.206885000842988, 48.798019000077716 ], [ 26.233557999702782, 48.790565999921853 ], [ 26.224908000105017, 48.813410000272199 ], [ 26.258039000000736, 48.815104000150427 ], [ 26.233292000026665, 48.819004000135408 ], [ 26.19961400008691, 48.859452000210581 ], [ 26.213953000331571, 48.881363999849611 ], [ 26.204413000160685, 48.895871999793883 ], [ 26.224622000405873, 48.909170999742742 ], [ 26.196444001390432, 48.903250000088349 ], [ 26.183974000100875, 48.915316999880588 ], [ 26.198789998960137, 48.918399999960968 ], [ 26.208053999893082, 48.954930000120328 ], [ 26.178329999730579, 48.975029999835556 ], [ 26.21222499978478, 48.982453000406565 ], [ 26.176999999551185, 48.995715000447831 ], [ 26.215967999724285, 49.009660999656319 ], [ 26.183350000103303, 49.056242000169107 ], [ 26.215455416734983, 49.072691326144707 ], [ 26.192054348430304, 49.077324959780015 ], [ 26.205517984568189, 49.132833114757375 ], [ 26.189937270589439, 49.158398198319105 ], [ 26.210841946799292, 49.161947378169884 ], [ 26.189719293811208, 49.17163810111839 ], [ 26.183132980203766, 49.195816266408485 ], [ 26.202857808841657, 49.244637847759407 ], [ 26.244886288272482, 49.244723425446637 ], [ 26.258380398837232, 49.264070449792371 ], [ 26.241425940755448, 49.277036991065188 ], [ 26.259516992616, 49.289554991870318 ], [ 26.226058968647351, 49.327937551377829 ], [ 26.229034712882594, 49.350347877953141 ], [ 26.243665508057632, 49.347378957773628 ], [ 26.231952806977347, 49.35780745305243 ], [ 26.244664241162695, 49.369418857195399 ], [ 26.219416070596083, 49.378514058977544 ], [ 26.235344017313423, 49.400492371926362 ], [ 26.193306502394023, 49.430149165752312 ], [ 26.190357662277165, 49.479389945390608 ], [ 26.142274222877973, 49.50945963055841 ], [ 26.175790933905375, 49.549380482224421 ], [ 26.219189001671964, 49.551255614555885 ], [ 26.199401246571142, 49.608984691191495 ], [ 26.231078590405502, 49.63647464319115 ], [ 26.262600237311972, 49.637544758184958 ], [ 26.272434798727829, 49.656859904262092 ], [ 26.241266373145493, 49.69360860695258 ], [ 26.190838301347412, 49.714152051576832 ], [ 26.243456564070073, 49.745313592848959 ], [ 26.240787807911886, 49.775645180381673 ], [ 26.178188969845962, 49.847229479557768 ], [ 26.200931252376279, 49.866259158334401 ], [ 26.132736255174905, 49.898435890304995 ], [ 26.166240213815684, 49.92223942141311 ], [ 26.142021070017222, 49.972347587272282 ], [ 26.172076655614035, 49.99404332514024 ], [ 26.202383312141023, 49.992140756291803 ], [ 26.2106070133039, 50.015896537895856 ], [ 26.175915167152141, 50.025154567330333 ], [ 26.226890973740296, 50.047338957228021 ], [ 26.199768851652038, 50.067731447049539 ], [ 26.198146463889088, 50.098314057848427 ], [ 26.273520277739522, 50.102901531981047 ], [ 26.234775936261315, 50.131164979181392 ], [ 26.242512311894529, 50.143153327864695 ], [ 26.208569219694596, 50.154135143622909 ], [ 26.220715935393002, 50.164835920342398 ], [ 26.2116297520123, 50.175469106714843 ], [ 26.287478287393924, 50.184508235767396 ], [ 26.323983424896028, 50.231146621120615 ], [ 26.39597727173458, 50.265101612250533 ], [ 26.503253535123406, 50.262838851432775 ], [ 26.496083988685996, 50.275728145438507 ], [ 26.522051333603031, 50.306290992736024 ], [ 26.560642920735063, 50.316993288410458 ], [ 26.55272899015165, 50.330254715583578 ], [ 26.586610787258905, 50.339649458156885 ], [ 26.601748909785215, 50.368183005042567 ], [ 26.647964206383904, 50.36457530180968 ], [ 26.659506193656796, 50.392214863226286 ], [ 26.682467449414162, 50.389312571119206 ], [ 26.692017727037353, 50.420112087603684 ], [ 26.712585383209728, 50.416961954031876 ], [ 26.717582824088936, 50.44576503133203 ], [ 26.736947505723663, 50.444787170592349 ], [ 26.734398755998654, 50.477254585031972 ], [ 26.745169206794344, 50.479600523246461 ], [ 26.742741372717035, 50.461528376034664 ], [ 26.786549858689909, 50.467714095629958 ], [ 26.76002317323173, 50.476700411995353 ], [ 26.778338112214954, 50.502128071953905 ], [ 26.817377416035811, 50.502526487808097 ], [ 26.827239278171021, 50.523066854952333 ], [ 26.856317939222379, 50.509003293668002 ], [ 26.899663912860149, 50.546353328044574 ], [ 26.982791461057957, 50.52274346503981 ], [ 27.017519485137029, 50.559002554325332 ], [ 27.072809884569381, 50.550987449112426 ], [ 27.064806165672906, 50.562089317169182 ], [ 27.079462596922212, 50.583675987058086 ], [ 27.11791604099335, 50.594744159316406 ], [ 27.13069069841788, 50.560865163597327 ], [ 27.196326654952031, 50.562095922689593 ], [ 27.207390210090978, 50.531837930277163 ], [ 27.25892417461182, 50.51312623918551 ], [ 27.267781045259881, 50.49179760997265 ], [ 27.301315282275311, 50.493140501034247 ], [ 27.248354201585983, 50.392774269417941 ], [ 27.321186053794236, 50.36778735280501 ], [ 27.315560717054325, 50.33175321004353 ], [ 27.363658675108638, 50.333062075255498 ], [ 27.416559476939199, 50.307473778393103 ], [ 27.395388095085423, 50.28757061779072 ], [ 27.444722245935793, 50.275450846680144 ], [ 27.442621185919847, 50.261179051872659 ], [ 27.480978239754847, 50.257216028297989 ], [ 27.520930592873412, 50.225526790929564 ], [ 27.597443972761994, 50.258554375984602 ], [ 27.592964401986421, 50.215670154754775 ], [ 27.622692478775775, 50.199716709559425 ], [ 27.621334072610239, 50.16964804512213 ], [ 27.64210174520025, 50.172393043105387 ], [ 27.636588249948659, 50.188546295176309 ], [ 27.665060883953515, 50.193418588198199 ], [ 27.661650852605646, 50.171685986220211 ], [ 27.677659661864766, 50.157864582685249 ], [ 27.6314127370091, 50.146267669318433 ], [ 27.626059205069112, 50.12380246611184 ], [ 27.639096707348017, 50.115067390648505 ], [ 27.6154451562698, 50.086224753970157 ], [ 27.668737485147687, 50.077531163333447 ], [ 27.681164185879368, 50.034063006903182 ], [ 27.642001788252799, 50.036763450673618 ], [ 27.611704999986614, 50.005641001132233 ], [ 27.571063016146127, 50.019686863758693 ], [ 27.546227259381396, 50.008172581000736 ], [ 27.575608910124004, 49.948616392233646 ], [ 27.547698488195579, 49.9348368008786 ], [ 27.546760172444863, 49.903465007105297 ], [ 27.625357753658307, 49.892407442350532 ], [ 27.609986030431855, 49.87565801890338 ], [ 27.622635386214995, 49.838411575634609 ], [ 27.644769236911657, 49.80744027964613 ], [ 27.654292933273155, 49.804051365279179 ] ] ], [ [ [ 27.654320492097895, 49.804205674553145 ], [ 27.654370612214848, 49.804126740157869 ], [ 27.654131751380078, 49.8041487699507 ], [ 27.654175577142041, 49.804218433235008 ], [ 27.654320492097895, 49.804205674553145 ] ] ] ] } },
{ "type": "Feature", "properties": { "NAME_LAT": "Khersonska", "ID": 21.0, "TYPE": "Області, автономії та ради", "NAME_UA": "Херсонська", "NAME_RUS": "Херсонская", "KOATUU": "6500000000", "CODETOPO": "81210000", "CODENAME": "Межі областей та автономни", "CODE_PR": null, "LABEL": "Херсонська область", "SHAPE_Leng": 19.903155925699998, "SHAPE_Area": 3.11238433169, "Tm_observed_anom_1951_1960": -0.1, "Tm_winter_observed_anom_1951_1960": 0.0, "Tm_spring_observed_anom_1951_1960": -0.9, "Tm_summer_observed_anom_1951_1960": 0.8, "Tm_autumn_observed_anom_1951_1960": -0.4, "Tm_observed_anom_1961_1970": 0.1, "Tm_winter_observed_anom_1961_1970": -0.3, "Tm_spring_observed_anom_1961_1970": -0.0, "Tm_summer_observed_anom_1961_1970": 0.3, "Tm_autumn_observed_anom_1961_1970": 0.6, "Tm_observed_anom_1971_1980": -0.1, "Tm_winter_observed_anom_1971_1980": -0.1, "Tm_spring_observed_anom_1971_1980": 0.1, "Tm_summer_observed_anom_1971_1980": -0.2, "Tm_autumn_observed_anom_1971_1980": -0.2, "Tm_observed_anom_1981_1990": -0.1, "Tm_winter_observed_anom_1981_1990": 0.3, "Tm_spring_observed_anom_1981_1990": -0.1, "Tm_summer_observed_anom_1981_1990": -0.1, "Tm_autumn_observed_anom_1981_1990": -0.3, "Tm_observed_anom_1991_2000": 0.2, "Tm_winter_observed_anom_1991_2000": 0.4, "Tm_spring_observed_anom_1991_2000": 0.2, "Tm_summer_observed_anom_1991_2000": 0.7, "Tm_autumn_observed_anom_1991_2000": -0.4, "Tm_observed_anom_2001_2010": 1.1, "Tm_winter_observed_anom_2001_2010": 0.9, "Tm_spring_observed_anom_2001_2010": 0.9, "Tm_summer_observed_anom_2001_2010": 1.5, "Tm_autumn_observed_anom_2001_2010": 1.1, "Tm_observed_anom_2011_2020": 1.7, "Tm_winter_observed_anom_2011_2020": 1.7, "Tm_spring_observed_anom_2011_2020": 1.8, "Tm_summer_observed_anom_2011_2020": 2.3, "Tm_autumn_observed_anom_2011_2020": 1.3, "RR_observed_anom_1951_1960": -7.0, "RR_winter_observed_anom_1951_1960": -2.0, "RR_spring_observed_anom_1951_1960": -11.0, "RR_summer_observed_anom_1951_1960": -12.0, "RR_autumn_observed_anom_1951_1960": -2.0, "RR_observed_anom_1961_1970": 3.0, "RR_winter_observed_anom_1961_1970": 25.0, "RR_spring_observed_anom_1961_1970": -1.0, "RR_summer_observed_anom_1961_1970": -6.0, "RR_autumn_observed_anom_1961_1970": -11.0, "RR_observed_anom_1971_1980": 0.0, "RR_winter_observed_anom_1971_1980": -13.0, "RR_spring_observed_anom_1971_1980": 9.0, "RR_summer_observed_anom_1971_1980": 3.0, "RR_autumn_observed_anom_1971_1980": 3.0, "RR_observed_anom_1981_1990": -2.0, "RR_winter_observed_anom_1981_1990": -11.0, "RR_spring_observed_anom_1981_1990": -8.0, "RR_summer_observed_anom_1981_1990": 3.0, "RR_autumn_observed_anom_1981_1990": 8.0, "RR_observed_anom_1991_2000": 0.0, "RR_winter_observed_anom_1991_2000": -19.0, "RR_spring_observed_anom_1991_2000": 16.0, "RR_summer_observed_anom_1991_2000": -3.0, "RR_autumn_observed_anom_1991_2000": 12.0, "RR_observed_anom_2001_2010": 7.0, "RR_winter_observed_anom_2001_2010": 2.0, "RR_spring_observed_anom_2001_2010": -1.0, "RR_summer_observed_anom_2001_2010": 3.0, "RR_autumn_observed_anom_2001_2010": 26.0, "RR_observed_anom_2011_2020": -7.0, "RR_winter_observed_anom_2011_2020": -13.0, "RR_spring_observed_anom_2011_2020": 4.0, "RR_summer_observed_anom_2011_2020": -8.0, "RR_autumn_observed_anom_2011_2020": -9.0 }, "geometry": { "type": "MultiPolygon", "coordinates": [ [ [ [ 33.580767705266283, 47.59850065867937 ], [ 33.609046138769202, 47.561302479326855 ], [ 33.588920637878005, 47.558165062168825 ], [ 33.588210493620295, 47.5020758318351 ], [ 33.635788371037393, 47.514194046219188 ], [ 33.643466043424041, 47.484450609009343 ], [ 33.936146197190112, 47.516569888690356 ], [ 33.955439976274761, 47.457392047405961 ], [ 34.139477913375913, 47.477380893614281 ], [ 34.216173168557759, 47.4535980729936 ], [ 34.247068223620488, 47.424708165250536 ], [ 34.305568021048202, 47.2691655448549 ], [ 34.330011792111407, 47.290407390389646 ], [ 34.401224754919383, 47.287131544186309 ], [ 34.398965144426768, 47.298370038147652 ], [ 34.419093585201665, 47.300675449313474 ], [ 34.413819359077024, 47.323355995183931 ], [ 34.51245777001094, 47.334832742038316 ], [ 34.51717769359658, 47.318336809596985 ], [ 34.478781021028169, 47.314547896569081 ], [ 34.487936650057236, 47.27989256559033 ], [ 34.518583079446444, 47.283683131572161 ], [ 34.530276229265439, 47.251088983770501 ], [ 34.489902979040153, 47.246832223629156 ], [ 34.519265821361444, 47.104605695697217 ], [ 34.553181299877963, 47.105792914112612 ], [ 34.567141172028357, 47.02449577496094 ], [ 34.592613513004096, 47.025390173218852 ], [ 34.59965348332247, 46.991912117750928 ], [ 34.61918742995681, 46.993528382030149 ], [ 34.623767766170374, 46.973378755026431 ], [ 34.681898419777156, 46.979130609291076 ], [ 34.686377367322507, 46.955680703302733 ], [ 34.736357577641002, 46.961347959241834 ], [ 34.75249219216181, 46.879681470324499 ], [ 34.804572457054121, 46.882547304815205 ], [ 34.81706376688021, 46.828404564420055 ], [ 34.758013724654575, 46.822795556670542 ], [ 34.767447937573138, 46.781055661590415 ], [ 34.750032281065785, 46.780894946445528 ], [ 34.734977844952482, 46.74745723366533 ], [ 34.625151831792493, 46.724034237191233 ], [ 34.632340737036259, 46.686856181968153 ], [ 34.745989987648727, 46.683132691921116 ], [ 34.756106544981947, 46.627103194557719 ], [ 34.712775598116252, 46.620334096442321 ], [ 34.723043034709178, 46.581370811414729 ], [ 34.748038106374395, 46.584133373157556 ], [ 34.75734810673066, 46.550144114260377 ], [ 34.891076293137303, 46.563684636137964 ], [ 34.890248290027444, 46.506752729355867 ], [ 34.947230611904104, 46.512502385677465 ], [ 35.015859858446618, 46.480429217835024 ], [ 35.052720188586704, 46.481588309953452 ], [ 35.073528854074254, 46.29984324656948 ], [ 35.102771462433964, 46.301740537296894 ], [ 35.032831544840803, 46.260913453194235 ], [ 34.895953848092518, 46.240452584320224 ], [ 34.832516001013516, 46.204266870720403 ], [ 34.809645001216722, 46.161041960219222 ], [ 34.863523331937131, 45.965701159281991 ], [ 34.930293166297474, 45.832452139755333 ], [ 34.888496012282019, 45.860890475415999 ], [ 34.851102617092977, 45.822447991382603 ], [ 34.798036000062268, 45.833265000080587 ], [ 34.802830999951595, 45.901209000096173 ], [ 34.76251128456903, 45.917949736991659 ], [ 34.735012721560736, 45.971703328146987 ], [ 34.680436523227854, 46.011531448018843 ], [ 34.725997351697288, 45.993896043068844 ], [ 34.761789504882643, 46.000757085172268 ], [ 34.761454945390312, 46.007378491225325 ], [ 34.707760668121239, 46.049568100388456 ], [ 34.712902345867462, 46.079335718569496 ], [ 34.701016672782089, 46.087123915836969 ], [ 34.673563000333104, 46.089717000340215 ], [ 34.671201002025498, 46.090666762661897 ], [ 34.669748476411939, 46.094174462182593 ], [ 34.759943588826445, 46.10582769199533 ], [ 34.760268783678328, 46.089554711381766 ], [ 34.789037795558727, 46.072025787061364 ], [ 34.804376000153184, 46.084787999667356 ], [ 34.808312452358678, 46.128153949945727 ], [ 34.744858421080153, 46.118084921782611 ], [ 34.696205657765802, 46.183361405805158 ], [ 34.625003678377936, 46.170371293301457 ], [ 34.643532968072918, 46.09652458224457 ], [ 34.6078713820595, 46.032541081406691 ], [ 34.544485399782275, 45.981198143680274 ], [ 34.527923401344765, 45.997686134208664 ], [ 34.497830464205435, 45.985546839715767 ], [ 34.479540103693694, 45.952808563865062 ], [ 34.479402121611486, 46.002257194814604 ], [ 34.438731935931003, 46.011992807423042 ], [ 34.45596372424734, 45.967583704725087 ], [ 34.446440666404499, 45.973378195847999 ], [ 34.417191083802379, 46.017206532556372 ], [ 34.43041609113061, 46.043704436111739 ], [ 34.404528000767527, 46.061807000193824 ], [ 34.394491680047906, 46.093347831438166 ], [ 34.433955479162933, 46.121472123840363 ], [ 34.475133360916743, 46.125814844780166 ], [ 34.487163831146802, 46.113538316441065 ], [ 34.488069327038716, 46.090275063844047 ], [ 34.489182068998161, 46.087589771851412 ], [ 34.49394973039665, 46.085663360176852 ], [ 34.504445351972322, 46.116434173898938 ], [ 34.542192193315941, 46.130318740418431 ], [ 34.566370871219647, 46.103735696246304 ], [ 34.552891852178107, 46.089132321400427 ], [ 34.570894279448339, 46.085998370229504 ], [ 34.590191123422471, 46.11447939490904 ], [ 34.593830526858198, 46.167405468588413 ], [ 34.545165584924689, 46.196509523796408 ], [ 34.524277658587948, 46.185317894406239 ], [ 34.53663158797832, 46.148736306436319 ], [ 34.503856079295531, 46.134557053666015 ], [ 34.440280412911591, 46.153976264793698 ], [ 34.380506553135831, 46.197882197706178 ], [ 34.350990075132756, 46.187175751660504 ], [ 34.328866528868105, 46.219475163748712 ], [ 34.312492911419611, 46.218796464286299 ], [ 34.301215998420503, 46.190486848590126 ], [ 34.315328731936347, 46.167308494692179 ], [ 34.342949607239461, 46.167391664894353 ], [ 34.318751868205027, 46.107308567837038 ], [ 34.299055640706172, 46.092661252115988 ], [ 34.296466613943949, 46.138298115566499 ], [ 34.273669978187854, 46.138539961251126 ], [ 34.276531066956068, 46.088672954893866 ], [ 34.229007936667813, 46.064645988122777 ], [ 34.235445563562791, 46.08954016214966 ], [ 34.210087278206231, 46.106435318935723 ], [ 34.201153716072042, 46.073196697170772 ], [ 34.107004647047688, 46.130642065579764 ], [ 34.042078401298056, 46.119847129842071 ], [ 33.955280664072291, 46.220259297929147 ], [ 33.873953804125676, 46.233577743918659 ], [ 33.837333663118955, 46.222994254981813 ], [ 33.774168927554854, 46.255008168293273 ], [ 33.765291471425144, 46.241894655314979 ], [ 33.722553485355945, 46.240347964387979 ], [ 33.72751864686893, 46.210806580560131 ], [ 33.742752144296901, 46.208675890580821 ], [ 33.717443595046745, 46.195787864619149 ], [ 33.646014999093836, 46.229699000309552 ], [ 33.615276999834578, 46.226394999030902 ], [ 33.636708998922074, 46.140223001091556 ], [ 33.615070368003956, 46.134385942358278 ], [ 33.586614611575953, 46.159384083409634 ], [ 33.538785000428334, 46.1185030013134 ], [ 33.511933462759998, 46.122919966684037 ], [ 33.516610038123645, 46.098809748771828 ], [ 33.568587050952544, 46.075629875019615 ], [ 33.495449967942534, 46.073897683632083 ], [ 33.492318768697089, 46.053282495591588 ], [ 33.517134001134139, 46.030121000384781 ], [ 33.462741936292218, 46.050622388213583 ], [ 33.423758626959966, 46.029996568387844 ], [ 33.365551039050104, 46.076248018632043 ], [ 33.37382046894038, 46.090479486040351 ], [ 33.330474737220243, 46.115343601127222 ], [ 33.312385633291228, 46.103348551595275 ], [ 33.315140094840388, 46.07633330134172 ], [ 33.284137220057573, 46.077538904597702 ], [ 33.28044148488749, 46.097092349433296 ], [ 33.304966999828082, 46.093565998872691 ], [ 33.311385999964841, 46.111776998710411 ], [ 33.2831469882438, 46.133448338870664 ], [ 33.220174064582295, 46.132676513711033 ], [ 33.207468853705507, 46.124326124152219 ], [ 33.213316074777936, 46.106348838329154 ], [ 33.200244105981596, 46.109578495352196 ], [ 33.209423308939449, 46.144015666091036 ], [ 33.227763714025059, 46.154229402365957 ], [ 33.20536731974687, 46.174031310997123 ], [ 33.22443323220881, 46.216317081968668 ], [ 33.199957511830576, 46.18832699989207 ], [ 33.186893661214356, 46.194920865106781 ], [ 33.184329337929512, 46.155950347731277 ], [ 33.135050693235769, 46.124850869572867 ], [ 33.031589314396228, 46.156231309428279 ], [ 33.014709653828334, 46.122547868590175 ], [ 33.028004680572451, 46.111493886734422 ], [ 32.908209317406943, 46.105011854914096 ], [ 32.767124075916286, 46.122391776859956 ], [ 32.600614001036206, 46.098182000399902 ], [ 32.546926107155002, 46.082212549070789 ], [ 32.542909992103318, 46.066121266584105 ], [ 32.046768004640569, 46.171397147261473 ], [ 31.646771269079693, 46.232729446707538 ], [ 31.578367839604994, 46.257466289738375 ], [ 31.551841028241768, 46.273836084168863 ], [ 31.52317192834272, 46.301969878807768 ], [ 31.511784146921741, 46.349281469665016 ], [ 31.532427252616515, 46.369982735415817 ], [ 31.534874726987937, 46.306776732660978 ], [ 31.553007768194846, 46.277855029387013 ], [ 31.5980353976164, 46.250552785683453 ], [ 31.646723176034641, 46.245469813881698 ], [ 31.797252442047466, 46.330950860894404 ], [ 31.813818704170728, 46.49211365772004 ], [ 31.849311997351663, 46.500131016634043 ], [ 31.86674900016709, 46.531410000372148 ], [ 31.924891999666954, 46.571705999733013 ], [ 32.28551300132483, 46.509491999557042 ], [ 32.287614000186863, 46.543561998688176 ], [ 32.303372377034464, 46.544886567861738 ], [ 32.305653909401258, 46.562521376561222 ], [ 32.273691493968158, 46.585770158167179 ], [ 32.243549398986488, 46.591977494766468 ], [ 32.140508050307176, 46.557362573924536 ], [ 32.105907202056642, 46.610656176242458 ], [ 32.052035000215994, 46.615173998781927 ], [ 31.983425199714077, 46.65581470918238 ], [ 32.006223844555677, 46.675398980979082 ], [ 32.086761960397041, 46.683866176283914 ], [ 32.075190386328131, 46.730213526633861 ], [ 32.060637475140254, 46.728327236413747 ], [ 32.056753445316133, 46.744326914856174 ], [ 32.171686313573389, 46.752703741785183 ], [ 32.169012753236871, 46.763305487858872 ], [ 32.218547001443824, 46.771086999566307 ], [ 32.210809405430609, 46.797666170358411 ], [ 32.188120333087795, 46.802654360811005 ], [ 32.249622421838183, 46.822624188156681 ], [ 32.228396469122629, 46.844831748187573 ], [ 32.341727500924321, 46.795288999588593 ], [ 32.373762143608928, 46.799399441831667 ], [ 32.365426348248263, 46.829682974090872 ], [ 32.462863414216088, 46.841111414760917 ], [ 32.469242978181796, 46.816017971652968 ], [ 32.531086480157796, 46.823113449027346 ], [ 32.534592348658862, 46.882028765615985 ], [ 32.549032046892364, 46.883839694447261 ], [ 32.546809728586993, 46.869514984429884 ], [ 32.571670401069014, 46.872252761756442 ], [ 32.585389117314776, 46.855167056615301 ], [ 32.687802683447956, 46.86204432338775 ], [ 32.698073139964322, 46.820922604295674 ], [ 32.767250972954912, 46.81938839505932 ], [ 32.812806815582974, 46.840262677781254 ], [ 32.949171224273471, 46.857083721437505 ], [ 32.946161920936788, 46.868696872963255 ], [ 32.920207868898899, 46.866130338245455 ], [ 32.916544904124919, 46.883073479258599 ], [ 32.831639541932191, 46.881320859770767 ], [ 32.840298842318589, 46.893399951847243 ], [ 32.828514603766848, 46.897952532284478 ], [ 32.926612309011716, 46.909741843012569 ], [ 32.922063613645719, 46.926648005701793 ], [ 32.979864503844681, 46.933677849653975 ], [ 32.97596629440983, 46.948813856974823 ], [ 32.94891651108901, 46.945320676109247 ], [ 32.933556843274573, 46.985318944114908 ], [ 32.95020604897087, 47.003205740153703 ], [ 33.022511881419064, 46.972602758811206 ], [ 33.158076055366564, 47.116859317404476 ], [ 33.104915819810117, 47.1370357666882 ], [ 33.082087187974253, 47.107748244386869 ], [ 33.103146463939026, 47.099782004736653 ], [ 33.073026001249843, 47.063031999827842 ], [ 33.051970998863396, 47.070604000974754 ], [ 33.0272015086436, 47.039627786593996 ], [ 32.916605001320647, 47.085984999808829 ], [ 32.895710003614681, 47.114202999769532 ], [ 32.96022748501133, 47.18976747618899 ], [ 33.004936277787863, 47.196781787950044 ], [ 33.036975805589861, 47.178726762031374 ], [ 33.071837003076098, 47.224235026925896 ], [ 33.130828244029146, 47.203824446342026 ], [ 33.142125703839042, 47.210557955586125 ], [ 33.129694864427336, 47.233110135825029 ], [ 33.180207075896703, 47.238013379914491 ], [ 33.14019778310211, 47.272007592277475 ], [ 33.105197963216312, 47.279541606960493 ], [ 33.101985394211454, 47.321244422992663 ], [ 33.139442597198979, 47.327345023554926 ], [ 33.121863478117916, 47.38944230611844 ], [ 33.038977519297987, 47.380035232041223 ], [ 33.034271286991213, 47.397357791629702 ], [ 33.033844102724061, 47.441285147292604 ], [ 33.054016716399246, 47.444097462229024 ], [ 33.047028613580551, 47.468400219595367 ], [ 33.07030210226111, 47.475956806362433 ], [ 33.071210603687291, 47.411853612954815 ], [ 33.138060241188043, 47.419400094040043 ], [ 33.123023692590209, 47.50779827107425 ], [ 33.147584582363493, 47.51406736142053 ], [ 33.141473652188211, 47.543200810969552 ], [ 33.095063775573692, 47.527151090651216 ], [ 33.093196640913163, 47.579021552703409 ], [ 33.171004281023613, 47.566686849019788 ], [ 33.232364088932457, 47.577669991278015 ], [ 33.21526207728391, 47.53309239789678 ], [ 33.284946039728823, 47.544867789817545 ], [ 33.278813988075967, 47.517534213733882 ], [ 33.310022045881624, 47.501491454168217 ], [ 33.313794933889994, 47.481935995750518 ], [ 33.348818181115064, 47.493371622902998 ], [ 33.324488016010037, 47.52393265357 ], [ 33.486276083575262, 47.543994977087436 ], [ 33.474389989607232, 47.587218958589006 ], [ 33.580767705266283, 47.59850065867937 ] ] ], [ [ [ 35.024662999998327, 46.081969999216994 ], [ 34.993942999770525, 46.079260000149816 ], [ 34.994314999838252, 46.112104000300292 ], [ 35.031866000316541, 46.146099998716863 ], [ 35.207423999618754, 46.190952000435402 ], [ 35.248902998675362, 46.238660999006811 ], [ 35.174081999885288, 46.136409999722616 ], [ 35.024662999998327, 46.081969999216994 ] ] ], [ [ [ 32.557473094408692, 46.066859949028355 ], [ 32.63273975044001, 46.058220433726945 ], [ 32.765240756156857, 46.031267307740961 ], [ 32.862849119592056, 46.061066548783117 ], [ 32.911528805910564, 46.036750855568471 ], [ 32.942007312987982, 46.046864332723715 ], [ 33.08163916821394, 46.015646688145068 ], [ 32.877067217678814, 46.01530306078854 ], [ 32.755983008210137, 46.031709252580868 ], [ 32.547487340769067, 46.066389037924694 ], [ 32.557473094408692, 46.066859949028355 ] ] ] ] } },
{ "type": "Feature", "properties": { "NAME_LAT": "Kharkivska", "ID": 20.0, "TYPE": "Області, автономії та ради", "NAME_UA": "Харківська", "NAME_RUS": "Харьковская", "KOATUU": "6300000000", "CODETOPO": "81210000", "CODENAME": "Межі областей та автономни", "CODE_PR": null, "LABEL": "Харківська область", "SHAPE_Leng": 14.5691067566, "SHAPE_Area": 3.9103165585299999, "Tm_observed_anom_1951_1960": -0.3, "Tm_winter_observed_anom_1951_1960": 0.0, "Tm_spring_observed_anom_1951_1960": -1.3, "Tm_summer_observed_anom_1951_1960": 0.9, "Tm_autumn_observed_anom_1951_1960": -0.7, "Tm_observed_anom_1961_1970": 0.0, "Tm_winter_observed_anom_1961_1970": -0.6, "Tm_spring_observed_anom_1961_1970": -0.2, "Tm_summer_observed_anom_1961_1970": 0.3, "Tm_autumn_observed_anom_1961_1970": 0.5, "Tm_observed_anom_1971_1980": -0.1, "Tm_winter_observed_anom_1971_1980": -0.1, "Tm_spring_observed_anom_1971_1980": 0.1, "Tm_summer_observed_anom_1971_1980": -0.2, "Tm_autumn_observed_anom_1971_1980": -0.2, "Tm_observed_anom_1981_1990": 0.1, "Tm_winter_observed_anom_1981_1990": 0.7, "Tm_spring_observed_anom_1981_1990": 0.1, "Tm_summer_observed_anom_1981_1990": -0.1, "Tm_autumn_observed_anom_1981_1990": -0.3, "Tm_observed_anom_1991_2000": 0.3, "Tm_winter_observed_anom_1991_2000": 1.0, "Tm_spring_observed_anom_1991_2000": 0.2, "Tm_summer_observed_anom_1991_2000": 0.5, "Tm_autumn_observed_anom_1991_2000": -0.5, "Tm_observed_anom_2001_2010": 1.2, "Tm_winter_observed_anom_2001_2010": 1.4, "Tm_spring_observed_anom_2001_2010": 0.9, "Tm_summer_observed_anom_2001_2010": 1.4, "Tm_autumn_observed_anom_2001_2010": 1.2, "Tm_observed_anom_2011_2020": 1.8, "Tm_winter_observed_anom_2011_2020": 2.1, "Tm_spring_observed_anom_2011_2020": 1.8, "Tm_summer_observed_anom_2011_2020": 2.0, "Tm_autumn_observed_anom_2011_2020": 1.3, "RR_observed_anom_1951_1960": -6.0, "RR_winter_observed_anom_1951_1960": -8.0, "RR_spring_observed_anom_1951_1960": -6.0, "RR_summer_observed_anom_1951_1960": -7.0, "RR_autumn_observed_anom_1951_1960": -2.0, "RR_observed_anom_1961_1970": -1.0, "RR_winter_observed_anom_1961_1970": 22.0, "RR_spring_observed_anom_1961_1970": 3.0, "RR_summer_observed_anom_1961_1970": -16.0, "RR_autumn_observed_anom_1961_1970": -14.0, "RR_observed_anom_1971_1980": 3.0, "RR_winter_observed_anom_1971_1980": -14.0, "RR_spring_observed_anom_1971_1980": 6.0, "RR_summer_observed_anom_1971_1980": 13.0, "RR_autumn_observed_anom_1971_1980": 11.0, "RR_observed_anom_1981_1990": -3.0, "RR_winter_observed_anom_1981_1990": -8.0, "RR_spring_observed_anom_1981_1990": -10.0, "RR_summer_observed_anom_1981_1990": 3.0, "RR_autumn_observed_anom_1981_1990": 3.0, "RR_observed_anom_1991_2000": -2.0, "RR_winter_observed_anom_1991_2000": -20.0, "RR_spring_observed_anom_1991_2000": 17.0, "RR_summer_observed_anom_1991_2000": -10.0, "RR_autumn_observed_anom_1991_2000": 11.0, "RR_observed_anom_2001_2010": 2.0, "RR_winter_observed_anom_2001_2010": -9.0, "RR_spring_observed_anom_2001_2010": -1.0, "RR_summer_observed_anom_2001_2010": 2.0, "RR_autumn_observed_anom_2001_2010": 20.0, "RR_observed_anom_2011_2020": -5.0, "RR_winter_observed_anom_2011_2020": -8.0, "RR_spring_observed_anom_2011_2020": 14.0, "RR_summer_observed_anom_2011_2020": -11.0, "RR_autumn_observed_anom_2011_2020": -12.0 }, "geometry": { "type": "Polygon", "coordinates": [ [ [ 37.482259999200494, 50.431493000002888 ], [ 37.464552000974948, 50.429322999757574 ], [ 37.463912000239532, 50.414307999815264 ], [ 37.485056001334272, 50.356550000083359 ], [ 37.55597600009321, 50.329578000025606 ], [ 37.577071998974475, 50.30654699914561 ], [ 37.635733999925037, 50.311166999958004 ], [ 37.61476499880655, 50.220124001322517 ], [ 37.643643001324335, 50.19089599885217 ], [ 37.640928001127236, 50.175567999764326 ], [ 37.709027000196784, 50.13342099958038 ], [ 37.755389998750331, 50.078563999629807 ], [ 37.796991998982492, 50.083946999655211 ], [ 37.92673599986739, 50.0337889996635 ], [ 37.96401600133828, 49.979728999594556 ], [ 38.006947999951137, 49.966760998722009 ], [ 38.043885000892999, 49.932783000236213 ], [ 38.02019099911621, 49.925288999988254 ], [ 38.020495998792228, 49.911753999948075 ], [ 38.093678000240402, 49.846212000084677 ], [ 38.017641001132176, 49.837192998758781 ], [ 38.009987999847226, 49.812982000120144 ], [ 38.053201998874044, 49.783383000326126 ], [ 37.998274999292676, 49.753180999704284 ], [ 37.976246999700152, 49.767752999901973 ], [ 37.95086500012053, 49.731022000365954 ], [ 37.97463099982167, 49.708513001075062 ], [ 38.017176001272333, 49.713587001240057 ], [ 37.999513999772148, 49.70023699983858 ], [ 38.013718000086556, 49.695874000085951 ], [ 38.010735001020407, 49.678173000384561 ], [ 38.046692999982838, 49.657669000025237 ], [ 37.983656999671723, 49.647909999647709 ], [ 37.99582300133136, 49.627317999726813 ], [ 37.94474500028241, 49.611266999673205 ], [ 37.933814999863273, 49.594033999970065 ], [ 37.951632998664877, 49.568998000158501 ], [ 37.900216000868625, 49.572646000213638 ], [ 37.885755000393829, 49.549921999101912 ], [ 37.927843000554901, 49.542837999774804 ], [ 37.842300001045089, 49.508152000115615 ], [ 37.844304000829879, 49.445390999895665 ], [ 37.876748998768164, 49.446987999797273 ], [ 37.877762999663616, 49.418476999814629 ], [ 37.896870000351157, 49.403479999803096 ], [ 37.883493000402552, 49.313232000057667 ], [ 37.947440999603373, 49.303390001248488 ], [ 37.958658998914586, 49.284562999983393 ], [ 37.91282499957498, 49.276935998998056 ], [ 37.899653000086801, 49.270092999992869 ], [ 37.911773999671254, 49.259531000356276 ], [ 37.866018998578795, 49.24633199962301 ], [ 37.873077895129654, 49.236784555763563 ], [ 37.842590292309069, 49.201711692941217 ], [ 37.614760781885479, 49.233444530341728 ], [ 37.566154481145304, 49.230696376637411 ], [ 37.516474990629206, 49.201423009665064 ], [ 37.498769990743369, 49.182996010658314 ], [ 37.554187352864915, 49.165968581585673 ], [ 37.565292992678394, 49.147212008028646 ], [ 37.541224997036863, 49.145636008196163 ], [ 37.584728061551687, 49.126351200748218 ], [ 37.48888341523832, 49.101924916102917 ], [ 37.507042386597789, 49.078549936231468 ], [ 37.496428423234022, 49.063593007312363 ], [ 37.383170205041836, 49.048222635766933 ], [ 37.390255922074061, 49.024987740592678 ], [ 37.374998359687424, 49.025125416006063 ], [ 37.368290009876944, 48.993086449381053 ], [ 37.343050623888075, 49.003100106285785 ], [ 37.295345789177702, 48.971097672820292 ], [ 37.320916989928037, 48.957355004031115 ], [ 37.307500704894494, 48.946992302253875 ], [ 37.328386990867841, 48.94151300372306 ], [ 37.32804415941132, 48.922092291626882 ], [ 37.265880520370615, 48.920070061684896 ], [ 37.193917997818232, 48.883069001134402 ], [ 37.192547558723732, 48.81505085111678 ], [ 37.097570275248927, 48.850245770826575 ], [ 37.076774860372382, 48.817402237424233 ], [ 37.022021569340836, 48.81715474489647 ], [ 36.994870991803737, 48.787389998250717 ], [ 37.043921992007199, 48.766268997317297 ], [ 37.032454992904491, 48.74927499694445 ], [ 36.966657996570177, 48.793582998757302 ], [ 36.852679666034646, 48.800477424594362 ], [ 36.837598379762312, 48.77222314508299 ], [ 36.821617997173746, 48.770877000274254 ], [ 36.788491996609253, 48.780479997954444 ], [ 36.790512706696973, 48.801416081188108 ], [ 36.720325230026219, 48.805301181205493 ], [ 36.689229891447212, 48.775196513309368 ], [ 36.708132876431989, 48.768200483866167 ], [ 36.734019115990293, 48.703474841791433 ], [ 36.708929573242131, 48.691608504130102 ], [ 36.736976337788633, 48.626201688558012 ], [ 36.591656810214488, 48.60254448973734 ], [ 36.482653770256206, 48.663024096985396 ], [ 36.429909949585408, 48.633829980070459 ], [ 36.442352542236904, 48.627981686106864 ], [ 36.429328000088049, 48.616033000223695 ], [ 36.446051398054465, 48.613744531385919 ], [ 36.425081559667149, 48.612727372970824 ], [ 36.355130039020992, 48.532270872403785 ], [ 36.324227060031717, 48.555848285171123 ], [ 36.296476632891199, 48.531371178038341 ], [ 36.271331458081193, 48.543962256853604 ], [ 36.31934656069609, 48.58705622786357 ], [ 36.251320547905834, 48.620995324375656 ], [ 36.283856999701698, 48.659551999825851 ], [ 36.142791797804136, 48.724368475225845 ], [ 36.161668683563789, 48.748844573319332 ], [ 36.139414085392616, 48.766367423618647 ], [ 36.157785598027829, 48.767862971000227 ], [ 36.15864931591409, 48.784152214953679 ], [ 36.123862474374562, 48.808531225836305 ], [ 36.064928379941648, 48.808418720648376 ], [ 36.075473880616016, 48.835494828024821 ], [ 36.019438321822008, 48.854275157173674 ], [ 36.040366371411778, 48.873343793682068 ], [ 36.012255746906078, 48.887749405811348 ], [ 36.043827925819016, 48.915349054416254 ], [ 35.996066101070596, 48.93921184994781 ], [ 36.004417707412188, 48.945906489593767 ], [ 35.977579082209786, 48.959710266416607 ], [ 35.989571265602308, 48.96923781097712 ], [ 35.940320793970386, 48.999069094863785 ], [ 35.937914817016065, 48.973218292191348 ], [ 35.88442796927626, 48.974519650762204 ], [ 35.854035095644065, 48.957889066428208 ], [ 35.85576629418, 48.945308557344958 ], [ 35.809900288868107, 48.940524717142921 ], [ 35.808460219764243, 48.927342939326081 ], [ 35.789141098683672, 48.954376226382635 ], [ 35.752996759293922, 48.946733883862578 ], [ 35.722889085863528, 48.966729782554353 ], [ 35.695980893604258, 48.943070184342446 ], [ 35.693315506306476, 48.967662946089035 ], [ 35.630207371373956, 48.962615254691173 ], [ 35.626861215273777, 48.983015683727729 ], [ 35.485768056151755, 48.972302333586754 ], [ 35.434778133804741, 49.013547312859146 ], [ 35.40903144384697, 49.013195382062179 ], [ 35.401133347626796, 49.030674958783266 ], [ 35.301810352966299, 49.069656679912782 ], [ 35.307005866828206, 49.09175421688451 ], [ 35.276199304155455, 49.090350891381433 ], [ 35.257959847969516, 49.113267880709031 ], [ 35.228759249640575, 49.100259992205793 ], [ 35.194009550101555, 49.108085183085677 ], [ 35.228294970137654, 49.126003182002194 ], [ 35.19019511701191, 49.137955519132845 ], [ 35.210462146012105, 49.150879213106123 ], [ 35.18789725115812, 49.162800270916705 ], [ 35.144832487430222, 49.150409715736714 ], [ 35.122624913010213, 49.164619006762678 ], [ 35.084489768688741, 49.141905785824292 ], [ 35.084116176820999, 49.159432699260606 ], [ 35.053382464629919, 49.176909848711489 ], [ 35.044563014772223, 49.15660007943103 ], [ 35.018174833003059, 49.150771789087742 ], [ 34.980455000099084, 49.249656000025311 ], [ 35.024073999816153, 49.324980001326935 ], [ 35.079068999835386, 49.316809001335287 ], [ 35.09095100008949, 49.30066899987537 ], [ 35.241485001032856, 49.29694199887507 ], [ 35.272396001075492, 49.277460499803169 ], [ 35.289722999717583, 49.29494899959758 ], [ 35.280246998900793, 49.318714000151886 ], [ 35.375863999824617, 49.398377000998721 ], [ 35.348578999721951, 49.404640000236725 ], [ 35.363767001346901, 49.447567001316997 ], [ 35.315910998694505, 49.455238999880862 ], [ 35.336549999883459, 49.503702999994402 ], [ 35.481406999834064, 49.483850000877737 ], [ 35.490412998761769, 49.507886999586276 ], [ 35.428723000267155, 49.526231000161431 ], [ 35.427581998911023, 49.548701500374875 ], [ 35.404492000706171, 49.555764998756615 ], [ 35.485631001270576, 49.571661998903039 ], [ 35.425064999750816, 49.657065000050636 ], [ 35.43378099879493, 49.67337000012634 ], [ 35.344928000427785, 49.665002000043216 ], [ 35.331755999140967, 49.680846998690981 ], [ 35.243912498763677, 49.6937945004168 ], [ 35.25665099984468, 49.708813999667257 ], [ 35.242172001237748, 49.712944000366235 ], [ 35.264029001038466, 49.71657799977578 ], [ 35.258319001221821, 49.733558001301617 ], [ 35.223998453666582, 49.736451792117407 ], [ 35.204849999628664, 49.75782399977868 ], [ 35.212088999808373, 49.788946999705217 ], [ 35.200422998723297, 49.800120998785985 ], [ 35.221920999955103, 49.806803000259151 ], [ 35.217990000339114, 49.830838999820912 ], [ 35.139920999255594, 49.860214000076951 ], [ 35.067192999857923, 49.859132999689109 ], [ 35.046837000927724, 49.872793000097772 ], [ 35.064242998716281, 49.885691999587038 ], [ 34.971765999602098, 49.884772001227816 ], [ 34.912668501051371, 49.935466498980645 ], [ 34.859995999316823, 49.949972999755062 ], [ 34.876695001374117, 49.961400999757245 ], [ 34.856359294746539, 49.987101209154389 ], [ 34.962720131929416, 50.072983137962353 ], [ 34.956130998947344, 50.092880999759245 ], [ 34.937334999111783, 50.094819000097687 ], [ 34.932766000651327, 50.13392700133096 ], [ 34.940623998799424, 50.151988998794195 ], [ 34.973285001302656, 50.157780999694296 ], [ 34.961390000449057, 50.185320999865155 ], [ 35.031753998748911, 50.180321000414779 ], [ 35.040828000812496, 50.16471900038249 ], [ 35.06996900017009, 50.205814999763334 ], [ 35.149243999312034, 50.24250600015273 ], [ 35.192533000898152, 50.228642000229058 ], [ 35.261143000150241, 50.234717999836732 ], [ 35.264734000274757, 50.265659001262804 ], [ 35.329753001200913, 50.273058999873854 ], [ 35.297170997844148, 50.28925400027282 ], [ 35.329903000024331, 50.318479999952956 ], [ 35.38213000010029, 50.294362001106379 ], [ 35.379375999903345, 50.320183000246175 ], [ 35.423733666776172, 50.334161000031031 ], [ 35.496249999039094, 50.292354000237822 ], [ 35.533669500647818, 50.298437500191426 ], [ 35.515634000809371, 50.317768000393812 ], [ 35.593459999680135, 50.330901499905224 ], [ 35.649632000017675, 50.309633001162979 ], [ 35.692143999946552, 50.345598000448263 ], [ 35.659087999912174, 50.350773999921103 ], [ 35.738969999167011, 50.354485000183558 ], [ 35.802138001068784, 50.397654998979931 ], [ 35.80650500010654, 50.411207999850262 ], [ 35.792782001289197, 50.415453999603301 ], [ 35.832725998806666, 50.434179999808066 ], [ 35.872758000382305, 50.422102000407904 ], [ 35.889003000389039, 50.438563999629821 ], [ 35.934851000374238, 50.430326000145726 ], [ 36.068772999675105, 50.451258999604079 ], [ 36.155474998673128, 50.432863000228224 ], [ 36.177784784641005, 50.402184305861965 ], [ 36.283530502631493, 50.33546354840496 ], [ 36.273248570765816, 50.324000976664649 ], [ 36.296744000436149, 50.292015999939395 ], [ 36.365168999250784, 50.287945000162551 ], [ 36.431382001279246, 50.330085000023644 ], [ 36.442148998678249, 50.310935999197909 ], [ 36.487384000072439, 50.311327000141887 ], [ 36.525500999672317, 50.285858000147527 ], [ 36.586661998952991, 50.284902001027433 ], [ 36.593017000634973, 50.275097000327207 ], [ 36.573960999601354, 50.274631999568044 ], [ 36.580515999714521, 50.261952000285532 ], [ 36.560403000299118, 50.25064200032898 ], [ 36.648207999800263, 50.218380000037882 ], [ 36.679745000832042, 50.237754998695152 ], [ 36.68820999909309, 50.266449999968472 ], [ 36.871220001202971, 50.334894999705398 ], [ 36.938460000229725, 50.350278999577085 ], [ 37.162031002229867, 50.356775998814214 ], [ 37.292614001336005, 50.401366000141707 ], [ 37.331881000009048, 50.436839000120699 ], [ 37.412197000392155, 50.432651000344322 ], [ 37.477285000003633, 50.459608999756483 ], [ 37.490560000644393, 50.457163000273169 ], [ 37.482259999200494, 50.431493000002888 ] ] ] } },
{ "type": "Feature", "properties": { "NAME_LAT": "Sumska", "ID": 18.0, "TYPE": "Області, автономії та ради", "NAME_UA": "Сумська", "NAME_RUS": "Сумская", "KOATUU": "5900000000", "CODETOPO": "81210000", "CODENAME": "Межі областей та автономни", "CODE_PR": null, "LABEL": "Сумська область", "SHAPE_Leng": 15.7159104221, "SHAPE_Area": 3.0600321341800001, "Tm_observed_anom_1951_1960": -0.3, "Tm_winter_observed_anom_1951_1960": -0.0, "Tm_spring_observed_anom_1951_1960": -1.4, "Tm_summer_observed_anom_1951_1960": 0.8, "Tm_autumn_observed_anom_1951_1960": -0.6, "Tm_observed_anom_1961_1970": -0.1, "Tm_winter_observed_anom_1961_1970": -0.9, "Tm_spring_observed_anom_1961_1970": -0.3, "Tm_summer_observed_anom_1961_1970": 0.2, "Tm_autumn_observed_anom_1961_1970": 0.5, "Tm_observed_anom_1971_1980": -0.1, "Tm_winter_observed_anom_1971_1980": 0.1, "Tm_spring_observed_anom_1971_1980": -0.0, "Tm_summer_observed_anom_1971_1980": -0.2, "Tm_autumn_observed_anom_1971_1980": -0.3, "Tm_observed_anom_1981_1990": 0.2, "Tm_winter_observed_anom_1981_1990": 0.8, "Tm_spring_observed_anom_1981_1990": 0.3, "Tm_summer_observed_anom_1981_1990": -0.0, "Tm_autumn_observed_anom_1981_1990": -0.2, "Tm_observed_anom_1991_2000": 0.5, "Tm_winter_observed_anom_1991_2000": 1.4, "Tm_spring_observed_anom_1991_2000": 0.4, "Tm_summer_observed_anom_1991_2000": 0.6, "Tm_autumn_observed_anom_1991_2000": -0.4, "Tm_observed_anom_2001_2010": 1.3, "Tm_winter_observed_anom_2001_2010": 1.6, "Tm_spring_observed_anom_2001_2010": 1.0, "Tm_summer_observed_anom_2001_2010": 1.6, "Tm_autumn_observed_anom_2001_2010": 1.1, "Tm_observed_anom_2011_2020": 1.9, "Tm_winter_observed_anom_2011_2020": 2.5, "Tm_spring_observed_anom_2011_2020": 2.0, "Tm_summer_observed_anom_2011_2020": 1.9, "Tm_autumn_observed_anom_2011_2020": 1.4, "RR_observed_anom_1951_1960": -8.0, "RR_winter_observed_anom_1951_1960": -16.0, "RR_spring_observed_anom_1951_1960": -11.0, "RR_summer_observed_anom_1951_1960": -12.0, "RR_autumn_observed_anom_1951_1960": 9.0, "RR_observed_anom_1961_1970": -3.0, "RR_winter_observed_anom_1961_1970": 14.0, "RR_spring_observed_anom_1961_1970": 3.0, "RR_summer_observed_anom_1961_1970": -13.0, "RR_autumn_observed_anom_1961_1970": -11.0, "RR_observed_anom_1971_1980": 2.0, "RR_winter_observed_anom_1971_1980": -11.0, "RR_spring_observed_anom_1971_1980": 5.0, "RR_summer_observed_anom_1971_1980": 6.0, "RR_autumn_observed_anom_1971_1980": 7.0, "RR_observed_anom_1981_1990": 1.0, "RR_winter_observed_anom_1981_1990": -3.0, "RR_spring_observed_anom_1981_1990": -7.0, "RR_summer_observed_anom_1981_1990": 7.0, "RR_autumn_observed_anom_1981_1990": 4.0, "RR_observed_anom_1991_2000": -5.0, "RR_winter_observed_anom_1991_2000": -22.0, "RR_spring_observed_anom_1991_2000": 7.0, "RR_summer_observed_anom_1991_2000": -11.0, "RR_autumn_observed_anom_1991_2000": 14.0, "RR_observed_anom_2001_2010": -3.0, "RR_winter_observed_anom_2001_2010": -2.0, "RR_spring_observed_anom_2001_2010": -4.0, "RR_summer_observed_anom_2001_2010": -14.0, "RR_autumn_observed_anom_2001_2010": 14.0, "RR_observed_anom_2011_2020": -10.0, "RR_winter_observed_anom_2011_2020": 1.0, "RR_spring_observed_anom_2011_2020": 2.0, "RR_summer_observed_anom_2011_2020": -21.0, "RR_autumn_observed_anom_2011_2020": -16.0 }, "geometry": { "type": "Polygon", "coordinates": [ [ [ 33.806194184015283, 52.365531392260891 ], [ 33.838233552637234, 52.360503226943308 ], [ 33.854458001336582, 52.332155999800477 ], [ 33.83923399895076, 52.320444001090721 ], [ 33.920877000274231, 52.304763000113269 ], [ 33.944765000205507, 52.283233000103792 ], [ 33.937545000002615, 52.250204001314557 ], [ 34.000786504394569, 52.22676438896633 ], [ 34.015520957227295, 52.202052365425232 ], [ 34.05300747901282, 52.200813396422006 ], [ 34.065446195586333, 52.182971148300794 ], [ 34.05429599976145, 52.171379999588225 ], [ 34.109242001118332, 52.144070000131308 ], [ 34.108304000130374, 52.120554000267816 ], [ 34.08756699981808, 52.108846999989964 ], [ 34.100729532143077, 52.093283306580247 ], [ 34.062484999683875, 52.072720998676061 ], [ 34.093596000855655, 52.052813999767181 ], [ 34.100573999791152, 52.004586999791115 ], [ 34.139823000332115, 52.000174999577496 ], [ 34.130057998778511, 51.984253000076819 ], [ 34.143270001010649, 51.969007000273791 ], [ 34.190424000068447, 51.968589999929463 ], [ 34.219453999703205, 51.920117001199571 ], [ 34.259077999550925, 51.910655000129054 ], [ 34.245582000409854, 51.881522000241034 ], [ 34.303895998802204, 51.887469000195154 ], [ 34.41554199966447, 51.825434000179882 ], [ 34.409660639427841, 51.782132970161342 ], [ 34.440790000259199, 51.743056000035324 ], [ 34.422704999936684, 51.72229699870843 ], [ 34.309507001247994, 51.72032699959226 ], [ 34.291117000350198, 51.705011001057755 ], [ 34.128002000193021, 51.689342999780536 ], [ 34.081487000025902, 51.666622999752576 ], [ 34.104850000028364, 51.666471999983742 ], [ 34.130156998847326, 51.643062999658639 ], [ 34.167448999972237, 51.645505999902923 ], [ 34.18149100001051, 51.596593999814161 ], [ 34.21100899876717, 51.600112000169588 ], [ 34.218272045019773, 51.57476836566849 ], [ 34.239587620573104, 51.58474067804076 ], [ 34.260068000238903, 51.533544999802814 ], [ 34.308083001230386, 51.520078000200499 ], [ 34.291996001315283, 51.50827299989993 ], [ 34.292277999930661, 51.479879999962975 ], [ 34.244734106094995, 51.456555784123054 ], [ 34.255568998711226, 51.440066000346576 ], [ 34.220722999767531, 51.417312999696094 ], [ 34.227983000016309, 51.399930001169537 ], [ 34.292417000045418, 51.387862998679395 ], [ 34.286512001128813, 51.374731000136478 ], [ 34.305132000042647, 51.379181000303845 ], [ 34.338858000397295, 51.356705998983614 ], [ 34.313412998811714, 51.334054000292781 ], [ 34.282173998931796, 51.335574000240854 ], [ 34.288803998906303, 51.322161000430754 ], [ 34.241640000286679, 51.293295000264948 ], [ 34.254706000282567, 51.281350999849678 ], [ 34.230433999730167, 51.26504100044275 ], [ 34.305236000342006, 51.238316000084239 ], [ 34.384032999923875, 51.273399000064728 ], [ 34.483572000048639, 51.244605999668067 ], [ 34.540849000082176, 51.252939999981947 ], [ 34.580194998801062, 51.23356699961829 ], [ 34.604046158903998, 51.2545311722767 ], [ 34.662202999869464, 51.247333001317884 ], [ 34.669584001201599, 51.196774999967204 ], [ 34.716934001204095, 51.171279999673175 ], [ 34.784767998844984, 51.183626999787123 ], [ 34.835567998765043, 51.169374999957199 ], [ 34.833491000110484, 51.183110001126579 ], [ 34.862350526056844, 51.199358714434027 ], [ 34.89807099967777, 51.193573999841135 ], [ 34.979973000354562, 51.235626000140712 ], [ 35.037945000062621, 51.217714999748353 ], [ 35.038290998931359, 51.204273000399553 ], [ 35.073133000388566, 51.232882000404913 ], [ 35.149967000277741, 51.224172998985637 ], [ 35.12431700003043, 51.163776999909544 ], [ 35.142006000077743, 51.133479000256557 ], [ 35.175272000803091, 51.121629999725656 ], [ 35.163402001102384, 51.109647000209804 ], [ 35.174136999723657, 51.087226999627262 ], [ 35.148148000031085, 51.082958999758944 ], [ 35.163889000178131, 51.083764000009523 ], [ 35.188074000315737, 51.052387000060946 ], [ 35.273256000265064, 51.058038999900873 ], [ 35.309200001279919, 51.079048000165983 ], [ 35.405676000447954, 51.048268999915365 ], [ 35.409242001218274, 51.026282001314257 ], [ 35.374178001214659, 51.009296000411041 ], [ 35.324218999608036, 51.013210000142294 ], [ 35.351038971971889, 50.975256748201275 ], [ 35.326808000289873, 50.946210999638822 ], [ 35.399903000424047, 50.915233000103797 ], [ 35.402672998660876, 50.903208999596586 ], [ 35.380079999992915, 50.895560000294722 ], [ 35.402157000046429, 50.879709999617717 ], [ 35.382757000236268, 50.870534000044984 ], [ 35.418971000212366, 50.84420600000783 ], [ 35.411738000309356, 50.802471999983709 ], [ 35.488118999992764, 50.777274999942222 ], [ 35.476192000361436, 50.738893999859158 ], [ 35.452533001098004, 50.725942999770552 ], [ 35.468439000760156, 50.718084998924496 ], [ 35.461515999864389, 50.686949001096423 ], [ 35.495753998649036, 50.678484000137416 ], [ 35.485499999726073, 50.655804000155399 ], [ 35.462804999052366, 50.666363998800421 ], [ 35.394468999845344, 50.651364001348497 ], [ 35.424596999752623, 50.603017001234548 ], [ 35.390963000043314, 50.580521999891289 ], [ 35.427565999971819, 50.562273000099822 ], [ 35.47791099959386, 50.488254999669437 ], [ 35.586765001204753, 50.449065000050609 ], [ 35.58445399985311, 50.39500600002782 ], [ 35.61260100013692, 50.374819999943952 ], [ 35.601910999993549, 50.367038999950807 ], [ 35.692143999946552, 50.345598000448263 ], [ 35.688282999961359, 50.335338001248658 ], [ 35.649632000017675, 50.309633001162979 ], [ 35.593459999680135, 50.330901499905224 ], [ 35.515634000809371, 50.317768000393812 ], [ 35.534922999098001, 50.302476001167463 ], [ 35.525084001326491, 50.29045299980703 ], [ 35.438516001313303, 50.316651000144475 ], [ 35.423733666776172, 50.334161000031031 ], [ 35.379375999903345, 50.320183000246175 ], [ 35.38213000010029, 50.294362001106379 ], [ 35.329903000024331, 50.318479999952956 ], [ 35.297170997844148, 50.28925400027282 ], [ 35.329753001200913, 50.273058999873854 ], [ 35.264734000274757, 50.265659001262804 ], [ 35.261143000150241, 50.234717999836732 ], [ 35.192533000898152, 50.228642000229058 ], [ 35.149243999312034, 50.24250600015273 ], [ 35.06996900017009, 50.205814999763334 ], [ 35.040828000812496, 50.16471900038249 ], [ 35.031753998748911, 50.180321000414779 ], [ 34.961390000449057, 50.185320999865155 ], [ 34.973285001302656, 50.157780999694296 ], [ 34.940601001336063, 50.151930999716797 ], [ 34.847051116416765, 50.165738184070847 ], [ 34.746791074949044, 50.144565643890303 ], [ 34.749469675086345, 50.158029575905118 ], [ 34.733538776793978, 50.160685352148221 ], [ 34.699364053409226, 50.149829860560544 ], [ 34.697715850606926, 50.111490110581087 ], [ 34.676406000137661, 50.111006000127702 ], [ 34.676171999239273, 50.133328999834418 ], [ 34.665003001288369, 50.110783999782711 ], [ 34.632091999846807, 50.112019000077737 ], [ 34.546424999115288, 50.132746999974984 ], [ 34.523294999065854, 50.178016000239154 ], [ 34.571015999989299, 50.226883000051316 ], [ 34.551143999996498, 50.246106999839071 ], [ 34.514205999907858, 50.248742999990384 ], [ 34.519120999935069, 50.281157000096414 ], [ 34.457054001142126, 50.285458999733976 ], [ 34.400458000137462, 50.318501000921401 ], [ 34.410447001228988, 50.337161999927275 ], [ 34.377805999648047, 50.358407001183082 ], [ 34.390495001144302, 50.36681400126605 ], [ 34.258264999830772, 50.435053999643287 ], [ 34.248834001089165, 50.518701999898326 ], [ 34.219350000303166, 50.533763000163276 ], [ 34.119585998795685, 50.510293998869884 ], [ 34.099223000442009, 50.480308000115031 ], [ 34.083394998980907, 50.488382000130116 ], [ 34.10573350120103, 50.503789500186201 ], [ 34.06231100065304, 50.516827000666467 ], [ 34.026633001112998, 50.498762001266243 ], [ 34.029381001033244, 50.511648000156015 ], [ 33.954909000350995, 50.547751999556056 ], [ 33.91440699958423, 50.513784999778863 ], [ 33.892159998885745, 50.534049999908518 ], [ 33.81676300770755, 50.518020409115536 ], [ 33.84536317457173, 50.494475052682446 ], [ 33.787859000393439, 50.477601001186201 ], [ 33.786651998691696, 50.460465998807706 ], [ 33.737412998811749, 50.458323999853633 ], [ 33.572395000829488, 50.494389001052468 ], [ 33.526071085013427, 50.479893202210462 ], [ 33.504895998852135, 50.49440900017612 ], [ 33.489225000134525, 50.483423999918557 ], [ 33.463672999909932, 50.492068999285834 ], [ 33.434137000323176, 50.475308999811432 ], [ 33.412646001212863, 50.499407001332941 ], [ 33.375264000434186, 50.49712100023487 ], [ 33.374185000138539, 50.521167000257776 ], [ 33.318637999844725, 50.52070300134335 ], [ 33.276310000307149, 50.553685999809943 ], [ 33.243111999120345, 50.539323000257184 ], [ 33.238856998952201, 50.509702001247263 ], [ 33.220756999736636, 50.503845000047647 ], [ 33.171790000708882, 50.523753999948042 ], [ 33.118137999669841, 50.505756000040321 ], [ 33.061895000554728, 50.522618999767928 ], [ 33.049667999679343, 50.541081000388772 ], [ 33.123264000434176, 50.59587600017818 ], [ 33.102523999983475, 50.601919000962027 ], [ 33.118030999232133, 50.646461000975364 ], [ 33.147610999948597, 50.654113000415578 ], [ 33.152421999676449, 50.694245000307433 ], [ 33.136071000177424, 50.712274999892259 ], [ 33.238597999598881, 50.731919000162634 ], [ 33.191314999988151, 50.746608001259176 ], [ 33.153242998866176, 50.794005999877925 ], [ 33.169207509319961, 50.799795510555271 ], [ 33.155435000126033, 50.828427999953135 ], [ 33.185613999687234, 50.849368998881118 ], [ 33.168942999820501, 50.851048999912337 ], [ 33.181416000349031, 50.866885999989847 ], [ 33.170097999124266, 50.885421000379779 ], [ 33.208411999714883, 50.894028999839406 ], [ 33.200843999651738, 50.961800999117713 ], [ 33.136856000404975, 50.961692000386449 ], [ 33.117283999857591, 51.006909000051223 ], [ 33.078916001273342, 50.982244000261346 ], [ 33.038734000874342, 50.993613000240714 ], [ 33.085579000071675, 51.038927999928205 ], [ 33.059828999709453, 51.049123999773713 ], [ 33.069955000823541, 51.069634999556513 ], [ 32.943219001056946, 51.090500000375641 ], [ 32.992767999944135, 51.143853001116042 ], [ 32.959920001407852, 51.163769998687428 ], [ 32.977277999680837, 51.187931000416256 ], [ 33.041802001162296, 51.205750000163277 ], [ 33.029716999640698, 51.227542999710579 ], [ 33.069378001194707, 51.255094000388738 ], [ 33.058711998560796, 51.266020999770262 ], [ 33.075936998794361, 51.289178000165521 ], [ 33.041141001257074, 51.291114998659168 ], [ 33.07719400010393, 51.312265000030663 ], [ 33.075038999650985, 51.340735999068045 ], [ 33.037610000302152, 51.347032999873989 ], [ 33.040972998905659, 51.36782600007075 ], [ 33.018073998716943, 51.396463999614809 ], [ 33.056584001151634, 51.404438001313622 ], [ 33.038673999906052, 51.391317999726823 ], [ 33.060943999866595, 51.371201000126973 ], [ 33.111367000387645, 51.369974000200898 ], [ 33.091928998825097, 51.390420999730281 ], [ 33.133065999197413, 51.382561999737447 ], [ 33.135649998749329, 51.399042998936181 ], [ 33.119318000126498, 51.404140000161817 ], [ 33.135393000387523, 51.41650800124421 ], [ 33.112990999735757, 51.428727999998102 ], [ 33.13418300034607, 51.491974000100925 ], [ 33.191427999803238, 51.50659900004473 ], [ 33.159003000988605, 51.571783999632828 ], [ 33.220512000129588, 51.580703999990533 ], [ 33.190856000405006, 51.583511000832971 ], [ 33.154669999022133, 51.607988000047101 ], [ 33.153838000224425, 51.641734999571497 ], [ 33.125667999779239, 51.644088000162014 ], [ 33.140531999952714, 51.678439999707166 ], [ 33.164103999700728, 51.680500000275742 ], [ 33.144214999823248, 51.690947000004996 ], [ 33.170061000115936, 51.699689001147419 ], [ 33.078230001114548, 51.775835999932383 ], [ 33.146282000714677, 51.816211001137731 ], [ 33.123219001056952, 51.864428999799429 ], [ 33.179100998812942, 51.886359001167875 ], [ 33.170917000020438, 51.901698999909854 ], [ 33.187242000119113, 51.91266600113596 ], [ 33.22145799878848, 51.905120000288719 ], [ 33.253012999751036, 51.926230999861673 ], [ 33.352096998678462, 51.930079000146691 ], [ 33.39617999910854, 51.956141999654506 ], [ 33.350715998845146, 51.983175999873424 ], [ 33.341375998904141, 52.006818000151497 ], [ 33.303311999949699, 52.013864998671693 ], [ 33.316699000359449, 52.031526000125723 ], [ 33.402851000074463, 52.051097998874468 ], [ 33.42870299974453, 52.025847000839349 ], [ 33.50032100011498, 52.038501999868345 ], [ 33.499704000440147, 52.089000001150055 ], [ 33.437566001070991, 52.087539000325535 ], [ 33.435247001149094, 52.107921999601501 ], [ 33.379497999633884, 52.134024000008537 ], [ 33.3801720001386, 52.146454000352776 ], [ 33.323238999780926, 52.136228000023095 ], [ 33.336590000329124, 52.160681000828447 ], [ 33.309769000939525, 52.185060000019917 ], [ 33.321975999993299, 52.190936000297086 ], [ 33.317593001117018, 52.218080000192799 ], [ 33.366754999244733, 52.233916000224156 ], [ 33.358560999991028, 52.258709999667701 ], [ 33.38523099871253, 52.26820100117618 ], [ 33.376267000822338, 52.275230999811697 ], [ 33.401083001280369, 52.300861000036036 ], [ 33.395957998763492, 52.313936001346292 ], [ 33.429186985192075, 52.34566201199317 ], [ 33.446791001104714, 52.34210299895517 ], [ 33.441547001194067, 52.355721000124959 ], [ 33.517775001016389, 52.355476999664745 ], [ 33.514054001192108, 52.334727998799053 ], [ 33.479670000171268, 52.31471300120495 ], [ 33.559006000327543, 52.30200399968578 ], [ 33.565574001040204, 52.310570999952631 ], [ 33.544280000222727, 52.323652999787043 ], [ 33.579887522592003, 52.310824733775348 ], [ 33.605023000012352, 52.333835999932376 ], [ 33.683426000310533, 52.35795799986272 ], [ 33.806194184015283, 52.365531392260891 ] ] ] } },
{ "type": "Feature", "properties": { "NAME_LAT": "Poltavska", "ID": 16.0, "TYPE": "Області, автономії та ради", "NAME_UA": "Полтавська", "NAME_RUS": "Полтавская", "KOATUU": "5300000000", "CODETOPO": "81210000", "CODENAME": "Межі областей та автономни", "CODE_PR": null, "LABEL": "Полтавська область", "SHAPE_Leng": 14.028168704600001, "SHAPE_Area": 3.5817422139300001, "Tm_observed_anom_1951_1960": -0.2, "Tm_winter_observed_anom_1951_1960": 0.0, "Tm_spring_observed_anom_1951_1960": -1.2, "Tm_summer_observed_anom_1951_1960": 0.9, "Tm_autumn_observed_anom_1951_1960": -0.7, "Tm_observed_anom_1961_1970": -0.0, "Tm_winter_observed_anom_1961_1970": -0.8, "Tm_spring_observed_anom_1961_1970": -0.2, "Tm_summer_observed_anom_1961_1970": 0.3, "Tm_autumn_observed_anom_1961_1970": 0.5, "Tm_observed_anom_1971_1980": -0.1, "Tm_winter_observed_anom_1971_1980": 0.1, "Tm_spring_observed_anom_1971_1980": 0.0, "Tm_summer_observed_anom_1971_1980": -0.2, "Tm_autumn_observed_anom_1971_1980": -0.3, "Tm_observed_anom_1981_1990": 0.1, "Tm_winter_observed_anom_1981_1990": 0.7, "Tm_spring_observed_anom_1981_1990": 0.2, "Tm_summer_observed_anom_1981_1990": -0.1, "Tm_autumn_observed_anom_1981_1990": -0.2, "Tm_observed_anom_1991_2000": 0.4, "Tm_winter_observed_anom_1991_2000": 1.2, "Tm_spring_observed_anom_1991_2000": 0.4, "Tm_summer_observed_anom_1991_2000": 0.6, "Tm_autumn_observed_anom_1991_2000": -0.4, "Tm_observed_anom_2001_2010": 1.3, "Tm_winter_observed_anom_2001_2010": 1.5, "Tm_spring_observed_anom_2001_2010": 1.1, "Tm_summer_observed_anom_2001_2010": 1.5, "Tm_autumn_observed_anom_2001_2010": 1.1, "Tm_observed_anom_2011_2020": 1.9, "Tm_winter_observed_anom_2011_2020": 2.2, "Tm_spring_observed_anom_2011_2020": 2.0, "Tm_summer_observed_anom_2011_2020": 2.1, "Tm_autumn_observed_anom_2011_2020": 1.4, "RR_observed_anom_1951_1960": -11.0, "RR_winter_observed_anom_1951_1960": -18.0, "RR_spring_observed_anom_1951_1960": -14.0, "RR_summer_observed_anom_1951_1960": -13.0, "RR_autumn_observed_anom_1951_1960": 4.0, "RR_observed_anom_1961_1970": 0.0, "RR_winter_observed_anom_1961_1970": 21.0, "RR_spring_observed_anom_1961_1970": -2.0, "RR_summer_observed_anom_1961_1970": -11.0, "RR_autumn_observed_anom_1961_1970": -9.0, "RR_observed_anom_1971_1980": 3.0, "RR_winter_observed_anom_1971_1980": -13.0, "RR_spring_observed_anom_1971_1980": 11.0, "RR_summer_observed_anom_1971_1980": 7.0, "RR_autumn_observed_anom_1971_1980": 8.0, "RR_observed_anom_1981_1990": -3.0, "RR_winter_observed_anom_1981_1990": -8.0, "RR_spring_observed_anom_1981_1990": -9.0, "RR_summer_observed_anom_1981_1990": 4.0, "RR_autumn_observed_anom_1981_1990": 1.0, "RR_observed_anom_1991_2000": -3.0, "RR_winter_observed_anom_1991_2000": -25.0, "RR_spring_observed_anom_1991_2000": 14.0, "RR_summer_observed_anom_1991_2000": -9.0, "RR_autumn_observed_anom_1991_2000": 17.0, "RR_observed_anom_2001_2010": 1.0, "RR_winter_observed_anom_2001_2010": -10.0, "RR_spring_observed_anom_2001_2010": 0.0, "RR_summer_observed_anom_2001_2010": -2.0, "RR_autumn_observed_anom_2001_2010": 23.0, "RR_observed_anom_2011_2020": -6.0, "RR_winter_observed_anom_2011_2020": -3.0, "RR_spring_observed_anom_2011_2020": 13.0, "RR_summer_observed_anom_2011_2020": -18.0, "RR_autumn_observed_anom_2011_2020": -14.0 }, "geometry": { "type": "Polygon", "coordinates": [ [ [ 33.268670999667791, 50.554013998747962 ], [ 33.318637999844725, 50.52070300134335 ], [ 33.374185000138539, 50.521167000257776 ], [ 33.375264000434186, 50.49712100023487 ], [ 33.412646001212863, 50.499407001332941 ], [ 33.434137000323176, 50.475308999811432 ], [ 33.463672999909932, 50.492068999285834 ], [ 33.489225000134525, 50.483423999918557 ], [ 33.504895998852135, 50.49440900017612 ], [ 33.526071085013427, 50.479893202210462 ], [ 33.572395000829488, 50.494389001052468 ], [ 33.737412998811749, 50.458323999853633 ], [ 33.786651998691696, 50.460465998807706 ], [ 33.787859000393439, 50.477601001186201 ], [ 33.84536317457173, 50.494475052682446 ], [ 33.81676300770755, 50.518020409115536 ], [ 33.892159998885745, 50.534049999908518 ], [ 33.91440699958423, 50.513784999778863 ], [ 33.954909000350995, 50.547751999556056 ], [ 34.029381001033244, 50.511648000156015 ], [ 34.026633001112998, 50.498762001266243 ], [ 34.06231100065304, 50.516827000666467 ], [ 34.10573350120103, 50.503789500186201 ], [ 34.083394998980907, 50.488382000130116 ], [ 34.099223000442009, 50.480308000115031 ], [ 34.119585998795685, 50.510293998869884 ], [ 34.159652999287403, 50.522978000135538 ], [ 34.219350000303166, 50.533763000163276 ], [ 34.245288001241136, 50.523563001032585 ], [ 34.257907000408636, 50.435372999964898 ], [ 34.390495001144302, 50.36681400126605 ], [ 34.377805999648047, 50.358407001183082 ], [ 34.410447001228988, 50.337161999927275 ], [ 34.400458000137462, 50.318501000921401 ], [ 34.457054001142126, 50.285458999733976 ], [ 34.519120999935069, 50.281157000096414 ], [ 34.514205999907858, 50.248742999990384 ], [ 34.551143999996498, 50.246106999839071 ], [ 34.571015999989299, 50.226883000051316 ], [ 34.523294999065854, 50.178016000239154 ], [ 34.546424999115288, 50.132746999974984 ], [ 34.663964499263102, 50.110586999691179 ], [ 34.676171999239273, 50.133328999834418 ], [ 34.676406000137661, 50.111006000127702 ], [ 34.691171121650825, 50.109830436926075 ], [ 34.699364053409226, 50.149829860560544 ], [ 34.733538776793978, 50.160685352148221 ], [ 34.749469675086345, 50.158029575905118 ], [ 34.746791074949044, 50.144565643890303 ], [ 34.847051116416765, 50.165738184070847 ], [ 34.940601001336063, 50.151930999716797 ], [ 34.937334999111783, 50.094819000097687 ], [ 34.956130998947344, 50.092880999759245 ], [ 34.962720131929416, 50.072983137962353 ], [ 34.856359294746539, 49.987101209154389 ], [ 34.876695001374117, 49.961400999757245 ], [ 34.859995999316823, 49.949972999755062 ], [ 34.912668501051371, 49.935466498980645 ], [ 34.971765999602098, 49.884772001227816 ], [ 35.064242998716281, 49.885691999587038 ], [ 35.046837000927724, 49.872793000097772 ], [ 35.067192999857923, 49.859132999689109 ], [ 35.139920999255594, 49.860214000076951 ], [ 35.217990000339114, 49.830838999820912 ], [ 35.221920999955103, 49.806803000259151 ], [ 35.200422998723297, 49.800120998785985 ], [ 35.212088999808373, 49.788946999705217 ], [ 35.204849999628664, 49.75782399977868 ], [ 35.223998453666582, 49.736451792117407 ], [ 35.258319001221821, 49.733558001301617 ], [ 35.264029001038466, 49.71657799977578 ], [ 35.242172001237748, 49.712944000366235 ], [ 35.25665099984468, 49.708813999667257 ], [ 35.243912498763677, 49.6937945004168 ], [ 35.331755999140967, 49.680846998690981 ], [ 35.344928000427785, 49.665002000043216 ], [ 35.43378099879493, 49.67337000012634 ], [ 35.425064999750816, 49.657065000050636 ], [ 35.485631001270576, 49.571661998903039 ], [ 35.404492000706171, 49.555764998756615 ], [ 35.427581998911023, 49.548701500374875 ], [ 35.428723000267155, 49.526231000161431 ], [ 35.485666999333432, 49.515354000387731 ], [ 35.481406999834064, 49.483850000877737 ], [ 35.336549999883459, 49.503702999994402 ], [ 35.315910998694505, 49.455238999880862 ], [ 35.363767001346901, 49.447567001316997 ], [ 35.348578999721951, 49.404640000236725 ], [ 35.375863999824617, 49.398377000998721 ], [ 35.280246998900793, 49.318714000151886 ], [ 35.289722999717583, 49.29494899959758 ], [ 35.272396001075492, 49.277460499803169 ], [ 35.241485001032856, 49.29694199887507 ], [ 35.09095100008949, 49.30066899987537 ], [ 35.079068999835386, 49.316809001335287 ], [ 35.024073999816153, 49.324980001326935 ], [ 34.980455000099084, 49.249656000025311 ], [ 35.017262999588638, 49.154242001268244 ], [ 35.015442932746055, 49.14942449044878 ], [ 34.958535956070421, 49.192169013689977 ], [ 34.928143193954156, 49.185222937089804 ], [ 34.919228776587659, 49.15599111609805 ], [ 34.901424769438449, 49.150753217188139 ], [ 34.868305865424247, 49.16462461763291 ], [ 34.897147155817493, 49.180904754151982 ], [ 34.824084090609176, 49.189123182589753 ], [ 34.810847949674042, 49.165990319998173 ], [ 34.803457995590918, 49.179209989850051 ], [ 34.758121153169554, 49.168186772902175 ], [ 34.766402927154274, 49.142866933563027 ], [ 34.590767189555038, 49.117335819193613 ], [ 34.592168028432638, 49.095640801682578 ], [ 34.573312143641431, 49.095504184771244 ], [ 34.573735126275949, 49.06324702643002 ], [ 34.558781409735161, 49.055087036838188 ], [ 34.515799935819246, 49.071506635723608 ], [ 34.465029177355518, 49.064295027994092 ], [ 34.402321140009519, 49.094116473297504 ], [ 34.415870990554652, 49.054767397098601 ], [ 34.360692923640386, 49.033629538373418 ], [ 34.325536005683034, 48.998478215997807 ], [ 34.353241162750351, 48.9836143830982 ], [ 34.311954934273672, 48.939451788170402 ], [ 34.30035997693227, 48.895377630773964 ], [ 34.350087823095464, 48.849834480277991 ], [ 34.325487821806405, 48.84440268663559 ], [ 34.323061003063742, 48.828376774969115 ], [ 34.333217108083943, 48.828182527702438 ], [ 34.346608881195777, 48.823483647353385 ], [ 34.297103131605127, 48.820259067902555 ], [ 34.297867048126648, 48.784509259295817 ], [ 34.343114815397314, 48.784174735776332 ], [ 34.309474802820773, 48.765316049596947 ], [ 34.30234819361516, 48.739607975628473 ], [ 34.136323359636208, 48.777277052594798 ], [ 34.11914698034974, 48.821064407197582 ], [ 33.926433000183692, 48.881076000058272 ], [ 33.824862965754164, 48.934959010850605 ], [ 33.710449021605939, 48.941295966736391 ], [ 33.665569041978586, 48.979202015061844 ], [ 33.638206030185017, 48.974090972721115 ], [ 33.574116039724345, 48.911819038218937 ], [ 33.54836694677806, 48.913528003715328 ], [ 33.53891803084332, 48.930920009851491 ], [ 33.473533565222738, 48.91371930480301 ], [ 33.475746276969971, 48.952020833595498 ], [ 33.422487016163757, 48.948058215615106 ], [ 33.407479980617495, 48.961859789098924 ], [ 33.401551343020969, 48.92698370603415 ], [ 33.35297084922621, 48.954398167142642 ], [ 33.319729805586974, 48.948663795698508 ], [ 33.313925853596174, 48.958216131869904 ], [ 33.328110283763465, 48.960977582950022 ], [ 33.297673068158474, 49.010490776229233 ], [ 33.328124776338257, 49.025021970588398 ], [ 33.320718820617969, 49.06088683216251 ], [ 33.262506706420254, 49.09184982471055 ], [ 33.290740657656102, 49.097563557613 ], [ 33.304424819250869, 49.118458260341356 ], [ 33.240442669194692, 49.1668645266775 ], [ 33.248668345268811, 49.085931023898581 ], [ 33.203671749652415, 49.073628808223816 ], [ 33.184043982144942, 49.097538616714701 ], [ 33.153095814021469, 49.101788150803429 ], [ 33.157603812366915, 49.129982218005864 ], [ 33.112963216979779, 49.17993261759716 ], [ 32.993541747854294, 49.202309838329313 ], [ 32.97617509720385, 49.243594430039821 ], [ 32.926002000292954, 49.233396000226151 ], [ 32.818961998698171, 49.24890899885213 ], [ 32.763090998751466, 49.232578000275396 ], [ 32.713874999032839, 49.257175999673564 ], [ 32.610479000006706, 49.252999001303806 ], [ 32.596166000961034, 49.275765999901921 ], [ 32.46636600019167, 49.328144998893492 ], [ 32.47879000025921, 49.341054998890002 ], [ 32.460264000284269, 49.347039998797811 ], [ 32.509872000992914, 49.407844998748601 ], [ 32.542159998885722, 49.382411000368279 ], [ 32.737669000025221, 49.352862000182085 ], [ 32.73669400092831, 49.373112999666148 ], [ 32.689916001223366, 49.385585000148581 ], [ 32.678679999283418, 49.426176999669735 ], [ 32.651298999250287, 49.435776999010216 ], [ 32.672823999928539, 49.447762999563679 ], [ 32.677452001109828, 49.498913000335619 ], [ 32.709984000362226, 49.499017999781813 ], [ 32.749750823342708, 49.523643001324388 ], [ 32.757225999880859, 49.57536299870435 ], [ 32.695483999887585, 49.603043999981537 ], [ 32.714183999792624, 49.613252001279761 ], [ 32.70784599979396, 49.657112001318751 ], [ 32.572770000336106, 49.702335000360904 ], [ 32.573664001093675, 49.752333001068052 ], [ 32.555111000772968, 49.772743999836621 ], [ 32.515208999796414, 49.77450400006046 ], [ 32.504482999791492, 49.804533000798244 ], [ 32.448512998876708, 49.796089000807683 ], [ 32.373916999670712, 49.874393000137786 ], [ 32.435182000150064, 49.888350999899671 ], [ 32.414396999422877, 49.902844000051459 ], [ 32.428050998655578, 49.960600999737267 ], [ 32.379328000088037, 49.980741001297076 ], [ 32.364681000029009, 50.033714999848314 ], [ 32.345586999940963, 50.035780998894893 ], [ 32.351786999871024, 50.046950000443076 ], [ 32.333525001278645, 50.057544999802815 ], [ 32.313217000065379, 50.038250001237486 ], [ 32.260479999852976, 50.082720999775233 ], [ 32.275985999055479, 50.097311999949738 ], [ 32.249244998858501, 50.112766001250861 ], [ 32.305225001133806, 50.119529000164164 ], [ 32.29799999980105, 50.142641000282879 ], [ 32.176893544702239, 50.164819631821501 ], [ 32.111767472291888, 50.212767271793098 ], [ 32.125962241065452, 50.224760000174797 ], [ 32.08945078132939, 50.24697711999903 ], [ 32.100897700369444, 50.276604043742566 ], [ 32.083863782688297, 50.283214008620519 ], [ 32.140222646858547, 50.304657039691563 ], [ 32.129001579060514, 50.315719045298636 ], [ 32.152428612591279, 50.337348019296599 ], [ 32.143068889618462, 50.348962437067712 ], [ 32.267513999572316, 50.352733000328612 ], [ 32.254504001259534, 50.353108999681524 ], [ 32.251749000117172, 50.374160000084885 ], [ 32.32178100019388, 50.396555999560633 ], [ 32.316548999937311, 50.418015999939371 ], [ 32.337198392792459, 50.428434297805495 ], [ 32.397006999674204, 50.406660998806956 ], [ 32.493568000064045, 50.399597000402196 ], [ 32.486598998845579, 50.368326999992007 ], [ 32.524587998837944, 50.346148000630649 ], [ 32.671734000024969, 50.370026000100722 ], [ 32.670722001020408, 50.357743000240191 ], [ 32.792757998983348, 50.346961001250122 ], [ 32.790066999893043, 50.370929000374019 ], [ 32.916157000446105, 50.408377998846504 ], [ 32.912273000299592, 50.423805999847957 ], [ 32.968101999208784, 50.44747699966473 ], [ 32.969710999663789, 50.474398000068561 ], [ 33.016301999738403, 50.470912000289502 ], [ 33.023754999894209, 50.501800000170817 ], [ 33.059641000932345, 50.518444999737881 ], [ 33.118137999669841, 50.505756000040321 ], [ 33.171790000708882, 50.523753999948042 ], [ 33.220756999736636, 50.503845000047647 ], [ 33.268670999667791, 50.554013998747962 ] ] ] } },
{ "type": "Feature", "properties": { "NAME_LAT": "Odeska", "ID": 15.0, "TYPE": "Області, автономії та ради", "NAME_UA": "Одеська", "NAME_RUS": "Одесская", "KOATUU": "5100000000", "CODETOPO": "81210000", "CODENAME": "Межі областей та автономни", "CODE_PR": null, "LABEL": "Одеська область", "SHAPE_Leng": 21.177126896800001, "SHAPE_Area": 3.9234836399500002, "Tm_observed_anom_1951_1960": -0.1, "Tm_winter_observed_anom_1951_1960": 0.2, "Tm_spring_observed_anom_1951_1960": -1.0, "Tm_summer_observed_anom_1951_1960": 0.9, "Tm_autumn_observed_anom_1951_1960": -0.3, "Tm_observed_anom_1961_1970": 0.1, "Tm_winter_observed_anom_1961_1970": -0.6, "Tm_spring_observed_anom_1961_1970": -0.1, "Tm_summer_observed_anom_1961_1970": 0.3, "Tm_autumn_observed_anom_1961_1970": 0.6, "Tm_observed_anom_1971_1980": -0.1, "Tm_winter_observed_anom_1971_1980": 0.2, "Tm_spring_observed_anom_1971_1980": -0.0, "Tm_summer_observed_anom_1971_1980": -0.3, "Tm_autumn_observed_anom_1971_1980": -0.3, "Tm_observed_anom_1981_1990": 0.1, "Tm_winter_observed_anom_1981_1990": 0.4, "Tm_spring_observed_anom_1981_1990": 0.1, "Tm_summer_observed_anom_1981_1990": -0.0, "Tm_autumn_observed_anom_1981_1990": -0.3, "Tm_observed_anom_1991_2000": 0.4, "Tm_winter_observed_anom_1991_2000": 0.7, "Tm_spring_observed_anom_1991_2000": 0.4, "Tm_summer_observed_anom_1991_2000": 0.9, "Tm_autumn_observed_anom_1991_2000": -0.3, "Tm_observed_anom_2001_2010": 1.2, "Tm_winter_observed_anom_2001_2010": 1.1, "Tm_spring_observed_anom_2001_2010": 1.1, "Tm_summer_observed_anom_2001_2010": 1.8, "Tm_autumn_observed_anom_2001_2010": 0.9, "Tm_observed_anom_2011_2020": 1.9, "Tm_winter_observed_anom_2011_2020": 1.7, "Tm_spring_observed_anom_2011_2020": 1.9, "Tm_summer_observed_anom_2011_2020": 2.4, "Tm_autumn_observed_anom_2011_2020": 1.4, "RR_observed_anom_1951_1960": -9.0, "RR_winter_observed_anom_1951_1960": -21.0, "RR_spring_observed_anom_1951_1960": -9.0, "RR_summer_observed_anom_1951_1960": -13.0, "RR_autumn_observed_anom_1951_1960": 14.0, "RR_observed_anom_1961_1970": 3.0, "RR_winter_observed_anom_1961_1970": 34.0, "RR_spring_observed_anom_1961_1970": 0.0, "RR_summer_observed_anom_1961_1970": -9.0, "RR_autumn_observed_anom_1961_1970": -12.0, "RR_observed_anom_1971_1980": 3.0, "RR_winter_observed_anom_1971_1980": -18.0, "RR_spring_observed_anom_1971_1980": 14.0, "RR_summer_observed_anom_1971_1980": 8.0, "RR_autumn_observed_anom_1971_1980": 11.0, "RR_observed_anom_1981_1990": -7.0, "RR_winter_observed_anom_1981_1990": -16.0, "RR_spring_observed_anom_1981_1990": -14.0, "RR_summer_observed_anom_1981_1990": 0.0, "RR_autumn_observed_anom_1981_1990": 2.0, "RR_observed_anom_1991_2000": -3.0, "RR_winter_observed_anom_1991_2000": -29.0, "RR_spring_observed_anom_1991_2000": -3.0, "RR_summer_observed_anom_1991_2000": 1.0, "RR_autumn_observed_anom_1991_2000": 21.0, "RR_observed_anom_2001_2010": -2.0, "RR_winter_observed_anom_2001_2010": -9.0, "RR_spring_observed_anom_2001_2010": -5.0, "RR_summer_observed_anom_2001_2010": -9.0, "RR_autumn_observed_anom_2001_2010": 23.0, "RR_observed_anom_2011_2020": -9.0, "RR_winter_observed_anom_2011_2020": -9.0, "RR_spring_observed_anom_2011_2020": -10.0, "RR_summer_observed_anom_2011_2020": -15.0, "RR_autumn_observed_anom_2011_2020": 2.0 }, "geometry": { "type": "Polygon", "coordinates": [ [ [ 29.959460998826899, 48.223282999911419 ], [ 29.991065522756571, 48.230298911566422 ], [ 30.010011331658518, 48.208069140079658 ], [ 30.002576096710357, 48.185043583695347 ], [ 30.022424062321477, 48.186274089178767 ], [ 30.067306596023457, 48.144639821271653 ], [ 30.264870001250415, 48.148295999761501 ], [ 30.307003999036226, 48.14228300036109 ], [ 30.315177729369623, 48.116702192153355 ], [ 30.356840645180512, 48.112507483434513 ], [ 30.357002767764413, 48.101714383213107 ], [ 30.3145546646669, 48.10562352930333 ], [ 30.32453157257487, 48.094135942021012 ], [ 30.248800280909109, 48.089139312330303 ], [ 30.233560888425131, 48.070229661570522 ], [ 30.205904992622209, 48.068024165983388 ], [ 30.233746824157492, 48.060031827108048 ], [ 30.256155237874793, 48.028501400120433 ], [ 30.225337995752795, 48.011949000147183 ], [ 30.245430183057408, 47.966930201168793 ], [ 30.307708771643377, 47.929607290345075 ], [ 30.305634887341057, 47.877541007212642 ], [ 30.332055688420155, 47.80700444519988 ], [ 30.422434801225961, 47.821083766203742 ], [ 30.436437525172551, 47.800759018714643 ], [ 30.439768382905413, 47.789284078598257 ], [ 30.416378090277533, 47.787286765272938 ], [ 30.424105103068939, 47.761151653626825 ], [ 30.388696859673246, 47.752435913587476 ], [ 30.420170998993285, 47.634619999614188 ], [ 30.464012717613684, 47.640773620607035 ], [ 30.469303947220283, 47.617679329938028 ], [ 30.664853344107428, 47.634413758988728 ], [ 30.668418994142144, 47.600542063066655 ], [ 30.720034769090205, 47.608441275345513 ], [ 30.70923857610029, 47.638990147178447 ], [ 30.788094669234454, 47.648976900864227 ], [ 30.792286905716992, 47.636004443850936 ], [ 30.771495601641561, 47.62275097028197 ], [ 30.77855957126809, 47.583977040209163 ], [ 30.744513438345393, 47.578980902447597 ], [ 30.772714148839782, 47.545987643615774 ], [ 30.876464380027983, 47.544652730440077 ], [ 30.88288904139705, 47.507107518897783 ], [ 30.853180241575785, 47.502735694997227 ], [ 30.865859818176943, 47.44378405928785 ], [ 30.847817404350621, 47.444041631417065 ], [ 30.850899216426569, 47.420062183024243 ], [ 30.887173905352313, 47.425654488564703 ], [ 30.893367405881975, 47.403307836688214 ], [ 30.873896355133581, 47.40065158470378 ], [ 30.909322788216969, 47.344193681793911 ], [ 30.865717086775021, 47.333505818439676 ], [ 30.873111024854779, 47.318177491998597 ], [ 30.892652977253988, 47.320825416260845 ], [ 30.907900408777721, 47.276772276020665 ], [ 30.992920969627903, 47.288987577615558 ], [ 30.98679509002227, 47.266935386260002 ], [ 31.007897156629383, 47.270346956347851 ], [ 31.019389466251766, 47.238610718610687 ], [ 31.170362473050602, 47.266053424726692 ], [ 31.178026312065526, 47.222207302126208 ], [ 31.14614208998637, 47.217887736031116 ], [ 31.157115273152215, 47.181460744218896 ], [ 31.108565394977859, 47.187166592764981 ], [ 31.109249398641737, 47.154143566373421 ], [ 31.269461924129359, 47.171361104931975 ], [ 31.302511878021619, 47.082412951997071 ], [ 31.291351288731846, 47.024547333993212 ], [ 31.229489500840657, 47.021792565775229 ], [ 31.244506437023347, 46.991575934982336 ], [ 31.085992238052256, 46.982770898559011 ], [ 31.017245004054587, 46.959335000410874 ], [ 31.04102161935316, 46.897778505374617 ], [ 31.11413343321226, 46.869247136646948 ], [ 31.117976735438901, 46.85227741796939 ], [ 31.168592349158473, 46.844637122306267 ], [ 31.152894674750314, 46.794973488636515 ], [ 31.168556208103382, 46.764835693313501 ], [ 31.191783899708071, 46.760968806366236 ], [ 31.157430662695788, 46.74334380837098 ], [ 31.178686075402936, 46.740619733115125 ], [ 31.172589712446154, 46.723801943206013 ], [ 31.199255451079068, 46.7207438219707 ], [ 31.209267505391949, 46.697726817239754 ], [ 31.198811959405305, 46.662597968022737 ], [ 31.17693776816435, 46.655622622087265 ], [ 31.18336398086393, 46.626305769296721 ], [ 30.750369922434857, 46.544120617073759 ], [ 30.728580388874718, 46.510071546065888 ], [ 30.737599555675843, 46.492415825430896 ], [ 30.758987676840718, 46.491689534745149 ], [ 30.77190576983628, 46.447904019255986 ], [ 30.752184670686859, 46.375258765580497 ], [ 30.683248981056522, 46.327212776649219 ], [ 30.560245742447933, 46.158640061690392 ], [ 30.480206921213323, 46.080435440144356 ], [ 30.221346998765853, 45.864462999868465 ], [ 29.731042259793355, 45.589436716831926 ], [ 29.6294054111317, 45.509391747831785 ], [ 29.628765397805751, 45.483240925928897 ], [ 29.604040252256709, 45.480536814723109 ], [ 29.631294884052522, 45.474943783429751 ], [ 29.648667277773541, 45.451757215124303 ], [ 29.652854093142764, 45.474639063442964 ], [ 29.70877921159223, 45.457964304410041 ], [ 29.706099520577311, 45.469474511440467 ], [ 29.745469257800892, 45.489975323703163 ], [ 29.751573786601853, 45.466289586696007 ], [ 29.78177879725456, 45.467178333614129 ], [ 29.772890408066758, 45.434675613589604 ], [ 29.773677049557079, 45.452117956579343 ], [ 29.755087968435873, 45.44405064931891 ], [ 29.766386168387839, 45.322175124583225 ], [ 29.740690067993114, 45.245888119342169 ], [ 29.757391742835523, 45.222612642260572 ], [ 29.734297999853709, 45.22759799984874 ], [ 29.722924998790518, 45.209436999618731 ], [ 29.688836050044529, 45.204172800035622 ], [ 29.660008692847782, 45.247688842666889 ], [ 29.680579011013435, 45.26804485958354 ], [ 29.654590639946946, 45.338482602291151 ], [ 29.550346000168645, 45.40915599975051 ], [ 29.427388000156952, 45.44327000001141 ], [ 29.325768108212515, 45.448348459015108 ], [ 29.293226128284061, 45.4275481284443 ], [ 29.237557870600142, 45.432047179434676 ], [ 29.169494999995152, 45.394926000035809 ], [ 28.963885999839874, 45.329944999962663 ], [ 28.94101800018143, 45.279650999994544 ], [ 28.871278000979828, 45.316838999920833 ], [ 28.790509000390955, 45.334972999805018 ], [ 28.781222999342845, 45.322201999923266 ], [ 28.803732000432376, 45.303223998889337 ], [ 28.751622000355894, 45.281513000425548 ], [ 28.791387000410623, 45.242200999677323 ], [ 28.718866999813088, 45.22431699963073 ], [ 28.559080001142036, 45.249009999812529 ], [ 28.385311998950442, 45.308198999884837 ], [ 28.401810998979272, 45.33756399967973 ], [ 28.334722999767507, 45.358464001213576 ], [ 28.306750000313116, 45.407101001211174 ], [ 28.291081315551139, 45.402430722001156 ], [ 28.280474222108523, 45.448816447322088 ], [ 28.214631592374985, 45.470757499559852 ], [ 28.30586599911743, 45.546775998714281 ], [ 28.415517999756787, 45.514130999646852 ], [ 28.42659299966806, 45.530288000092071 ], [ 28.427687998902911, 45.485512000079666 ], [ 28.515252999926872, 45.499862999978404 ], [ 28.490448999122862, 45.571036998759382 ], [ 28.544152998962602, 45.579959000108659 ], [ 28.515777999855686, 45.665345998719772 ], [ 28.482978999981754, 45.659762001116349 ], [ 28.480679999183508, 45.678857000351172 ], [ 28.518751001158648, 45.737015999689561 ], [ 28.589549999733606, 45.728713999952049 ], [ 28.579621998757091, 45.769110000327146 ], [ 28.709265000380356, 45.779727999848205 ], [ 28.69676299941375, 45.817508000095017 ], [ 28.785980001077064, 45.832055000039134 ], [ 28.757107999735297, 45.956734000274821 ], [ 28.978696000221134, 46.003451999910794 ], [ 29.005906998709918, 46.049577000978729 ], [ 28.950923000097248, 46.093462001271234 ], [ 29.067582001009441, 46.195511001132729 ], [ 28.951064000304257, 46.260126998762871 ], [ 28.985428575069591, 46.318507358129011 ], [ 29.004640205581893, 46.317088546300283 ], [ 28.934105998893585, 46.458592998668848 ], [ 29.026267998769981, 46.462362999853497 ], [ 29.024085999769966, 46.480425000913954 ], [ 28.992914001181077, 46.478413999907104 ], [ 28.992436998969197, 46.489046000073756 ], [ 29.032958999758932, 46.489794001293035 ], [ 29.063068999735435, 46.51189399970923 ], [ 29.164012999900876, 46.514931001265609 ], [ 29.160571001251583, 46.543807000093921 ], [ 29.234609999053077, 46.558145000292427 ], [ 29.255095001234224, 46.485359000018775 ], [ 29.22071000016723, 46.46386899915592 ], [ 29.223061000665552, 46.431905000016627 ], [ 29.242794999690375, 46.41391799971683 ], [ 29.206992999827946, 46.385209999642711 ], [ 29.2409469990057, 46.376100999562368 ], [ 29.266443000245147, 46.393066000396516 ], [ 29.263099999865972, 46.405276999634737 ], [ 29.323597000002451, 46.414710000267235 ], [ 29.309152999412277, 46.464596001205393 ], [ 29.335875999678535, 46.472967999674381 ], [ 29.331846000893108, 46.496130000300184 ], [ 29.350941000127932, 46.504088001261152 ], [ 29.395621000209871, 46.424833000343597 ], [ 29.38654799999108, 46.446469999891519 ], [ 29.447547000794316, 46.498965998882682 ], [ 29.503673999056673, 46.459901998779117 ], [ 29.479346000418445, 46.44063499880707 ], [ 29.565582000409847, 46.415984999708883 ], [ 29.580646999060662, 46.360487999922157 ], [ 29.603087999712272, 46.352948000250933 ], [ 29.677262000142093, 46.361208998997029 ], [ 29.66017799921616, 46.435711000163451 ], [ 29.734388998654254, 46.434417999891707 ], [ 29.726265999976818, 46.466541000067991 ], [ 29.741145999988817, 46.472729000344032 ], [ 29.776018000131501, 46.454177999216199 ], [ 29.786285998800679, 46.419836000132193 ], [ 29.822586000044737, 46.39537399981117 ], [ 29.804953999028726, 46.385359000218614 ], [ 29.890975999043974, 46.352068000139013 ], [ 29.886315999984276, 46.371511000133466 ], [ 29.937868000408798, 46.400290999031313 ], [ 30.021725001308653, 46.3829760000433 ], [ 30.057845999693996, 46.398330000330191 ], [ 30.088548666388704, 46.383715999994308 ], [ 30.16374295757231, 46.41366851429143 ], [ 30.157186351269957, 46.42909564744707 ], [ 30.133340888372175, 46.411108579698123 ], [ 30.095239110697264, 46.440226516841221 ], [ 30.09721680621152, 46.426474082313973 ], [ 30.08250180031871, 46.435015180307232 ], [ 30.077801283203542, 46.423950650303198 ], [ 30.056584258957287, 46.427575017973595 ], [ 30.063873362166817, 46.442978108653733 ], [ 30.022851999321176, 46.441576999979475 ], [ 30.025727999748256, 46.452742999590669 ], [ 29.994146000238629, 46.461334000064994 ], [ 30.02276999913704, 46.468191999761871 ], [ 29.994198999984746, 46.473824999624924 ], [ 30.016952999782006, 46.480849999828536 ], [ 29.990759999675106, 46.47842699870796 ], [ 30.000951001088708, 46.495809999932476 ], [ 29.987883999248027, 46.49366099975623 ], [ 29.986656999321951, 46.510137999669837 ], [ 29.960730999836642, 46.490548000091053 ], [ 29.960872000043651, 46.509820000293701 ], [ 29.935581001063213, 46.494480998899917 ], [ 29.943368000433736, 46.502025998801741 ], [ 29.905806000347525, 46.514481001198135 ], [ 29.912928999674477, 46.521689999095088 ], [ 29.876041000092982, 46.546906000012825 ], [ 29.949100001264924, 46.560234000399703 ], [ 29.934251000883876, 46.582712000059644 ], [ 29.959983998663517, 46.611740999648305 ], [ 29.945577403575214, 46.646622423786766 ], [ 29.974265284016553, 46.693996457271624 ], [ 29.974467000152799, 46.754016000139188 ], [ 29.934938000189447, 46.805907000908292 ], [ 29.978205999907857, 46.816923999044263 ], [ 29.969176999919512, 46.832029000438922 ], [ 29.949449001171331, 46.841721000424741 ], [ 29.905423998919275, 46.819978998732722 ], [ 29.883829000408923, 46.850744000136388 ], [ 29.883529000064186, 46.886258000207476 ], [ 29.750592001220753, 46.860669000075234 ], [ 29.719186999980934, 46.932231999707938 ], [ 29.647765998802697, 46.919864001323504 ], [ 29.639562999134, 46.954642999875432 ], [ 29.572032000177558, 46.93993899988584 ], [ 29.55626599887762, 46.958185000438334 ], [ 29.595507999995107, 46.963787999817271 ], [ 29.602188999623536, 47.041574999587453 ], [ 29.628365000745077, 47.045105999643113 ], [ 29.612039000600305, 47.099903999570813 ], [ 29.548015999739505, 47.093574999087878 ], [ 29.549836000931577, 47.075704998787558 ], [ 29.530263001237415, 47.075293998719985 ], [ 29.494566999068638, 47.130697998714595 ], [ 29.580796998783342, 47.135825998671805 ], [ 29.551125000119555, 47.251731999932758 ], [ 29.59829099973075, 47.257157000995733 ], [ 29.573765000954893, 47.370607999660365 ], [ 29.487096000780696, 47.356560000244713 ], [ 29.486196998893263, 47.306129000254089 ], [ 29.426525999975809, 47.291823999778671 ], [ 29.422730000290187, 47.304396000376016 ], [ 29.397811999624935, 47.300516000414007 ], [ 29.382470000790761, 47.344842000358938 ], [ 29.396841999859305, 47.353892000416408 ], [ 29.389779999748043, 47.379963000293174 ], [ 29.335685999909856, 47.369435001325144 ], [ 29.317246998551013, 47.44773799970983 ], [ 29.245202000073107, 47.414523999583821 ], [ 29.242343001329345, 47.462635998753285 ], [ 29.190135001230203, 47.42462100025989 ], [ 29.191075999658551, 47.46801300030063 ], [ 29.157836001031512, 47.459324000702964 ], [ 29.186314001291009, 47.475853000316647 ], [ 29.188615001282187, 47.514618000121516 ], [ 29.152034998817044, 47.505964001238567 ], [ 29.117089998905215, 47.553823998679491 ], [ 29.184918999912782, 47.572012000154587 ], [ 29.217419998634909, 47.612214998824072 ], [ 29.20882099869101, 47.628612999591155 ], [ 29.233589998780303, 47.642376000253137 ], [ 29.20907999984297, 47.641398001017876 ], [ 29.230577057685935, 47.683689644562378 ], [ 29.202925001088829, 47.719841999609514 ], [ 29.249943000170219, 47.752309000360981 ], [ 29.275384998919435, 47.803984000162416 ], [ 29.218882999551681, 47.797338000349328 ], [ 29.199043001034568, 47.817506999649254 ], [ 29.226190001068574, 47.856158999639035 ], [ 29.279801001116198, 47.890890998721545 ], [ 29.217661999902248, 47.886190999615849 ], [ 29.214939000235574, 47.896479001006014 ], [ 29.201182999896389, 47.88464600031358 ], [ 29.174149998824248, 47.993579000171621 ], [ 29.092779001050928, 47.982237999684855 ], [ 29.083735001270156, 47.976709000121161 ], [ 29.098265999577109, 47.959301999588547 ], [ 29.079117998797472, 47.971652999886942 ], [ 29.086453000706285, 47.94677700025926 ], [ 29.072012999401295, 47.944043000085287 ], [ 29.030907998706027, 47.943168000203968 ], [ 28.961769001139373, 47.979075000411854 ], [ 28.925192998858677, 47.960918000366348 ], [ 28.877700000355617, 48.000203999915584 ], [ 28.882780999944089, 48.010535999737499 ], [ 28.839041000042982, 48.034349998954212 ], [ 28.849628000832467, 48.069921999001963 ], [ 28.832202001222242, 48.073286000349583 ], [ 28.867098999819859, 48.06889300011278 ], [ 28.874952998682829, 48.083472999780042 ], [ 28.924757002134811, 48.0945459986998 ], [ 28.944869998852255, 48.156811000328332 ], [ 29.004645999913862, 48.15045300120596 ], [ 29.031707999625382, 48.126636000052258 ], [ 29.064830000005372, 48.194778000205474 ], [ 29.156703999191109, 48.148780999644316 ], [ 29.141460000379595, 48.140446999330493 ], [ 29.210130998847376, 48.133901998779152 ], [ 29.251394999680372, 48.149658999664041 ], [ 29.25979900142363, 48.131213998927819 ], [ 29.206409999922414, 48.122393999584347 ], [ 29.213838999870802, 48.102922000051194 ], [ 29.25827400214439, 48.112113000315617 ], [ 29.267012999551184, 48.092678999836892 ], [ 29.311589000233027, 48.086006999724191 ], [ 29.37260299992937, 48.090249000192102 ], [ 29.393799998971645, 48.113396000126215 ], [ 29.442502000168076, 48.122365000045647 ], [ 29.568780001296886, 48.098521000344817 ], [ 29.587185001087789, 48.101930000170285 ], [ 29.602498000383264, 48.132906998759893 ], [ 29.664425999061507, 48.107391001094754 ], [ 29.656693001281837, 48.118957000266278 ], [ 29.674078000799966, 48.129595998957086 ], [ 29.676546000398503, 48.161596999802612 ], [ 29.655458000087492, 48.19486299962864 ], [ 29.842503000314082, 48.212942998821234 ], [ 29.890488999968284, 48.184563001282413 ], [ 29.929947001154062, 48.23409000005438 ], [ 29.959460998826899, 48.223282999911419 ] ], [ [ 30.664732738725775, 46.539350285588114 ], [ 30.664606526970545, 46.539276133787439 ], [ 30.664998979420261, 46.539363501125592 ], [ 30.664732738725775, 46.539350285588114 ] ], [ [ 30.67956760266361, 46.520827232691545 ], [ 30.679736251627617, 46.520785659731303 ], [ 30.679672656968421, 46.520854375130227 ], [ 30.67956760266361, 46.520827232691545 ] ] ] } },
{ "type": "Feature", "properties": { "NAME_LAT": "Mykolaivska", "ID": 14.0, "TYPE": "Області, автономії та ради", "NAME_UA": "Миколаївська", "NAME_RUS": "Николаевская", "KOATUU": "4800000000", "CODETOPO": "81210000", "CODENAME": "Межі областей та автономни", "CODE_PR": null, "LABEL": "Миколаївська область", "SHAPE_Leng": 15.6266924865, "SHAPE_Area": 2.8649474426400001, "Tm_observed_anom_1951_1960": -0.1, "Tm_winter_observed_anom_1951_1960": 0.2, "Tm_spring_observed_anom_1951_1960": -1.1, "Tm_summer_observed_anom_1951_1960": 0.9, "Tm_autumn_observed_anom_1951_1960": -0.5, "Tm_observed_anom_1961_1970": 0.1, "Tm_winter_observed_anom_1961_1970": -0.5, "Tm_spring_observed_anom_1961_1970": -0.1, "Tm_summer_observed_anom_1961_1970": 0.3, "Tm_autumn_observed_anom_1961_1970": 0.6, "Tm_observed_anom_1971_1980": -0.1, "Tm_winter_observed_anom_1971_1980": 0.1, "Tm_spring_observed_anom_1971_1980": 0.1, "Tm_summer_observed_anom_1971_1980": -0.3, "Tm_autumn_observed_anom_1971_1980": -0.3, "Tm_observed_anom_1981_1990": 0.0, "Tm_winter_observed_anom_1981_1990": 0.4, "Tm_spring_observed_anom_1981_1990": 0.0, "Tm_summer_observed_anom_1981_1990": -0.0, "Tm_autumn_observed_anom_1981_1990": -0.3, "Tm_observed_anom_1991_2000": 0.4, "Tm_winter_observed_anom_1991_2000": 0.7, "Tm_spring_observed_anom_1991_2000": 0.4, "Tm_summer_observed_anom_1991_2000": 0.8, "Tm_autumn_observed_anom_1991_2000": -0.3, "Tm_observed_anom_2001_2010": 1.2, "Tm_winter_observed_anom_2001_2010": 1.1, "Tm_spring_observed_anom_2001_2010": 1.1, "Tm_summer_observed_anom_2001_2010": 1.7, "Tm_autumn_observed_anom_2001_2010": 1.0, "Tm_observed_anom_2011_2020": 1.9, "Tm_winter_observed_anom_2011_2020": 1.8, "Tm_spring_observed_anom_2011_2020": 1.9, "Tm_summer_observed_anom_2011_2020": 2.3, "Tm_autumn_observed_anom_2011_2020": 1.3, "RR_observed_anom_1951_1960": -6.0, "RR_winter_observed_anom_1951_1960": -16.0, "RR_spring_observed_anom_1951_1960": -4.0, "RR_summer_observed_anom_1951_1960": -13.0, "RR_autumn_observed_anom_1951_1960": 16.0, "RR_observed_anom_1961_1970": 3.0, "RR_winter_observed_anom_1961_1970": 33.0, "RR_spring_observed_anom_1961_1970": -2.0, "RR_summer_observed_anom_1961_1970": -9.0, "RR_autumn_observed_anom_1961_1970": -14.0, "RR_observed_anom_1971_1980": 3.0, "RR_winter_observed_anom_1971_1980": -17.0, "RR_spring_observed_anom_1971_1980": 16.0, "RR_summer_observed_anom_1971_1980": 7.0, "RR_autumn_observed_anom_1971_1980": 7.0, "RR_observed_anom_1981_1990": -5.0, "RR_winter_observed_anom_1981_1990": -17.0, "RR_spring_observed_anom_1981_1990": -14.0, "RR_summer_observed_anom_1981_1990": 2.0, "RR_autumn_observed_anom_1981_1990": 7.0, "RR_observed_anom_1991_2000": -1.0, "RR_winter_observed_anom_1991_2000": -27.0, "RR_spring_observed_anom_1991_2000": 8.0, "RR_summer_observed_anom_1991_2000": 0.0, "RR_autumn_observed_anom_1991_2000": 22.0, "RR_observed_anom_2001_2010": 4.0, "RR_winter_observed_anom_2001_2010": -6.0, "RR_spring_observed_anom_2001_2010": -5.0, "RR_summer_observed_anom_2001_2010": -1.0, "RR_autumn_observed_anom_2001_2010": 33.0, "RR_observed_anom_2011_2020": -9.0, "RR_winter_observed_anom_2011_2020": -8.0, "RR_spring_observed_anom_2011_2020": -2.0, "RR_summer_observed_anom_2011_2020": -16.0, "RR_autumn_observed_anom_2011_2020": -5.0 }, "geometry": { "type": "MultiPolygon", "coordinates": [ [ [ [ 31.053772263080361, 48.232503254222706 ], [ 31.056936762422538, 48.220420783393365 ], [ 31.162205032137422, 48.223254996821538 ], [ 31.192270593014314, 48.193562265187325 ], [ 31.181479956935334, 48.179173876873847 ], [ 31.220690581605936, 48.170655940919858 ], [ 31.236407611223171, 48.117509480279239 ], [ 31.325691980201611, 48.138772532727103 ], [ 31.330390908214724, 48.113807424673837 ], [ 31.388993202275344, 48.13182289031505 ], [ 31.395857028679814, 48.108665444755388 ], [ 31.486425113329176, 48.129637789553271 ], [ 31.498431030268705, 48.087087216802558 ], [ 31.475927902651449, 48.083007325428639 ], [ 31.470038821735102, 48.063401957335373 ], [ 31.488579128125139, 48.065503484099452 ], [ 31.492775591421264, 48.050662232277091 ], [ 31.509591997273731, 48.068590281117508 ], [ 31.551000424730717, 48.069791053215454 ], [ 31.540807634565567, 48.107811742618765 ], [ 31.569254083010435, 48.09756838627294 ], [ 31.583595845073091, 48.105596342797924 ], [ 31.582336179971605, 48.128139242033285 ], [ 31.633661150142871, 48.134864580936608 ], [ 31.641914714193604, 48.115081095816834 ], [ 31.685788448678863, 48.121123768348127 ], [ 31.694651040813767, 48.093241002371258 ], [ 31.767575963860509, 48.10320301480823 ], [ 31.784446992735411, 48.043441958680376 ], [ 31.729103894829791, 48.035300499619268 ], [ 31.752932142904967, 47.942639462342242 ], [ 31.781838632347899, 47.96043999990701 ], [ 31.844159183300576, 47.963910679735022 ], [ 31.854994069621512, 47.916117361627869 ], [ 31.876992140675611, 47.919886215277529 ], [ 31.89266557295872, 47.867626847701786 ], [ 31.855202656578228, 47.864522789096384 ], [ 31.871050632881293, 47.826813364945735 ], [ 31.827585547635806, 47.817007679861433 ], [ 31.837407568905064, 47.782043254593418 ], [ 32.054788111882715, 47.817589384743258 ], [ 32.140794202891016, 47.749217880301842 ], [ 32.153730410930621, 47.760914934977166 ], [ 32.231093418127614, 47.760137568195148 ], [ 32.222029616174723, 47.791438277755219 ], [ 32.239474896350259, 47.793815869407752 ], [ 32.236478000060515, 47.815043000235164 ], [ 32.304113160295003, 47.823543803204871 ], [ 32.3610389813648, 47.78912002606927 ], [ 32.421899956019047, 47.801688630826561 ], [ 32.426685703683177, 47.789497896011994 ], [ 32.657876085813598, 47.819944803610724 ], [ 32.678986374022827, 47.851654548219756 ], [ 32.664371466271064, 47.871076951041402 ], [ 32.685515399916653, 47.873149959404032 ], [ 32.676480197304159, 47.907009194319755 ], [ 32.655391237416552, 47.904762779579528 ], [ 32.651081719446665, 47.921415841568773 ], [ 32.74635989269575, 47.932604961850416 ], [ 32.741750938256075, 47.95200362886527 ], [ 32.696575104158626, 47.946146285023929 ], [ 32.688514782831874, 47.981293713335106 ], [ 32.794395453088555, 47.993874690065809 ], [ 32.8027344050696, 47.975106458597111 ], [ 32.894764192914067, 47.985346088152369 ], [ 32.869976698266896, 48.032269207858576 ], [ 32.991177869064302, 48.049670539964382 ], [ 33.007674941846005, 47.936760092305349 ], [ 32.990013810889536, 47.934648038077398 ], [ 33.012157843710384, 47.910190460622175 ], [ 33.078467905969944, 47.920404997293701 ], [ 33.085987027879924, 47.885169259154907 ], [ 33.069869077796568, 47.882557970574794 ], [ 33.081596215693708, 47.835099391824372 ], [ 33.057206554140066, 47.831990881574825 ], [ 33.068105385855745, 47.783270291391773 ], [ 33.050141150094873, 47.781524557113528 ], [ 33.071972199957941, 47.738757718994464 ], [ 32.972020959600513, 47.722629121837429 ], [ 32.997552037097705, 47.614847444854604 ], [ 32.960492724760343, 47.592308920820983 ], [ 33.095554236139947, 47.597064593357231 ], [ 33.095063775573692, 47.527151090651216 ], [ 33.141473652188211, 47.543200810969552 ], [ 33.147584582363493, 47.51406736142053 ], [ 33.123023692590209, 47.50779827107425 ], [ 33.138060241188043, 47.419400094040043 ], [ 33.071210603687291, 47.411853612954815 ], [ 33.07030210226111, 47.475956806362433 ], [ 33.047028613580551, 47.468400219595367 ], [ 33.054016716399246, 47.444097462229024 ], [ 33.033844102724061, 47.441285147292604 ], [ 33.028733984886401, 47.423841701734091 ], [ 33.038977519297987, 47.380035232041223 ], [ 33.121863478117916, 47.38944230611844 ], [ 33.139442597198979, 47.327345023554926 ], [ 33.101985394211454, 47.321244422992663 ], [ 33.105197963216312, 47.279541606960493 ], [ 33.14019778310211, 47.272007592277475 ], [ 33.180207075896703, 47.238013379914491 ], [ 33.129694864427336, 47.233110135825029 ], [ 33.142125703839042, 47.210557955586125 ], [ 33.130828244029146, 47.203824446342026 ], [ 33.071837003076098, 47.224235026925896 ], [ 33.036975805589861, 47.178726762031374 ], [ 33.004936277787863, 47.196781787950044 ], [ 32.96022748501133, 47.18976747618899 ], [ 32.895710003614681, 47.114202999769532 ], [ 32.916605001320647, 47.085984999808829 ], [ 33.0272015086436, 47.039627786593996 ], [ 33.051970998863396, 47.070604000974754 ], [ 33.073026001249843, 47.063031999827842 ], [ 33.103146463939026, 47.099782004736653 ], [ 33.082087187974253, 47.107748244386869 ], [ 33.104915819810117, 47.1370357666882 ], [ 33.158076055366564, 47.116859317404476 ], [ 33.022511881419064, 46.972602758811206 ], [ 32.95020604897087, 47.003205740153703 ], [ 32.933556843274573, 46.985318944114908 ], [ 32.94891651108901, 46.945320676109247 ], [ 32.97596629440983, 46.948813856974823 ], [ 32.979864503844681, 46.933677849653975 ], [ 32.922063613645719, 46.926648005701793 ], [ 32.926612309011716, 46.909741843012569 ], [ 32.828514603766848, 46.897952532284478 ], [ 32.840298842318589, 46.893399951847243 ], [ 32.831639541932191, 46.881320859770767 ], [ 32.916544904124919, 46.883073479258599 ], [ 32.920207868898899, 46.866130338245455 ], [ 32.946161920936788, 46.868696872963255 ], [ 32.949171224273471, 46.857083721437505 ], [ 32.812806815582974, 46.840262677781254 ], [ 32.767250972954912, 46.81938839505932 ], [ 32.698073139964322, 46.820922604295674 ], [ 32.687802683447956, 46.86204432338775 ], [ 32.585389117314776, 46.855167056615301 ], [ 32.571670401069014, 46.872252761756442 ], [ 32.546809728586993, 46.869514984429884 ], [ 32.549032046892364, 46.883839694447261 ], [ 32.534592348658862, 46.882028765615985 ], [ 32.531086480157796, 46.823113449027346 ], [ 32.469242978181796, 46.816017971652968 ], [ 32.462863414216088, 46.841111414760917 ], [ 32.365426348248263, 46.829682974090872 ], [ 32.373762143608928, 46.799399441831667 ], [ 32.341727500924321, 46.795288999588593 ], [ 32.228396469122629, 46.844831748187573 ], [ 32.249622421838183, 46.822624188156681 ], [ 32.188120333087795, 46.802654360811005 ], [ 32.210809405430609, 46.797666170358411 ], [ 32.218547001443824, 46.771086999566307 ], [ 32.169012753236871, 46.763305487858872 ], [ 32.171686313573389, 46.752703741785183 ], [ 32.056753445316133, 46.744326914856174 ], [ 32.060637475140254, 46.728327236413747 ], [ 32.075190386328131, 46.730213526633861 ], [ 32.086761960397041, 46.683866176283914 ], [ 32.006223844555677, 46.675398980979082 ], [ 31.923491560088337, 46.642590868274851 ], [ 31.906545992704309, 46.60887005520982 ], [ 31.810401641923136, 46.57542134731824 ], [ 31.776879508883098, 46.622837726280977 ], [ 31.652180124613949, 46.649396493254471 ], [ 31.590945760439354, 46.640351366623179 ], [ 31.549820208436756, 46.600389578716999 ], [ 31.415362831030734, 46.636475645635471 ], [ 31.379227178192593, 46.633515428195381 ], [ 31.385690967265191, 46.625339871338895 ], [ 31.357805228129678, 46.618950436414423 ], [ 31.349171981102927, 46.600230968885 ], [ 31.18336398086393, 46.626305769296721 ], [ 31.17693776816435, 46.655622622087265 ], [ 31.198811959405305, 46.662597968022737 ], [ 31.209267505391949, 46.697726817239754 ], [ 31.199255451079068, 46.7207438219707 ], [ 31.172589712446154, 46.723801943206013 ], [ 31.178686075402936, 46.740619733115125 ], [ 31.157430662695788, 46.74334380837098 ], [ 31.191783899708071, 46.760968806366236 ], [ 31.168556208103382, 46.764835693313501 ], [ 31.152894674750314, 46.794973488636515 ], [ 31.168592349158473, 46.844637122306267 ], [ 31.117976735438901, 46.85227741796939 ], [ 31.11413343321226, 46.869247136646948 ], [ 31.04102161935316, 46.897778505374617 ], [ 31.017245004054587, 46.959335000410874 ], [ 31.085992238052256, 46.982770898559011 ], [ 31.244506437023347, 46.991575934982336 ], [ 31.229489500840657, 47.021792565775229 ], [ 31.291351288731846, 47.024547333993212 ], [ 31.302511878021619, 47.082412951997071 ], [ 31.269461924129359, 47.171361104931975 ], [ 31.109249398641737, 47.154143566373421 ], [ 31.108565394977859, 47.187166592764981 ], [ 31.157115273152215, 47.181460744218896 ], [ 31.14614208998637, 47.217887736031116 ], [ 31.178026312065526, 47.222207302126208 ], [ 31.170362473050602, 47.266053424726692 ], [ 31.019389466251766, 47.238610718610687 ], [ 31.007897156629383, 47.270346956347851 ], [ 30.98679509002227, 47.266935386260002 ], [ 30.992920969627903, 47.288987577615558 ], [ 30.907900408777721, 47.276772276020665 ], [ 30.892652977253988, 47.320825416260845 ], [ 30.873111024854779, 47.318177491998597 ], [ 30.865717086775021, 47.333505818439676 ], [ 30.909322788216969, 47.344193681793911 ], [ 30.873896355133581, 47.40065158470378 ], [ 30.893367405881975, 47.403307836688214 ], [ 30.887173905352313, 47.425654488564703 ], [ 30.850899216426569, 47.420062183024243 ], [ 30.847817404350621, 47.444041631417065 ], [ 30.865859818176943, 47.44378405928785 ], [ 30.853180241575785, 47.502735694997227 ], [ 30.88288904139705, 47.507107518897783 ], [ 30.876464380027983, 47.544652730440077 ], [ 30.772714148839782, 47.545987643615774 ], [ 30.744513438345393, 47.578980902447597 ], [ 30.77855957126809, 47.583977040209163 ], [ 30.771495601641561, 47.62275097028197 ], [ 30.792286905716992, 47.636004443850936 ], [ 30.788094669234454, 47.648976900864227 ], [ 30.70923857610029, 47.638990147178447 ], [ 30.720034769090205, 47.608441275345513 ], [ 30.668418994142144, 47.600542063066655 ], [ 30.664853344107428, 47.634413758988728 ], [ 30.469303947220283, 47.617679329938028 ], [ 30.464012717613684, 47.640773620607035 ], [ 30.420170998993285, 47.634619999614188 ], [ 30.388696859673246, 47.752435913587476 ], [ 30.424105103068939, 47.761151653626825 ], [ 30.416378090277533, 47.787286765272938 ], [ 30.439768382905413, 47.789284078598257 ], [ 30.436437525172551, 47.800759018714643 ], [ 30.422434801225961, 47.821083766203742 ], [ 30.332055688420155, 47.80700444519988 ], [ 30.305634887341057, 47.877541007212642 ], [ 30.307708771643377, 47.929607290345075 ], [ 30.245430183057408, 47.966930201168793 ], [ 30.225337995752795, 48.011949000147183 ], [ 30.256155237874793, 48.028501400120433 ], [ 30.233746824157492, 48.060031827108048 ], [ 30.205904992622209, 48.068024165983388 ], [ 30.233560888425131, 48.070229661570522 ], [ 30.248800280909109, 48.089139312330303 ], [ 30.32453157257487, 48.094135942021012 ], [ 30.3145546646669, 48.10562352930333 ], [ 30.32656553687093, 48.097384129574834 ], [ 30.357002767764413, 48.101714383213107 ], [ 30.356840645180512, 48.112507483434513 ], [ 30.315177729369623, 48.116702192153355 ], [ 30.308012015842735, 48.140741598347006 ], [ 30.36489700319504, 48.174306999569296 ], [ 30.414734004571528, 48.16237100132156 ], [ 30.495122063133579, 48.170015460845775 ], [ 30.503663030725193, 48.158033115137073 ], [ 30.526307086603651, 48.180019435649342 ], [ 30.556055668834915, 48.155928923681813 ], [ 30.61812450943944, 48.156550848044105 ], [ 30.656525798227904, 48.171827249428929 ], [ 30.646718883770347, 48.185342887065531 ], [ 30.716631640938374, 48.195647612248422 ], [ 30.785892031692811, 48.191183005292373 ], [ 30.792499380442962, 48.167778374773093 ], [ 30.814701251362521, 48.169506841168698 ], [ 30.823333039688919, 48.19056300008333 ], [ 30.848614907852607, 48.184464977877326 ], [ 30.855757033960856, 48.161117716910042 ], [ 30.900241537617774, 48.159353626569555 ], [ 30.930274645559336, 48.166868707825529 ], [ 30.931921922959248, 48.183992822111975 ], [ 30.989463467565884, 48.184493779565173 ], [ 30.980772651337645, 48.222517584220043 ], [ 31.053772263080361, 48.232503254222706 ] ] ], [ [ [ 31.579852147259658, 46.536817998852484 ], [ 31.753867282250155, 46.546571645565905 ], [ 31.858621950943188, 46.516428698926234 ], [ 31.80699187317731, 46.479018139276604 ], [ 31.7121033662782, 46.47984130043659 ], [ 31.694860885022706, 46.449821467387721 ], [ 31.709659331813612, 46.437082840401672 ], [ 31.691965241603498, 46.443546589904088 ], [ 31.709923603892094, 46.428738323415814 ], [ 31.537195724304127, 46.548906933109379 ], [ 31.52205099355939, 46.563006351263027 ], [ 31.51216568429976, 46.57693558890719 ], [ 31.511016465838111, 46.582091430076332 ], [ 31.533197702712698, 46.555062385121914 ], [ 31.579852147259658, 46.536817998852484 ] ] ] ] } },
{ "type": "Feature", "properties": { "NAME_LAT": "Luhanska", "ID": 12.0, "TYPE": "Області, автономії та ради", "NAME_UA": "Луганська", "NAME_RUS": "Луганская", "KOATUU": "4400000000", "CODETOPO": "81210000", "CODENAME": "Межі областей та автономни", "CODE_PR": null, "LABEL": "Луганська область", "SHAPE_Leng": 13.434238514, "SHAPE_Area": 3.2812375785499999, "Tm_observed_anom_1951_1960": -0.3, "Tm_winter_observed_anom_1951_1960": -0.1, "Tm_spring_observed_anom_1951_1960": -1.2, "Tm_summer_observed_anom_1951_1960": 0.9, "Tm_autumn_observed_anom_1951_1960": -0.7, "Tm_observed_anom_1961_1970": 0.1, "Tm_winter_observed_anom_1961_1970": -0.4, "Tm_spring_observed_anom_1961_1970": -0.0, "Tm_summer_observed_anom_1961_1970": 0.2, "Tm_autumn_observed_anom_1961_1970": 0.5, "Tm_observed_anom_1971_1980": -0.1, "Tm_winter_observed_anom_1971_1980": -0.2, "Tm_spring_observed_anom_1971_1980": 0.1, "Tm_summer_observed_anom_1971_1980": -0.1, "Tm_autumn_observed_anom_1971_1980": -0.2, "Tm_observed_anom_1981_1990": 0.1, "Tm_winter_observed_anom_1981_1990": 0.7, "Tm_spring_observed_anom_1981_1990": -0.1, "Tm_summer_observed_anom_1981_1990": -0.1, "Tm_autumn_observed_anom_1981_1990": -0.3, "Tm_observed_anom_1991_2000": 0.2, "Tm_winter_observed_anom_1991_2000": 0.8, "Tm_spring_observed_anom_1991_2000": 0.1, "Tm_summer_observed_anom_1991_2000": 0.5, "Tm_autumn_observed_anom_1991_2000": -0.5, "Tm_observed_anom_2001_2010": 1.2, "Tm_winter_observed_anom_2001_2010": 1.4, "Tm_spring_observed_anom_2001_2010": 0.8, "Tm_summer_observed_anom_2001_2010": 1.3, "Tm_autumn_observed_anom_2001_2010": 1.3, "Tm_observed_anom_2011_2020": 1.7, "Tm_winter_observed_anom_2011_2020": 2.0, "Tm_spring_observed_anom_2011_2020": 1.6, "Tm_summer_observed_anom_2011_2020": 1.9, "Tm_autumn_observed_anom_2011_2020": 1.1, "RR_observed_anom_1951_1960": -8.0, "RR_winter_observed_anom_1951_1960": -6.0, "RR_spring_observed_anom_1951_1960": -12.0, "RR_summer_observed_anom_1951_1960": -5.0, "RR_autumn_observed_anom_1951_1960": -9.0, "RR_observed_anom_1961_1970": 0.0, "RR_winter_observed_anom_1961_1970": 16.0, "RR_spring_observed_anom_1961_1970": 4.0, "RR_summer_observed_anom_1961_1970": -11.0, "RR_autumn_observed_anom_1961_1970": -11.0, "RR_observed_anom_1971_1980": 2.0, "RR_winter_observed_anom_1971_1980": -13.0, "RR_spring_observed_anom_1971_1980": 4.0, "RR_summer_observed_anom_1971_1980": 11.0, "RR_autumn_observed_anom_1971_1980": 10.0, "RR_observed_anom_1981_1990": -2.0, "RR_winter_observed_anom_1981_1990": -3.0, "RR_spring_observed_anom_1981_1990": -9.0, "RR_summer_observed_anom_1981_1990": 0.0, "RR_autumn_observed_anom_1981_1990": 1.0, "RR_observed_anom_1991_2000": 2.0, "RR_winter_observed_anom_1991_2000": -11.0, "RR_spring_observed_anom_1991_2000": 10.0, "RR_summer_observed_anom_1991_2000": 3.0, "RR_autumn_observed_anom_1991_2000": 13.0, "RR_observed_anom_2001_2010": 3.0, "RR_winter_observed_anom_2001_2010": -1.0, "RR_spring_observed_anom_2001_2010": -1.0, "RR_summer_observed_anom_2001_2010": -2.0, "RR_autumn_observed_anom_2001_2010": 20.0, "RR_observed_anom_2011_2020": -4.0, "RR_winter_observed_anom_2011_2020": -3.0, "RR_spring_observed_anom_2011_2020": 15.0, "RR_summer_observed_anom_2011_2020": -11.0, "RR_autumn_observed_anom_2011_2020": -16.0 }, "geometry": { "type": "Polygon", "coordinates": [ [ [ 38.333853281404686, 50.077585342990119 ], [ 38.354118411936042, 50.005675607943886 ], [ 38.418540824200591, 49.982042458793387 ], [ 38.435837710842577, 50.001625189152094 ], [ 38.471984535059164, 49.99524108361004 ], [ 38.491161059636113, 49.96343452698278 ], [ 38.527729371813962, 49.95723396677505 ], [ 38.587253581588413, 49.978024137704722 ], [ 38.646928013218144, 49.95601374144195 ], [ 38.678124458977493, 49.973809423566991 ], [ 38.682242880905108, 50.0081709478319 ], [ 38.693934466803114, 50.003741114961429 ], [ 38.720104382212355, 49.983611088681698 ], [ 38.689843948140606, 49.962351512113514 ], [ 38.693398177684628, 49.934936175964651 ], [ 38.790413262862671, 49.878242413257681 ], [ 38.920044378146429, 49.859580446581276 ], [ 38.912646489344922, 49.821074388573095 ], [ 38.934215361650502, 49.79762126121318 ], [ 39.030858337043526, 49.822835378051195 ], [ 39.069534741935684, 49.818150700695185 ], [ 39.177740542792719, 49.888385898091656 ], [ 39.22493597631518, 49.840832250209075 ], [ 39.246985851916406, 49.784484704006786 ], [ 39.284992600928717, 49.757565389831825 ], [ 39.374003695614988, 49.739863083415514 ], [ 39.448698425992461, 49.761139486299157 ], [ 39.614612006639675, 49.736074282802804 ], [ 39.592998824736867, 49.717002185703222 ], [ 39.643207852261469, 49.632724651022727 ], [ 39.753013083887595, 49.597406141980798 ], [ 39.806393887169065, 49.561222974361726 ], [ 39.891664583654517, 49.560970819748434 ], [ 39.949364581611064, 49.595707891007294 ], [ 40.135376589059263, 49.614745462234225 ], [ 40.17031020984922, 49.569390329401131 ], [ 40.045852707237543, 49.522748775736318 ], [ 40.029088525016334, 49.453562898310054 ], [ 40.113411585177403, 49.385780332896957 ], [ 40.195260072595204, 49.346470947377213 ], [ 40.185320939810424, 49.28798512181686 ], [ 40.229697921422826, 49.264872696318776 ], [ 40.223532281890186, 49.253862890061271 ], [ 40.135505997005055, 49.238782959966557 ], [ 40.078383540968559, 49.18715837975634 ], [ 40.034402463403865, 49.180402638371959 ], [ 39.940893172982442, 49.083626858293769 ], [ 39.939490368186853, 49.056932371033042 ], [ 39.807076165933211, 49.061187102303847 ], [ 39.773305370347487, 49.041426157791875 ], [ 39.691461352560282, 49.051232743996877 ], [ 39.672820422825168, 49.041051519113239 ], [ 39.68584803256158, 49.036673381072603 ], [ 39.665455605692557, 49.001232096584886 ], [ 39.677588730836135, 48.991019899050002 ], [ 39.70295279163895, 49.001008470265617 ], [ 39.727245910071588, 48.976031801427439 ], [ 39.751452610850208, 48.9877029799095 ], [ 39.79125258014335, 48.938082510100685 ], [ 39.776708930173868, 48.924229937862265 ], [ 39.808890395276421, 48.914322176128451 ], [ 39.829244777225597, 48.887969058026499 ], [ 39.846140371082186, 48.903331413015223 ], [ 39.852295861765526, 48.890798552711942 ], [ 39.923522445705203, 48.896169312065012 ], [ 39.995601856741189, 48.869089940149536 ], [ 40.03037669772732, 48.917702601794531 ], [ 40.057480568973972, 48.91177661360075 ], [ 40.077889406671659, 48.873270794812242 ], [ 39.977844795102101, 48.792846826320897 ], [ 39.801455500272027, 48.84107167242064 ], [ 39.770419963011761, 48.767921804648495 ], [ 39.744624080138067, 48.773512843044216 ], [ 39.73949663865983, 48.744123468923874 ], [ 39.706289878076291, 48.720576037754881 ], [ 39.723453254964625, 48.685604445789465 ], [ 39.704594506732008, 48.671071628154039 ], [ 39.712029308206922, 48.657426505229978 ], [ 39.66111271568019, 48.610614662237765 ], [ 39.69106927063126, 48.587749040386825 ], [ 39.788950893070137, 48.594638682729965 ], [ 39.854312360328095, 48.566062801158239 ], [ 39.867013532349517, 48.507811048442079 ], [ 39.848077901974477, 48.500621341902331 ], [ 39.848423646335107, 48.474900049698476 ], [ 39.899298131704313, 48.44872717731829 ], [ 39.919939935180764, 48.398872561820212 ], [ 39.908197820873625, 48.393616771797497 ], [ 39.926036329613851, 48.37726453573066 ], [ 39.943643662226123, 48.387123385137045 ], [ 39.948126514627859, 48.352842102881652 ], [ 39.847655779091838, 48.33406107406023 ], [ 39.841972238229118, 48.310550380196787 ], [ 39.886905837235474, 48.310530604104997 ], [ 39.919338185309925, 48.272662692430231 ], [ 39.989379682227479, 48.317731250897452 ], [ 40.020017088718589, 48.254710173036983 ], [ 40.010035923420048, 48.22669633896578 ], [ 39.941476463368986, 48.229998074852176 ], [ 39.938872990796767, 48.182756257895903 ], [ 39.91710906633125, 48.182811835998336 ], [ 39.899772392782609, 48.138425264914986 ], [ 39.871272712566508, 48.117129995154073 ], [ 39.872950822323503, 48.083433929633088 ], [ 39.836305867222904, 48.070011629034354 ], [ 39.885804101179247, 48.046362230033822 ], [ 39.779105650406336, 48.0410350149549 ], [ 39.814728356029718, 48.000926345275559 ], [ 39.82465565193769, 47.95546089260705 ], [ 39.805994856178586, 47.950537071129872 ], [ 39.793620826041206, 47.91952360143398 ], [ 39.793748385880178, 47.869502030395324 ], [ 39.762499535725908, 47.870885059998443 ], [ 39.76328825285151, 47.846526381887941 ], [ 39.73808632632381, 47.827729176960872 ], [ 39.635356477620235, 47.840715359427236 ], [ 39.57043222476824, 47.839351060903653 ], [ 39.550108795685276, 47.824281953250477 ], [ 39.47294240366989, 47.862941700899682 ], [ 39.416471022620499, 47.831826631194986 ], [ 39.388990082727048, 47.873256133364805 ], [ 39.244144490676604, 47.867356749815087 ], [ 39.238828821993422, 47.855485376849572 ], [ 39.151972553291614, 47.844484672630472 ], [ 39.088780526001358, 47.852801806159334 ], [ 39.065203985576375, 47.895508999441688 ], [ 39.092102986764303, 47.941107997836752 ], [ 39.038413987616309, 47.956106998839857 ], [ 39.038470967761839, 48.006290510799374 ], [ 38.83925922213632, 48.01299918526513 ], [ 38.812758302254736, 48.04813452219139 ], [ 38.831435066376116, 48.079966720288837 ], [ 38.817427277447791, 48.065351065200446 ], [ 38.7992198254355, 48.0745633740014 ], [ 38.816335535557414, 48.084461724330026 ], [ 38.806477852571732, 48.088418319550726 ], [ 38.819579063723722, 48.115768507011921 ], [ 38.68991420227951, 48.145681255086799 ], [ 38.692645151953116, 48.15883478519811 ], [ 38.602909147040407, 48.171623381214999 ], [ 38.613774005966491, 48.203531870600273 ], [ 38.575601501109304, 48.266875132382381 ], [ 38.460431460944051, 48.27596376731492 ], [ 38.424455572667455, 48.262988569168044 ], [ 38.426616391734001, 48.30701670735607 ], [ 38.441594666961237, 48.316666085772169 ], [ 38.433294776133891, 48.339776244978623 ], [ 38.488288536887353, 48.363276235111073 ], [ 38.446249039862209, 48.376887477875698 ], [ 38.432622996055329, 48.446389000253077 ], [ 38.381769274233534, 48.429434636600092 ], [ 38.370369648741189, 48.442779650361501 ], [ 38.341079057953039, 48.437633599212177 ], [ 38.289201492156053, 48.476093011184446 ], [ 38.30856017801068, 48.473192908926535 ], [ 38.29743134558106, 48.493012232929118 ], [ 38.319968248137059, 48.508291869175366 ], [ 38.280385998415966, 48.53751399997202 ], [ 38.262397997170751, 48.642446000583391 ], [ 38.246871232622198, 48.641166520719253 ], [ 38.247021912232356, 48.656552628601844 ], [ 38.315653714648136, 48.688820568915048 ], [ 38.30433734299487, 48.71162821327232 ], [ 38.325084920233792, 48.714177076311955 ], [ 38.320993257633631, 48.734236233316437 ], [ 38.262801781977544, 48.749600440009203 ], [ 38.283204061818878, 48.773448025307061 ], [ 38.278992647293762, 48.803517390316244 ], [ 38.316822551820223, 48.805782456995701 ], [ 38.313668407272075, 48.828497086272421 ], [ 38.222587664989646, 48.839336876596519 ], [ 38.223983345355975, 48.934843694381925 ], [ 38.132435842341124, 48.923775294595089 ], [ 38.054325183761136, 48.93970684219795 ], [ 38.036703338788925, 48.923872705561848 ], [ 38.005516753196503, 48.946476795568572 ], [ 38.028349392411428, 48.973584288385098 ], [ 38.053544424736288, 48.965207861654392 ], [ 38.052501497147261, 48.985906602108912 ], [ 38.098578296352173, 48.99305838513726 ], [ 38.053642217015579, 49.057918869760954 ], [ 38.082513519584154, 49.146376952435332 ], [ 38.042134785293001, 49.150442639017513 ], [ 38.03996064726698, 49.127135700053429 ], [ 37.97940662471683, 49.129854076305492 ], [ 37.892212660586722, 49.160466335054252 ], [ 37.89235145205879, 49.175180321115874 ], [ 37.936080998240357, 49.191501003569385 ], [ 37.889929340367644, 49.211679785694457 ], [ 37.866018998578795, 49.24633199962301 ], [ 37.911773999671254, 49.259531000356276 ], [ 37.899653000086801, 49.270092999992869 ], [ 37.91282499957498, 49.276935998998056 ], [ 37.958658998914586, 49.284562999983393 ], [ 37.947440999603373, 49.303390001248488 ], [ 37.883493000402552, 49.313232000057667 ], [ 37.896870000351157, 49.403479999803096 ], [ 37.877762999663616, 49.418476999814629 ], [ 37.876748998768164, 49.446987999797273 ], [ 37.844304000829879, 49.445390999895665 ], [ 37.851291001079744, 49.487498000033611 ], [ 37.839306999719156, 49.493172999135538 ], [ 37.847574998788048, 49.521025000204531 ], [ 37.886460999676274, 49.519080001341933 ], [ 37.927843000554901, 49.542837999774804 ], [ 37.885755000393829, 49.549921999101912 ], [ 37.900216000868625, 49.572646000213638 ], [ 37.951632998664877, 49.568998000158501 ], [ 37.933814999863273, 49.594033999970065 ], [ 37.94474500028241, 49.611266999673205 ], [ 37.99582300133136, 49.627317999726813 ], [ 37.983656999671723, 49.647909999647709 ], [ 38.046692999982838, 49.657669000025237 ], [ 38.010735001020407, 49.678173000384561 ], [ 38.013718000086556, 49.695874000085951 ], [ 37.999513999772148, 49.70023699983858 ], [ 38.017176001272333, 49.713587001240057 ], [ 37.97463099982167, 49.708513001075062 ], [ 37.95086500012053, 49.731022000365954 ], [ 37.976246999700152, 49.767752999901973 ], [ 37.998274999292676, 49.753180999704284 ], [ 38.053201998874044, 49.783383000326126 ], [ 38.009987999847226, 49.812982000120144 ], [ 38.017641001132176, 49.837192998758781 ], [ 38.093678000240402, 49.846212000084677 ], [ 38.034662938944393, 49.898917539313913 ], [ 38.050406120846674, 49.914994509989583 ], [ 38.119841787669259, 49.940659834684539 ], [ 38.128376076895336, 49.920090295331761 ], [ 38.21779886232855, 49.978688266351355 ], [ 38.177982221403283, 50.080638708610422 ], [ 38.333853281404686, 50.077585342990119 ] ] ] } },
{ "type": "Feature", "properties": { "NAME_LAT": "Kirovohradska", "ID": 11.0, "TYPE": "Області, автономії та ради", "NAME_UA": "Кіровоградська", "NAME_RUS": "Кировоградская", "KOATUU": "3500000000", "CODETOPO": "81210000", "CODENAME": "Межі областей та автономни", "CODE_PR": null, "LABEL": "Кіровоградська область", "SHAPE_Leng": 15.823766104800001, "SHAPE_Area": 2.9882453652000001, "Tm_observed_anom_1951_1960": -0.2, "Tm_winter_observed_anom_1951_1960": 0.2, "Tm_spring_observed_anom_1951_1960": -1.1, "Tm_summer_observed_anom_1951_1960": 0.9, "Tm_autumn_observed_anom_1951_1960": -0.6, "Tm_observed_anom_1961_1970": -0.0, "Tm_winter_observed_anom_1961_1970": -0.7, "Tm_spring_observed_anom_1961_1970": -0.2, "Tm_summer_observed_anom_1961_1970": 0.3, "Tm_autumn_observed_anom_1961_1970": 0.6, "Tm_observed_anom_1971_1980": -0.1, "Tm_winter_observed_anom_1971_1980": 0.1, "Tm_spring_observed_anom_1971_1980": 0.0, "Tm_summer_observed_anom_1971_1980": -0.3, "Tm_autumn_observed_anom_1971_1980": -0.3, "Tm_observed_anom_1981_1990": 0.1, "Tm_winter_observed_anom_1981_1990": 0.5, "Tm_spring_observed_anom_1981_1990": 0.1, "Tm_summer_observed_anom_1981_1990": -0.0, "Tm_autumn_observed_anom_1981_1990": -0.2, "Tm_observed_anom_1991_2000": 0.4, "Tm_winter_observed_anom_1991_2000": 0.9, "Tm_spring_observed_anom_1991_2000": 0.4, "Tm_summer_observed_anom_1991_2000": 0.8, "Tm_autumn_observed_anom_1991_2000": -0.4, "Tm_observed_anom_2001_2010": 1.3, "Tm_winter_observed_anom_2001_2010": 1.3, "Tm_spring_observed_anom_2001_2010": 1.1, "Tm_summer_observed_anom_2001_2010": 1.6, "Tm_autumn_observed_anom_2001_2010": 1.0, "Tm_observed_anom_2011_2020": 1.9, "Tm_winter_observed_anom_2011_2020": 2.0, "Tm_spring_observed_anom_2011_2020": 2.1, "Tm_summer_observed_anom_2011_2020": 2.3, "Tm_autumn_observed_anom_2011_2020": 1.4, "RR_observed_anom_1951_1960": -8.0, "RR_winter_observed_anom_1951_1960": -17.0, "RR_spring_observed_anom_1951_1960": -4.0, "RR_summer_observed_anom_1951_1960": -20.0, "RR_autumn_observed_anom_1951_1960": 18.0, "RR_observed_anom_1961_1970": 3.0, "RR_winter_observed_anom_1961_1970": 30.0, "RR_spring_observed_anom_1961_1970": 2.0, "RR_summer_observed_anom_1961_1970": -9.0, "RR_autumn_observed_anom_1961_1970": -9.0, "RR_observed_anom_1971_1980": 1.0, "RR_winter_observed_anom_1971_1980": -17.0, "RR_spring_observed_anom_1971_1980": 12.0, "RR_summer_observed_anom_1971_1980": 4.0, "RR_autumn_observed_anom_1971_1980": 5.0, "RR_observed_anom_1981_1990": -4.0, "RR_winter_observed_anom_1981_1990": -13.0, "RR_spring_observed_anom_1981_1990": -14.0, "RR_summer_observed_anom_1981_1990": 5.0, "RR_autumn_observed_anom_1981_1990": 5.0, "RR_observed_anom_1991_2000": -1.0, "RR_winter_observed_anom_1991_2000": -30.0, "RR_spring_observed_anom_1991_2000": 14.0, "RR_summer_observed_anom_1991_2000": -3.0, "RR_autumn_observed_anom_1991_2000": 23.0, "RR_observed_anom_2001_2010": 2.0, "RR_winter_observed_anom_2001_2010": -9.0, "RR_spring_observed_anom_2001_2010": -7.0, "RR_summer_observed_anom_2001_2010": -3.0, "RR_autumn_observed_anom_2001_2010": 37.0, "RR_observed_anom_2011_2020": -10.0, "RR_winter_observed_anom_2011_2020": -9.0, "RR_spring_observed_anom_2011_2020": 3.0, "RR_summer_observed_anom_2011_2020": -23.0, "RR_autumn_observed_anom_2011_2020": -3.0 }, "geometry": { "type": "Polygon", "coordinates": [ [ [ 32.888787081859221, 49.235870441668453 ], [ 32.97343499962642, 49.244483999837655 ], [ 32.993541747854294, 49.202309838329313 ], [ 33.109243142557887, 49.182381564158788 ], [ 33.157603812366915, 49.129982218005864 ], [ 33.153095814021469, 49.101788150803429 ], [ 33.184043982144942, 49.097538616714701 ], [ 33.203671749652415, 49.073628808223816 ], [ 33.24492696500829, 49.079573755025706 ], [ 33.236678697964408, 49.165163967144281 ], [ 33.258914192736711, 49.155202895398247 ], [ 33.268488641438523, 49.134089126812682 ], [ 33.304424819250869, 49.118458260341356 ], [ 33.290740657656102, 49.097563557613 ], [ 33.262506706420254, 49.09184982471055 ], [ 33.320718820617969, 49.06088683216251 ], [ 33.328124776338257, 49.025021970588398 ], [ 33.297673068158474, 49.010490776229233 ], [ 33.328110283763465, 48.960977582950022 ], [ 33.313925853596174, 48.958216131869904 ], [ 33.319729805586974, 48.948663795698508 ], [ 33.35297084922621, 48.954398167142642 ], [ 33.401551343020969, 48.92698370603415 ], [ 33.407479980617495, 48.961859789098924 ], [ 33.422487016163757, 48.948058215615106 ], [ 33.475746276969971, 48.952020833595498 ], [ 33.473533565222738, 48.91371930480301 ], [ 33.53891803084332, 48.930920009851491 ], [ 33.54836694677806, 48.913528003715328 ], [ 33.574116039724345, 48.911819038218937 ], [ 33.638206030185017, 48.974090972721115 ], [ 33.665569041978586, 48.979202015061844 ], [ 33.710449021605939, 48.941295966736391 ], [ 33.836556025640959, 48.9311560342245 ], [ 33.893433053993135, 48.903152044132469 ], [ 33.891289012678669, 48.888770976300464 ], [ 33.850120946125628, 48.801880032438476 ], [ 33.851173051296144, 48.770700039775932 ], [ 33.819072177140129, 48.775902518887051 ], [ 33.81091689459987, 48.802679010828626 ], [ 33.725252992932155, 48.786921528806431 ], [ 33.71505313319642, 48.815106674734182 ], [ 33.673944840083209, 48.815111064325095 ], [ 33.657294817802494, 48.79276837306287 ], [ 33.583515937211644, 48.796816119968867 ], [ 33.585345918180451, 48.754323607449464 ], [ 33.607213930179626, 48.751372902138655 ], [ 33.618788944155312, 48.727426803305264 ], [ 33.682006184838428, 48.72349290427502 ], [ 33.750767131698638, 48.681071556008419 ], [ 33.805700001155003, 48.687142784712648 ], [ 33.80221583779155, 48.662877010166824 ], [ 33.756257964934036, 48.657614251297559 ], [ 33.763180877696243, 48.627300934391542 ], [ 33.742844085586967, 48.615262916151551 ], [ 33.658616080168827, 48.58608623888972 ], [ 33.650701037124065, 48.599926672079164 ], [ 33.609249195794632, 48.599428952185292 ], [ 33.622523900558463, 48.565883770420612 ], [ 33.509917143162511, 48.568254277214066 ], [ 33.472531136803411, 48.54498777806441 ], [ 33.49733191893381, 48.393569485444345 ], [ 33.471621308877218, 48.385126209407929 ], [ 33.460598720555424, 48.352816929958294 ], [ 33.478773117985895, 48.349321659967529 ], [ 33.473914723986184, 48.329092796396367 ], [ 33.517765711019649, 48.32923658630034 ], [ 33.509160100159363, 48.292752992957162 ], [ 33.547060035792924, 48.235996481853078 ], [ 33.520064212694137, 48.222068566212272 ], [ 33.500968824052904, 48.231703048257998 ], [ 33.49605401917853, 48.201622415642873 ], [ 33.430368015372494, 48.188178850574388 ], [ 33.431080880978755, 48.170385798966379 ], [ 33.290612997992355, 48.149840582677655 ], [ 33.316776023695411, 48.124202300596608 ], [ 33.293062009305174, 48.102596594757983 ], [ 33.277691994790644, 48.10382248402135 ], [ 33.272253968846485, 48.153574434713335 ], [ 33.247745934028501, 48.151546754879746 ], [ 33.242793979959117, 48.17231451110672 ], [ 33.213256025246267, 48.169933723263625 ], [ 33.231446975598317, 48.126286742939726 ], [ 33.18122992791973, 48.118396151562081 ], [ 33.184254034097307, 48.104117362727038 ], [ 33.23556904967279, 48.113313712159027 ], [ 33.225225974699867, 48.092505015195229 ], [ 33.141085926575158, 48.076593940658768 ], [ 33.154059913335232, 48.042113919023052 ], [ 33.143387042578865, 48.063913573553521 ], [ 33.108215929722292, 48.065131636017099 ], [ 33.109734949409301, 48.042523803031997 ], [ 33.036315029615821, 48.033880533061051 ], [ 33.024326065796174, 47.983818220035744 ], [ 33.004751545348427, 47.988684063119933 ], [ 32.991177869064302, 48.049670539964382 ], [ 32.869976698266896, 48.032269207858576 ], [ 32.894764192914067, 47.985346088152369 ], [ 32.8027344050696, 47.975106458597111 ], [ 32.794395453088555, 47.993874690065809 ], [ 32.688514782831874, 47.981293713335106 ], [ 32.696575104158626, 47.946146285023929 ], [ 32.741750938256075, 47.95200362886527 ], [ 32.74635989269575, 47.932604961850416 ], [ 32.651081719446665, 47.921415841568773 ], [ 32.655391237416552, 47.904762779579528 ], [ 32.676480197304159, 47.907009194319755 ], [ 32.685515399916653, 47.873149959404032 ], [ 32.664371466271064, 47.871076951041402 ], [ 32.678986374022827, 47.851654548219756 ], [ 32.657876085813598, 47.819944803610724 ], [ 32.426685703683177, 47.789497896011994 ], [ 32.421899956019047, 47.801688630826561 ], [ 32.3610389813648, 47.78912002606927 ], [ 32.304113160295003, 47.823543803204871 ], [ 32.236478000060515, 47.815043000235164 ], [ 32.239474896350259, 47.793815869407752 ], [ 32.222029616174723, 47.791438277755219 ], [ 32.231093418127614, 47.760137568195148 ], [ 32.153730410930621, 47.760914934977166 ], [ 32.140794202891016, 47.749217880301842 ], [ 32.054788111882715, 47.817589384743258 ], [ 31.837407568905064, 47.782043254593418 ], [ 31.827585547635806, 47.817007679861433 ], [ 31.871050632881293, 47.826813364945735 ], [ 31.855202656578228, 47.864522789096384 ], [ 31.89266557295872, 47.867626847701786 ], [ 31.876992140675611, 47.919886215277529 ], [ 31.854994069621512, 47.916117361627869 ], [ 31.844159183300576, 47.963910679735022 ], [ 31.781838632347899, 47.96043999990701 ], [ 31.752932142904967, 47.942639462342242 ], [ 31.729103894829791, 48.035300499619268 ], [ 31.784446992735411, 48.043441958680376 ], [ 31.767575963860509, 48.10320301480823 ], [ 31.694651040813767, 48.093241002371258 ], [ 31.685788448678863, 48.121123768348127 ], [ 31.641914714193604, 48.115081095816834 ], [ 31.633661150142871, 48.134864580936608 ], [ 31.582336179971605, 48.128139242033285 ], [ 31.583595845073091, 48.105596342797924 ], [ 31.569254083010435, 48.09756838627294 ], [ 31.540807634565567, 48.107811742618765 ], [ 31.551000424730717, 48.069791053215454 ], [ 31.509591997273731, 48.068590281117508 ], [ 31.492775591421264, 48.050662232277091 ], [ 31.488579128125139, 48.065503484099452 ], [ 31.470038821735102, 48.063401957335373 ], [ 31.475927902651449, 48.083007325428639 ], [ 31.498431030268705, 48.087087216802558 ], [ 31.486425113329176, 48.129637789553271 ], [ 31.395857028679814, 48.108665444755388 ], [ 31.388993202275344, 48.13182289031505 ], [ 31.330390908214724, 48.113807424673837 ], [ 31.325691980201611, 48.138772532727103 ], [ 31.236407611223171, 48.117509480279239 ], [ 31.220690581605936, 48.170655940919858 ], [ 31.181479956935334, 48.179173876873847 ], [ 31.192270593014314, 48.193562265187325 ], [ 31.162205032137422, 48.223254996821538 ], [ 31.056936762422538, 48.220420783393365 ], [ 31.053772263080361, 48.232503254222706 ], [ 30.980772651337645, 48.222517584220043 ], [ 30.989463467565884, 48.184493779565173 ], [ 30.931921922959248, 48.183992822111975 ], [ 30.930274645559336, 48.166868707825529 ], [ 30.900241537617774, 48.159353626569555 ], [ 30.855757033960856, 48.161117716910042 ], [ 30.848614907852607, 48.184464977877326 ], [ 30.823333039688919, 48.19056300008333 ], [ 30.814701251362521, 48.169506841168698 ], [ 30.792499380442962, 48.167778374773093 ], [ 30.785892031692811, 48.191183005292373 ], [ 30.716631640938374, 48.195647612248422 ], [ 30.646718883770347, 48.185342887065531 ], [ 30.656525798227904, 48.171827249428929 ], [ 30.61812450943944, 48.156550848044105 ], [ 30.556055668834915, 48.155928923681813 ], [ 30.526307086603651, 48.180019435649342 ], [ 30.503663030725193, 48.158033115137073 ], [ 30.495122063133579, 48.170015460845775 ], [ 30.414734004571528, 48.16237100132156 ], [ 30.36489700319504, 48.174306999569296 ], [ 30.314852133420118, 48.138645686050495 ], [ 30.188936013187345, 48.154128975572689 ], [ 30.105982503590553, 48.139472427411533 ], [ 30.048782320948249, 48.150387599808823 ], [ 30.032746999675169, 48.179231000011555 ], [ 30.003827273111028, 48.184040585105834 ], [ 30.010011331658518, 48.208069140079658 ], [ 29.991065522756571, 48.230298911566422 ], [ 29.974190999116217, 48.217667999979142 ], [ 29.929947001154062, 48.23409000005438 ], [ 29.890488999968284, 48.184563001282413 ], [ 29.842503000314082, 48.212942998821234 ], [ 29.786265999677028, 48.204048999662518 ], [ 29.771567000817299, 48.224938999835899 ], [ 29.782821999136843, 48.242230001314454 ], [ 29.773238998781665, 48.272606000067753 ], [ 29.749547000694406, 48.289875999678543 ], [ 29.811687697130424, 48.348648738649274 ], [ 29.786526301248671, 48.369669684609164 ], [ 29.873110275020053, 48.417002363669042 ], [ 29.864450432342437, 48.425924982852621 ], [ 29.935185071834496, 48.442786977138212 ], [ 29.969034999666405, 48.472156998747437 ], [ 30.050360727366581, 48.481733397179482 ], [ 30.117869049018282, 48.452923004793774 ], [ 30.16620199992326, 48.50360099908778 ], [ 30.222967997975616, 48.480251998831591 ], [ 30.257634001209055, 48.489628001332107 ], [ 30.256789000013214, 48.50534699956529 ], [ 30.38827300109898, 48.527745000032667 ], [ 30.404866000966081, 48.573986000154719 ], [ 30.454523000337076, 48.583641000232888 ], [ 30.477475958049922, 48.565327017228981 ], [ 30.56917098765183, 48.567898189750565 ], [ 30.560345000622192, 48.595826000070758 ], [ 30.573461999372682, 48.605097999573957 ], [ 30.530999000804115, 48.627572999994868 ], [ 30.55416000228314, 48.653695999571653 ], [ 30.598480999299568, 48.663624999694889 ], [ 30.613165000165509, 48.697654999679401 ], [ 30.577416000049254, 48.720741001297085 ], [ 30.610786999321419, 48.719192000011731 ], [ 30.639189998820257, 48.751254000072947 ], [ 30.700375000107044, 48.766433000383586 ], [ 30.806166031338137, 48.757495975859513 ], [ 30.812943014709219, 48.768932023894706 ], [ 30.835842055367436, 48.748760010067315 ], [ 30.886458957815535, 48.745678043307976 ], [ 30.903210017129481, 48.76239799507232 ], [ 30.948535982250689, 48.759959986065439 ], [ 30.94967403472981, 48.772220959730419 ], [ 31.058587966262508, 48.755829033883742 ], [ 31.071038961279896, 48.736671029945001 ], [ 31.116761197372227, 48.728445066987149 ], [ 31.176673944847551, 48.762249020576746 ], [ 31.247472954214345, 48.767994022906748 ], [ 31.263083986137929, 48.750262965164609 ], [ 31.312473054089082, 48.758430991997614 ], [ 31.328757963310238, 48.726757023318896 ], [ 31.356344000675961, 48.728084965849405 ], [ 31.35823598270531, 48.743340023624114 ], [ 31.386278047394853, 48.729281984177135 ], [ 31.395979036104507, 48.748160968055174 ], [ 31.395445025868128, 48.735606988972279 ], [ 31.413765046920275, 48.756153028140659 ], [ 31.425828980923598, 48.74369804462998 ], [ 31.43959204633677, 48.754337012743861 ], [ 31.426906179877165, 48.763298470948598 ], [ 31.56039700012235, 48.828496999937499 ], [ 31.57112904986667, 48.857501974137733 ], [ 31.56118673707914, 48.863117171920862 ], [ 31.584983984624103, 48.873938999186407 ], [ 31.570884990051127, 48.890648015194643 ], [ 31.582980953409162, 48.911400043178389 ], [ 31.594559040368324, 48.905735025651836 ], [ 31.583661995605496, 48.887397998419829 ], [ 31.640613057047801, 48.907775990270636 ], [ 31.689451054623362, 48.896306351657699 ], [ 31.698530948145617, 48.931029405183835 ], [ 31.75059876012557, 48.926368808974303 ], [ 31.807421000879344, 48.950466000206688 ], [ 31.919138014009036, 48.907295020249933 ], [ 31.922512002327949, 48.881611015736723 ], [ 31.954842951841613, 48.91015995991512 ], [ 32.00921995843521, 48.914917021903932 ], [ 32.02830200113732, 48.930957999912664 ], [ 32.094028999639534, 48.918902999774559 ], [ 32.100440000306662, 48.903666000386522 ], [ 32.148031999777857, 48.912571000052537 ], [ 32.154279001875295, 48.946786998721961 ], [ 32.132351425079094, 48.951572928948451 ], [ 32.135503001163443, 48.966429999845559 ], [ 32.17868091759118, 48.972594070960554 ], [ 32.18621400057657, 48.997368001133282 ], [ 32.219621934105874, 48.988507044865173 ], [ 32.23685398772227, 49.05976898385245 ], [ 32.284709001120405, 49.085695000424835 ], [ 32.351194001302986, 49.078892998813785 ], [ 32.381608999156867, 49.052353999838147 ], [ 32.370869002103632, 49.038536001136492 ], [ 32.399719000632274, 49.027449999818543 ], [ 32.44507604362542, 49.051505990410078 ], [ 32.473289976851845, 49.035529998311688 ], [ 32.474284960683292, 49.008274041814502 ], [ 32.494227963050946, 49.015335008604666 ], [ 32.51670800327264, 48.979961018587062 ], [ 32.522980002026372, 48.93986896837913 ], [ 32.552368045150047, 48.940143974765533 ], [ 32.54247995518665, 48.966899979251536 ], [ 32.585646000563372, 48.950493998799914 ], [ 32.608632218802768, 48.963878311136057 ], [ 32.682078978862648, 48.957122987037167 ], [ 32.668907027038529, 48.976917031996322 ], [ 32.677592973437868, 48.986321033989441 ], [ 32.73181203929505, 48.97787096987031 ], [ 32.734466991759177, 48.965640986842971 ], [ 32.84616502199907, 48.981334986621277 ], [ 32.873886026919479, 48.999180040627266 ], [ 32.827454054861619, 49.015227989281186 ], [ 32.840397027601625, 49.018189017010457 ], [ 32.816596001105438, 49.076076001107481 ], [ 32.893196000096225, 49.096404998792593 ], [ 32.890404999991631, 49.121128000357828 ], [ 32.758693000982078, 49.16094099992813 ], [ 32.857629985936001, 49.245705977949456 ], [ 32.888787081859221, 49.235870441668453 ] ] ] } },
{ "type": "Feature", "properties": { "NAME_LAT": "Kyivska", "ID": 10.0, "TYPE": "Області, автономії та ради", "NAME_UA": "Київська", "NAME_RUS": "Киевская", "KOATUU": "3200000000", "CODETOPO": "81210000", "CODENAME": "Межі областей та автономни", "CODE_PR": null, "LABEL": "Київська область", "SHAPE_Leng": 19.2219966173, "SHAPE_Area": 3.5510319350200001, "Tm_observed_anom_1951_1960": -0.2, "Tm_winter_observed_anom_1951_1960": 0.1, "Tm_spring_observed_anom_1951_1960": -1.3, "Tm_summer_observed_anom_1951_1960": 0.9, "Tm_autumn_observed_anom_1951_1960": -0.6, "Tm_observed_anom_1961_1970": -0.2, "Tm_winter_observed_anom_1961_1970": -1.1, "Tm_spring_observed_anom_1961_1970": -0.3, "Tm_summer_observed_anom_1961_1970": 0.2, "Tm_autumn_observed_anom_1961_1970": 0.5, "Tm_observed_anom_1971_1980": -0.1, "Tm_winter_observed_anom_1971_1980": 0.3, "Tm_spring_observed_anom_1971_1980": -0.0, "Tm_summer_observed_anom_1971_1980": -0.2, "Tm_autumn_observed_anom_1971_1980": -0.3, "Tm_observed_anom_1981_1990": 0.2, "Tm_winter_observed_anom_1981_1990": 0.8, "Tm_spring_observed_anom_1981_1990": 0.3, "Tm_summer_observed_anom_1981_1990": -0.0, "Tm_autumn_observed_anom_1981_1990": -0.2, "Tm_observed_anom_1991_2000": 0.5, "Tm_winter_observed_anom_1991_2000": 1.4, "Tm_spring_observed_anom_1991_2000": 0.5, "Tm_summer_observed_anom_1991_2000": 0.7, "Tm_autumn_observed_anom_1991_2000": -0.4, "Tm_observed_anom_2001_2010": 1.3, "Tm_winter_observed_anom_2001_2010": 1.4, "Tm_spring_observed_anom_2001_2010": 1.2, "Tm_summer_observed_anom_2001_2010": 1.7, "Tm_autumn_observed_anom_2001_2010": 0.9, "Tm_observed_anom_2011_2020": 2.0, "Tm_winter_observed_anom_2011_2020": 2.4, "Tm_spring_observed_anom_2011_2020": 2.1, "Tm_summer_observed_anom_2011_2020": 2.2, "Tm_autumn_observed_anom_2011_2020": 1.4, "RR_observed_anom_1951_1960": -13.0, "RR_winter_observed_anom_1951_1960": -25.0, "RR_spring_observed_anom_1951_1960": -13.0, "RR_summer_observed_anom_1951_1960": -21.0, "RR_autumn_observed_anom_1951_1960": 13.0, "RR_observed_anom_1961_1970": 2.0, "RR_winter_observed_anom_1961_1970": 17.0, "RR_spring_observed_anom_1961_1970": 6.0, "RR_summer_observed_anom_1961_1970": -5.0, "RR_autumn_observed_anom_1961_1970": -9.0, "RR_observed_anom_1971_1980": -2.0, "RR_winter_observed_anom_1971_1980": -10.0, "RR_spring_observed_anom_1971_1980": 0.0, "RR_summer_observed_anom_1971_1980": -1.0, "RR_autumn_observed_anom_1971_1980": 6.0, "RR_observed_anom_1981_1990": 0.0, "RR_winter_observed_anom_1981_1990": -8.0, "RR_spring_observed_anom_1981_1990": -6.0, "RR_summer_observed_anom_1981_1990": 6.0, "RR_autumn_observed_anom_1981_1990": 3.0, "RR_observed_anom_1991_2000": -2.0, "RR_winter_observed_anom_1991_2000": -25.0, "RR_spring_observed_anom_1991_2000": 7.0, "RR_summer_observed_anom_1991_2000": -7.0, "RR_autumn_observed_anom_1991_2000": 23.0, "RR_observed_anom_2001_2010": -2.0, "RR_winter_observed_anom_2001_2010": -5.0, "RR_spring_observed_anom_2001_2010": 0.0, "RR_summer_observed_anom_2001_2010": -12.0, "RR_autumn_observed_anom_2001_2010": 20.0, "RR_observed_anom_2011_2020": -6.0, "RR_winter_observed_anom_2011_2020": 0.0, "RR_spring_observed_anom_2011_2020": 9.0, "RR_summer_observed_anom_2011_2020": -21.0, "RR_autumn_observed_anom_2011_2020": -3.0 }, "geometry": { "type": "MultiPolygon", "coordinates": [ [ [ [ 29.73885361280486, 51.509177841085432 ], [ 29.745610508019411, 51.49397974726844 ], [ 29.727454633025786, 51.490199738428089 ], [ 29.740604659378391, 51.459673978272406 ], [ 29.790837625956556, 51.442755936438232 ], [ 29.791872605337346, 51.458339935640424 ], [ 29.809788658120965, 51.459369878817768 ], [ 29.877700466903889, 51.445331896950393 ], [ 29.883796449447459, 51.477112917328213 ], [ 29.908923331147719, 51.487359959095784 ], [ 29.962303444649137, 51.472108934780465 ], [ 30.013301842207113, 51.489595092740274 ], [ 30.016666230263183, 51.50410797690256 ], [ 30.119943248083302, 51.488056947171287 ], [ 30.12841904090692, 51.507218971978887 ], [ 30.162752132206037, 51.489000050912523 ], [ 30.178767075740836, 51.513300075239215 ], [ 30.288166005357766, 51.462752225435793 ], [ 30.34517296955778, 51.423899218874794 ], [ 30.358534046110208, 51.377828419047205 ], [ 30.327387155693543, 51.358781369865255 ], [ 30.407629187737712, 51.308450459921687 ], [ 30.461746982737964, 51.306604513288562 ], [ 30.458279023359125, 51.27528949011878 ], [ 30.501738067858412, 51.282084575044053 ], [ 30.567093518651859, 51.257278637999661 ], [ 30.558202079862951, 51.231773735270565 ], [ 30.505728029725674, 51.227214685110539 ], [ 30.532871115910154, 51.200754775213625 ], [ 30.518046208366684, 51.184434730379451 ], [ 30.540845146387255, 51.17940777734799 ], [ 30.49175022689235, 51.16695074338304 ], [ 30.490896239670633, 51.136505862856211 ], [ 30.518091206844588, 51.112652760217657 ], [ 30.482119506710774, 51.091672131764369 ], [ 30.510194313018019, 51.073722864319677 ], [ 30.492890444039631, 51.045327903860596 ], [ 30.499356496705843, 51.019151008812912 ], [ 30.601335294589035, 51.026842073004218 ], [ 30.602836430357854, 51.009287047660052 ], [ 30.640878312285167, 51.003524102056588 ], [ 30.672893544902081, 50.906282290596153 ], [ 30.734602429159679, 50.898603521935911 ], [ 30.771377302121664, 50.874707380442203 ], [ 30.766405404686566, 50.813954399976524 ], [ 30.732319491152452, 50.812555310280288 ], [ 30.750838522280844, 50.798560505763646 ], [ 30.73887953916028, 50.772034477709894 ], [ 30.83770304226249, 50.763940194385384 ], [ 30.847490588920436, 50.781849549917695 ], [ 30.870604297751015, 50.786178510330899 ], [ 30.846110472221426, 50.77670147079715 ], [ 30.837604148313687, 50.74388077028226 ], [ 30.875419723942002, 50.746860850149062 ], [ 30.89007052093865, 50.773867216899475 ], [ 30.949894281396837, 50.7572585517417 ], [ 31.069490128167786, 50.764783732384274 ], [ 31.075589200781849, 50.781360689245332 ], [ 31.126423070069507, 50.77471176303834 ], [ 31.122053238167268, 50.74969875169694 ], [ 31.190824116240833, 50.724565838243791 ], [ 31.190768092074677, 50.702813908935696 ], [ 31.218301072137649, 50.697041866689744 ], [ 31.223708202772229, 50.667409874367138 ], [ 31.198991164611414, 50.644773978936882 ], [ 31.227739018142074, 50.613300107614805 ], [ 31.16604027463984, 50.607501970640385 ], [ 31.165800383182045, 50.589524967204397 ], [ 31.246595223091958, 50.567060058076152 ], [ 31.262016171609901, 50.539191069713013 ], [ 31.319298319362815, 50.528135156113478 ], [ 31.330425291994516, 50.50104325214528 ], [ 31.364335244177084, 50.530839235842961 ], [ 31.444893134311599, 50.50048437475499 ], [ 31.521469011686406, 50.522054274985749 ], [ 31.522197026372567, 50.536259222286219 ], [ 31.563733921084463, 50.518497332187053 ], [ 31.630243941305707, 50.520541435439839 ], [ 31.646776750447543, 50.552739355437836 ], [ 31.683784715992715, 50.563183452155499 ], [ 31.782171679180522, 50.559465358040768 ], [ 31.782046859575814, 50.605674228084069 ], [ 31.858987001050139, 50.632042496165184 ], [ 31.913840504436621, 50.595339239814962 ], [ 31.952002416179425, 50.54421453787154 ], [ 32.063453411646492, 50.540772633651045 ], [ 32.051288040411634, 50.52335014409482 ], [ 32.06405005966343, 50.511729444559137 ], [ 32.047331977589579, 50.496136315439514 ], [ 31.962846593396478, 50.485184670137357 ], [ 31.979536563562419, 50.481446673126413 ], [ 31.973264689814471, 50.466567698341521 ], [ 32.023449589427912, 50.458706761208987 ], [ 32.044521508062019, 50.401681822259206 ], [ 32.102500438845084, 50.412771882217498 ], [ 32.074265651239671, 50.372948876790133 ], [ 32.161867564037721, 50.368651961919454 ], [ 32.141392624371008, 50.353853936910582 ], [ 32.152428612591279, 50.337348019296599 ], [ 32.129001579060514, 50.315719045298636 ], [ 32.140222646858547, 50.304657039691563 ], [ 32.083863782688297, 50.283214008620519 ], [ 32.100897700369444, 50.276604043742566 ], [ 32.08945078132939, 50.24697711999903 ], [ 32.118383780088266, 50.228442598947709 ], [ 32.086452847222006, 50.221429121757467 ], [ 32.0562389980322, 50.187662091633172 ], [ 31.993407002631955, 50.201221026230314 ], [ 31.965349089189999, 50.151572609089555 ], [ 31.933964620371796, 50.158364157880499 ], [ 31.97533419891505, 50.125211229815307 ], [ 31.911532253211817, 50.10079817329796 ], [ 31.904077419338307, 50.056060151655572 ], [ 31.986484213976155, 50.052414262309298 ], [ 31.979767212687591, 50.03871930974924 ], [ 31.899935609641545, 50.019266541318757 ], [ 31.918548693668185, 49.991188912039604 ], [ 31.901417061049415, 49.943725314172809 ], [ 31.889680886764381, 49.962607573381717 ], [ 31.813713816240522, 49.966037137105104 ], [ 31.77072345162685, 49.920351960275696 ], [ 31.77434832561562, 49.893650098574085 ], [ 31.752279522882588, 49.893389514615308 ], [ 31.717181784812396, 49.852131362972955 ], [ 31.614477002912224, 49.855967187336773 ], [ 31.612579867767579, 49.906373246429098 ], [ 31.57992391315895, 49.906937160022835 ], [ 31.550925091220847, 49.872951285274496 ], [ 31.519932964235807, 49.868657202368922 ], [ 31.504493129954881, 49.841588232012214 ], [ 31.49671399695427, 49.86141821477969 ], [ 31.448955103096409, 49.876702154281929 ], [ 31.425042081327888, 49.916681082367006 ], [ 31.446097033352316, 49.972787985278217 ], [ 31.436564955309336, 49.984658973333865 ], [ 31.383259056561087, 49.992814772984332 ], [ 31.292034119679784, 49.978659918821108 ], [ 31.305419067836624, 49.972579964894408 ], [ 31.288777153843455, 49.952386005810467 ], [ 31.312677464594174, 49.963397776187321 ], [ 31.338523649247918, 49.953569235732573 ], [ 31.334248148134407, 49.935896007995268 ], [ 31.38024297593347, 49.907179719769147 ], [ 31.310250333786769, 49.89202697696436 ], [ 31.26082695130367, 49.858132901413171 ], [ 31.247050476998822, 49.867979601878062 ], [ 31.207769424620153, 49.85289495843648 ], [ 31.221757087620404, 49.833210073187274 ], [ 31.189793589403507, 49.790229144260536 ], [ 31.216551638048543, 49.776853148854684 ], [ 31.204959582819356, 49.757281172588989 ], [ 31.222102561285055, 49.73317025680285 ], [ 31.196738731608036, 49.701570268154285 ], [ 31.217168760031143, 49.694759322785444 ], [ 31.135693181895704, 49.60369153523709 ], [ 31.128715024679536, 49.583713455712314 ], [ 31.152605737865372, 49.580468794400247 ], [ 31.139534056852142, 49.572014085282717 ], [ 31.15374689840155, 49.555403416435468 ], [ 31.109104087984178, 49.55722644024894 ], [ 31.094578069223417, 49.49652635970466 ], [ 31.040131328299026, 49.473778503176277 ], [ 31.043927217368093, 49.457288590796736 ], [ 31.029308286948776, 49.471763412952043 ], [ 30.994499436300828, 49.422765432279789 ], [ 30.920981752107082, 49.415467688384012 ], [ 30.936753928152143, 49.394606333416448 ], [ 30.909160493862601, 49.358602701054735 ], [ 30.799830359684222, 49.354029375056541 ], [ 30.728576299657391, 49.331731809076643 ], [ 30.607052201198996, 49.370315907554016 ], [ 30.5472799602029, 49.326615315045672 ], [ 30.515309989565253, 49.327604575591636 ], [ 30.473383278316533, 49.365146720445694 ], [ 30.413847381852065, 49.330466200355772 ], [ 30.421233908618888, 49.302325462051328 ], [ 30.397928278168365, 49.303457490871438 ], [ 30.375562577751623, 49.236267915033181 ], [ 30.366650768419106, 49.2551381584002 ], [ 30.189419488719295, 49.274642173798213 ], [ 30.200463452127508, 49.328176110040374 ], [ 30.136734397375449, 49.331360102187887 ], [ 30.107020523579195, 49.302881095586997 ], [ 30.123313741636764, 49.288855431733737 ], [ 30.111840225147148, 49.270943973586441 ], [ 30.088626882225697, 49.285995762995015 ], [ 30.078521959421778, 49.322228365447643 ], [ 30.026292282064048, 49.334478888990475 ], [ 30.007190867065731, 49.315126875206033 ], [ 29.947128019143634, 49.312175983735585 ], [ 29.9555808801544, 49.252175103599086 ], [ 29.876768986000798, 49.200262090124284 ], [ 29.883027966168584, 49.186044053191438 ], [ 29.760036148050688, 49.179852107589625 ], [ 29.727328071434215, 49.208100992068069 ], [ 29.754605063973429, 49.226699046624617 ], [ 29.716375054665946, 49.235777000309213 ], [ 29.701226061134719, 49.260683970789557 ], [ 29.689593108336169, 49.237484951370334 ], [ 29.639261110212942, 49.247156804743668 ], [ 29.613192206655867, 49.26544287908655 ], [ 29.621960459008847, 49.274124151709145 ], [ 29.607667182095668, 49.299629812566707 ], [ 29.619016048952403, 49.305920850867494 ], [ 29.535320237140127, 49.323919772580382 ], [ 29.502677151829971, 49.370365617580092 ], [ 29.505349153641419, 49.395532566775444 ], [ 29.542401031283475, 49.401626586098985 ], [ 29.595299807840718, 49.443130538644368 ], [ 29.543286802344937, 49.484570464856006 ], [ 29.585257892438676, 49.506586498968659 ], [ 29.539229008213056, 49.520963364268766 ], [ 29.530739821786256, 49.562072477563731 ], [ 29.49632079307105, 49.600029339383411 ], [ 29.535272663903186, 49.636688313116053 ], [ 29.489023700284406, 49.668940175349746 ], [ 29.498065903219754, 49.713575662587687 ], [ 29.445377852207002, 49.713477567236851 ], [ 29.435198967359327, 49.729371079812381 ], [ 29.462076612346664, 49.761936047311679 ], [ 29.438740070398808, 49.805522950224884 ], [ 29.483198518897382, 49.804423074865952 ], [ 29.509114375828688, 49.835064046269622 ], [ 29.541927499555356, 49.819020101397484 ], [ 29.546930363346462, 49.835492991409353 ], [ 29.655170762921273, 49.866682558254411 ], [ 29.666663152583283, 49.87399554386019 ], [ 29.62721916373431, 49.886400061014911 ], [ 29.735257998258874, 49.944384489353638 ], [ 29.671415103724939, 50.032190883703265 ], [ 29.695460109996986, 50.044179926663219 ], [ 29.697193844621097, 50.068295795015842 ], [ 29.646347608756003, 50.106765077047612 ], [ 29.669843747991479, 50.113868320067866 ], [ 29.659299291430045, 50.12785176344903 ], [ 29.69215580924407, 50.152274790749914 ], [ 29.643181775719256, 50.179827547803995 ], [ 29.70359353361556, 50.230058545766212 ], [ 29.665591543815594, 50.264992463332419 ], [ 29.688716564318895, 50.277257491141199 ], [ 29.675576495259918, 50.297622351990867 ], [ 29.692437511982462, 50.32326136701937 ], [ 29.626020510439105, 50.33010133440996 ], [ 29.611658641334088, 50.341491370431299 ], [ 29.641849505651066, 50.358296404356508 ], [ 29.637672510878531, 50.372584822232682 ], [ 29.589014659200018, 50.374773390780263 ], [ 29.590389397053912, 50.400374198111649 ], [ 29.560273518209158, 50.42252218435226 ], [ 29.454792666749029, 50.401467154086788 ], [ 29.442613714851916, 50.415444207784901 ], [ 29.481651541086649, 50.419604655031719 ], [ 29.498539562651558, 50.440262192147372 ], [ 29.447012325059632, 50.452806578161983 ], [ 29.457196813582982, 50.471111012164386 ], [ 29.483635074100278, 50.459194743243756 ], [ 29.510870890280216, 50.470761889950211 ], [ 29.507110382339135, 50.499901016919296 ], [ 29.460256473558275, 50.517274059950807 ], [ 29.458181367077316, 50.539490925266932 ], [ 29.502441416139334, 50.547361987866395 ], [ 29.498379379005996, 50.58983990259037 ], [ 29.444271167181512, 50.621526202772941 ], [ 29.472027296923102, 50.628428987808491 ], [ 29.462946814344889, 50.633569866057371 ], [ 29.486083041300219, 50.662682441442428 ], [ 29.521766163378629, 50.661564876418822 ], [ 29.542233072998783, 50.689710828992474 ], [ 29.576754035371323, 50.699314861792345 ], [ 29.597669018711144, 50.72913185185439 ], [ 29.570310999953563, 50.771526736670467 ], [ 29.502312008193485, 50.765309712574094 ], [ 29.472006054936344, 50.773620642579488 ], [ 29.507123103249512, 50.774671789972047 ], [ 29.521529956443203, 50.79265874620512 ], [ 29.48823406495103, 50.812241541315018 ], [ 29.547394885666336, 50.813915639196296 ], [ 29.542208856954062, 50.828403631922981 ], [ 29.497517943599121, 50.837305603571679 ], [ 29.52134986180755, 50.868876616063915 ], [ 29.471360850723556, 50.903663508864781 ], [ 29.467527832244571, 50.924749400265512 ], [ 29.411537862783007, 50.948949435269128 ], [ 29.413826727322487, 50.983668339323344 ], [ 29.467166743651205, 50.985176382784744 ], [ 29.464606696642591, 51.018967357358576 ], [ 29.5117824952668, 51.060641241301198 ], [ 29.42749754477677, 51.123954151863529 ], [ 29.348943740761911, 51.160023121770564 ], [ 29.330646674005663, 51.157583941846383 ], [ 29.329203218054943, 51.126722593373927 ], [ 29.317466780268603, 51.130454981313278 ], [ 29.267595573178028, 51.264833820925048 ], [ 29.334986470350202, 51.269678908555704 ], [ 29.36654110798662, 51.287391629121316 ], [ 29.347287434168607, 51.323871864395926 ], [ 29.396482286329331, 51.327534892122515 ], [ 29.393481256755479, 51.379431767263156 ], [ 29.359434236201935, 51.375941755608437 ], [ 29.377381245448987, 51.401513646138767 ], [ 29.421820267692055, 51.413411743358211 ], [ 29.494451098939919, 51.396589832755524 ], [ 29.520457927692064, 51.422599784853105 ], [ 29.51544196077873, 51.448070737275657 ], [ 29.539269929164789, 51.482338640316925 ], [ 29.576715885230783, 51.461205693688726 ], [ 29.634602845046118, 51.506117767421927 ], [ 29.667051721760458, 51.50194071869015 ], [ 29.736449495648571, 51.531059651382748 ], [ 29.73885361280486, 51.509177841085432 ] ], [ [ 30.719710133616672, 50.586988799894129 ], [ 30.713408074124231, 50.557686800306499 ], [ 30.667916127428214, 50.553107799586201 ], [ 30.65379108129423, 50.534778749340717 ], [ 30.535184075985228, 50.54897566389667 ], [ 30.540950024424944, 50.523228890301993 ], [ 30.462866112581935, 50.584471830411587 ], [ 30.371004118446194, 50.586436826599197 ], [ 30.370747072420329, 50.573402798401332 ], [ 30.307402120812128, 50.570583809596087 ], [ 30.341889639196381, 50.556931799663744 ], [ 30.298026716360766, 50.554413786068324 ], [ 30.302582069407833, 50.533073772337673 ], [ 30.260650128601412, 50.511613762066418 ], [ 30.270006233601691, 50.498148118641666 ], [ 30.251684063169876, 50.485046763598177 ], [ 30.236491069408203, 50.430672761639585 ], [ 30.269308098890519, 50.426211816722912 ], [ 30.281260138345601, 50.447320784727367 ], [ 30.34566110807458, 50.453592789776337 ], [ 30.369132068091346, 50.420966814068152 ], [ 30.442174043298337, 50.381455736693795 ], [ 30.437633505682641, 50.356927343922735 ], [ 30.468393041006948, 50.360128800005043 ], [ 30.475237031065035, 50.333177810808252 ], [ 30.53540704130279, 50.317411820300208 ], [ 30.528106115605624, 50.290297771425912 ], [ 30.54623007995508, 50.291005808572152 ], [ 30.552613071237147, 50.259348822690924 ], [ 30.583356013170373, 50.250378764269499 ], [ 30.593474110142949, 50.213303431409145 ], [ 30.643160104556046, 50.225789753595166 ], [ 30.646707027108505, 50.239724788269314 ], [ 30.609759106598347, 50.276871789002769 ], [ 30.653748109888227, 50.293994815109556 ], [ 30.618933035032398, 50.335577783888539 ], [ 30.633242111235347, 50.339978798883408 ], [ 30.626966043948642, 50.360098771641901 ], [ 30.696783098861829, 50.347287816680307 ], [ 30.71318811703884, 50.354442821080227 ], [ 30.717208117161761, 50.382511746720638 ], [ 30.777263347826135, 50.370488902741613 ], [ 30.775591034199749, 50.394484815023134 ], [ 30.82621769699, 50.403944059671517 ], [ 30.742677068592741, 50.458505778919459 ], [ 30.760365823125142, 50.482376177319679 ], [ 30.737894108826936, 50.498663785406279 ], [ 30.761921647566851, 50.509020780985168 ], [ 30.754735077862449, 50.518973525009073 ], [ 30.823289418073045, 50.537035194219754 ], [ 30.81609104206882, 50.564188844740329 ], [ 30.719710133616672, 50.586988799894129 ] ] ], [ [ [ 30.7728623454218, 51.512597093182251 ], [ 30.658409978638474, 51.518665229117971 ], [ 30.651879422997865, 51.523613530141233 ], [ 30.710124260826831, 51.530867999559462 ], [ 30.708855349795442, 51.553079578660572 ], [ 30.785311194656799, 51.538846258648846 ], [ 30.789218518720531, 51.522859795743898 ], [ 30.7728623454218, 51.512597093182251 ] ] ], [ [ [ 30.343012099229895, 50.496185764662243 ], [ 30.351776088796328, 50.484580822148132 ], [ 30.317395099605051, 50.492055788244954 ], [ 30.318851092105092, 50.495471799185111 ], [ 30.343012099229895, 50.496185764662243 ] ] ], [ [ [ 30.773699260813146, 51.512496343932071 ], [ 30.776516055272623, 51.511682533023418 ], [ 30.776830739747709, 51.5092175119795 ], [ 30.773440372975699, 51.509113526968633 ], [ 30.773699260813146, 51.512496343932071 ] ] ] ] } },
{ "type": "Feature", "properties": { "NAME_LAT": "Zaporizka", "ID": 8.0, "TYPE": "Області, автономії та ради", "NAME_UA": "Запорізька", "NAME_RUS": "Запорожская", "KOATUU": "2300000000", "CODETOPO": "81210000", "CODENAME": "Межі областей та автономни", "CODE_PR": null, "LABEL": "Запорізька область", "SHAPE_Leng": 13.982121640800001, "SHAPE_Area": 3.2312730865599999, "Tm_observed_anom_1951_1960": -0.2, "Tm_winter_observed_anom_1951_1960": 0.0, "Tm_spring_observed_anom_1951_1960": -1.0, "Tm_summer_observed_anom_1951_1960": 0.8, "Tm_autumn_observed_anom_1951_1960": -0.5, "Tm_observed_anom_1961_1970": 0.1, "Tm_winter_observed_anom_1961_1970": -0.3, "Tm_spring_observed_anom_1961_1970": -0.0, "Tm_summer_observed_anom_1961_1970": 0.3, "Tm_autumn_observed_anom_1961_1970": 0.6, "Tm_observed_anom_1971_1980": -0.1, "Tm_winter_observed_anom_1971_1980": -0.1, "Tm_spring_observed_anom_1971_1980": 0.1, "Tm_summer_observed_anom_1971_1980": -0.2, "Tm_autumn_observed_anom_1971_1980": -0.3, "Tm_observed_anom_1981_1990": -0.0, "Tm_winter_observed_anom_1981_1990": 0.4, "Tm_spring_observed_anom_1981_1990": -0.1, "Tm_summer_observed_anom_1981_1990": -0.1, "Tm_autumn_observed_anom_1981_1990": -0.3, "Tm_observed_anom_1991_2000": 0.2, "Tm_winter_observed_anom_1991_2000": 0.5, "Tm_spring_observed_anom_1991_2000": 0.2, "Tm_summer_observed_anom_1991_2000": 0.6, "Tm_autumn_observed_anom_1991_2000": -0.5, "Tm_observed_anom_2001_2010": 1.1, "Tm_winter_observed_anom_2001_2010": 1.0, "Tm_spring_observed_anom_2001_2010": 0.8, "Tm_summer_observed_anom_2001_2010": 1.4, "Tm_autumn_observed_anom_2001_2010": 1.2, "Tm_observed_anom_2011_2020": 1.7, "Tm_winter_observed_anom_2011_2020": 1.7, "Tm_spring_observed_anom_2011_2020": 1.7, "Tm_summer_observed_anom_2011_2020": 2.2, "Tm_autumn_observed_anom_2011_2020": 1.2, "RR_observed_anom_1951_1960": -2.0, "RR_winter_observed_anom_1951_1960": 0.0, "RR_spring_observed_anom_1951_1960": -8.0, "RR_summer_observed_anom_1951_1960": -3.0, "RR_autumn_observed_anom_1951_1960": 1.0, "RR_observed_anom_1961_1970": 4.0, "RR_winter_observed_anom_1961_1970": 25.0, "RR_spring_observed_anom_1961_1970": 4.0, "RR_summer_observed_anom_1961_1970": -8.0, "RR_autumn_observed_anom_1961_1970": -11.0, "RR_observed_anom_1971_1980": 0.0, "RR_winter_observed_anom_1971_1980": -15.0, "RR_spring_observed_anom_1971_1980": 6.0, "RR_summer_observed_anom_1971_1980": 5.0, "RR_autumn_observed_anom_1971_1980": 7.0, "RR_observed_anom_1981_1990": -3.0, "RR_winter_observed_anom_1981_1990": -10.0, "RR_spring_observed_anom_1981_1990": -10.0, "RR_summer_observed_anom_1981_1990": 4.0, "RR_autumn_observed_anom_1981_1990": 4.0, "RR_observed_anom_1991_2000": 4.0, "RR_winter_observed_anom_1991_2000": -16.0, "RR_spring_observed_anom_1991_2000": 24.0, "RR_summer_observed_anom_1991_2000": 1.0, "RR_autumn_observed_anom_1991_2000": 17.0, "RR_observed_anom_2001_2010": 4.0, "RR_winter_observed_anom_2001_2010": -2.0, "RR_spring_observed_anom_2001_2010": -3.0, "RR_summer_observed_anom_2001_2010": 0.0, "RR_autumn_observed_anom_2001_2010": 27.0, "RR_observed_anom_2011_2020": -8.0, "RR_winter_observed_anom_2011_2020": -17.0, "RR_spring_observed_anom_2011_2020": 1.0, "RR_summer_observed_anom_2011_2020": -10.0, "RR_autumn_observed_anom_2011_2020": -4.0 }, "geometry": { "type": "MultiPolygon", "coordinates": [ [ [ [ 35.315341401385467, 48.134981196026274 ], [ 35.42008304429794, 48.100486900351086 ], [ 35.513253839793776, 48.095761677060693 ], [ 35.524392580054439, 48.074860635910511 ], [ 35.703829717768144, 48.139995287853196 ], [ 35.742378108663672, 48.095884637766744 ], [ 35.806732870326584, 48.100045986134262 ], [ 35.817466608098357, 48.065230428342488 ], [ 35.973223816626728, 48.091819259652027 ], [ 35.984368844047822, 48.083035427443917 ], [ 35.971380600335351, 48.060819940788576 ], [ 35.98871481963414, 48.057856819437575 ], [ 35.976269482251723, 48.043250683673023 ], [ 36.051323743596811, 48.05862113256012 ], [ 36.065804748591177, 48.025264751767793 ], [ 36.034812531673879, 48.018530532958664 ], [ 36.062589011274724, 48.000760055233286 ], [ 36.071291980041735, 47.97226960296075 ], [ 36.048589665181794, 47.965913722641119 ], [ 36.07287910718594, 47.965872735139556 ], [ 36.084566711785214, 47.930255336415541 ], [ 36.108871955777033, 47.941380003185543 ], [ 36.120334906131916, 47.928812152959438 ], [ 36.110823073626818, 47.925001945784061 ], [ 36.128938245304653, 47.892322918169043 ], [ 36.117615546920831, 47.865535417626347 ], [ 36.053929186583616, 47.880210071838235 ], [ 36.074294898191908, 47.84812148422003 ], [ 36.195868954889249, 47.859337922308214 ], [ 36.197251346873031, 47.832213590585638 ], [ 36.267485564907815, 47.832518494034218 ], [ 36.275945107881341, 47.815978570355639 ], [ 36.330425345853939, 47.821174819862961 ], [ 36.323894809099045, 47.839875113846347 ], [ 36.468963268440973, 47.82471229503733 ], [ 36.605273379663629, 47.850191108433819 ], [ 36.587582217646116, 47.78580210778199 ], [ 36.671487405120558, 47.793196872338683 ], [ 36.713256674756622, 47.678481410689471 ], [ 36.792144019331943, 47.682134997333151 ], [ 36.77572102010987, 47.664658997215895 ], [ 36.71843899286614, 47.659046673665955 ], [ 36.725055791692341, 47.631016825367112 ], [ 36.764365178111404, 47.634307933964919 ], [ 36.742937386052404, 47.620514802417119 ], [ 36.74532759339462, 47.605941432552015 ], [ 36.830607553796483, 47.624190899990936 ], [ 36.893439652618781, 47.545182437420465 ], [ 36.945024528659985, 47.576228513835758 ], [ 37.001961979762427, 47.53965595955583 ], [ 37.020486601076698, 47.552967238847884 ], [ 37.075707732926446, 47.492531492435319 ], [ 37.151752864603907, 47.456865585179514 ], [ 37.179242878656794, 47.483952886417512 ], [ 37.196242546557187, 47.479027743836241 ], [ 37.186193204553661, 47.468968887005474 ], [ 37.244743899112564, 47.46887919581917 ], [ 37.195145136239944, 47.373080519251459 ], [ 37.204357488208416, 47.356112890598354 ], [ 37.161744586144607, 47.341628111149305 ], [ 37.142140586819551, 47.380139127119946 ], [ 37.106651522250843, 47.376229109586632 ], [ 37.122347639932514, 47.340462346960635 ], [ 37.037706307001372, 47.299418162019492 ], [ 37.026395049792598, 47.314479501328833 ], [ 36.926824353961649, 47.31974883963818 ], [ 36.962217057072394, 47.201417668991155 ], [ 36.853298547990505, 47.199426795710963 ], [ 36.888860873131705, 47.171164262221851 ], [ 36.948653210378268, 47.158451944902254 ], [ 36.982707712391914, 47.124565348113265 ], [ 37.002712568331276, 47.12740174239741 ], [ 37.012977830363468, 47.090503592167977 ], [ 36.986194952336064, 47.079244192566364 ], [ 37.081454272197789, 47.047316993685229 ], [ 37.098765026385763, 47.059483014230636 ], [ 37.125307024600374, 47.039118014885389 ], [ 37.089516288746609, 47.007326407688481 ], [ 37.141798630403343, 46.981817437325788 ], [ 37.021359981279033, 46.92837436768383 ], [ 37.062893913624123, 46.884113266415056 ], [ 36.98478735235534, 46.862151241087815 ], [ 36.902401007401465, 46.812899861140579 ], [ 36.821883886233252, 46.685770686768706 ], [ 36.784604575441676, 46.644177394671942 ], [ 36.765821465589056, 46.631715804741532 ], [ 36.750327050553835, 46.633036805405141 ], [ 36.757948454158736, 46.656266717435983 ], [ 36.761535131242226, 46.643280400071319 ], [ 36.76998929087398, 46.641862480370094 ], [ 36.778304846092681, 46.645919120671806 ], [ 36.828675397252653, 46.699700368678009 ], [ 36.810003519147983, 46.732712715620266 ], [ 36.720799021658422, 46.779250946175125 ], [ 36.614557406699873, 46.778528006363331 ], [ 36.371721920131392, 46.706797515194069 ], [ 36.306703331094752, 46.651268737862893 ], [ 36.268086285954212, 46.600965680822412 ], [ 36.226008252979398, 46.551161125186695 ], [ 36.176492646819099, 46.503741913359534 ], [ 36.113102175126187, 46.488962786704178 ], [ 36.104323710971357, 46.490797309249331 ], [ 36.100210036564818, 46.49280022804902 ], [ 36.148133882273726, 46.507646220197842 ], [ 36.152844089583937, 46.541656197676275 ], [ 36.17028694069063, 46.523909882036321 ], [ 36.222745250893524, 46.549816468755921 ], [ 36.255805222334061, 46.586634932756851 ], [ 36.29469671718067, 46.638179542552734 ], [ 36.295623265302368, 46.642190518878238 ], [ 36.271846326247839, 46.651989015681465 ], [ 36.294280355354999, 46.639144006991273 ], [ 36.270531813293417, 46.634483831664397 ], [ 36.277226920586827, 46.622107009132094 ], [ 36.275132100067253, 46.623679573554398 ], [ 36.273909648012761, 46.614792787857766 ], [ 36.272928574894706, 46.612640320795094 ], [ 36.271388698130806, 46.612252492659309 ], [ 36.266963225173583, 46.626870682037236 ], [ 36.264325899421635, 46.603956879007683 ], [ 36.258099882104773, 46.596196322403273 ], [ 36.248837565602059, 46.637487021409811 ], [ 36.191559796648164, 46.671279511341311 ], [ 35.922150359852139, 46.660251268981767 ], [ 35.726122186390683, 46.587543971977652 ], [ 35.591392201090116, 46.487357907842068 ], [ 35.451534955974353, 46.440186777598626 ], [ 35.277658658321343, 46.264447438099694 ], [ 35.13311855607742, 46.300494948384085 ], [ 35.073528854074254, 46.29984324656948 ], [ 35.052720188586704, 46.481588309953452 ], [ 35.015859858446618, 46.480429217835024 ], [ 34.947230611904104, 46.512502385677465 ], [ 34.890248290027444, 46.506752729355867 ], [ 34.891076293137303, 46.563684636137964 ], [ 34.75734810673066, 46.550144114260377 ], [ 34.748038106374395, 46.584133373157556 ], [ 34.723043034709178, 46.581370811414729 ], [ 34.712775598116252, 46.620334096442321 ], [ 34.756106544981947, 46.627103194557719 ], [ 34.745989987648727, 46.683132691921116 ], [ 34.632340737036259, 46.686856181968153 ], [ 34.625151831792493, 46.724034237191233 ], [ 34.734977844952482, 46.74745723366533 ], [ 34.750032281065785, 46.780894946445528 ], [ 34.767447937573138, 46.781055661590415 ], [ 34.758013724654575, 46.822795556670542 ], [ 34.81706376688021, 46.828404564420055 ], [ 34.804572457054121, 46.882547304815205 ], [ 34.75249219216181, 46.879681470324499 ], [ 34.736357577641002, 46.961347959241834 ], [ 34.686377367322507, 46.955680703302733 ], [ 34.681898419777156, 46.979130609291076 ], [ 34.623767766170374, 46.973378755026431 ], [ 34.61918742995681, 46.993528382030149 ], [ 34.59965348332247, 46.991912117750928 ], [ 34.592613513004096, 47.025390173218852 ], [ 34.567141172028357, 47.02449577496094 ], [ 34.553181299877963, 47.105792914112612 ], [ 34.519265821361444, 47.104605695697217 ], [ 34.489902979040153, 47.246832223629156 ], [ 34.530276229265439, 47.251088983770501 ], [ 34.518583079446444, 47.283683131572161 ], [ 34.487936650057236, 47.27989256559033 ], [ 34.478781021028169, 47.314547896569081 ], [ 34.51717769359658, 47.318336809596985 ], [ 34.51245777001094, 47.334832742038316 ], [ 34.413819359077024, 47.323355995183931 ], [ 34.419093585201665, 47.300675449313474 ], [ 34.398965144426768, 47.298370038147652 ], [ 34.401224754919383, 47.287131544186309 ], [ 34.330011792111407, 47.290407390389646 ], [ 34.293479629082526, 47.273769147429107 ], [ 34.241905413604854, 47.434807123750659 ], [ 34.139282725418354, 47.477513962700129 ], [ 34.297497582348456, 47.518518939898058 ], [ 34.467678615176851, 47.532074433689104 ], [ 34.572386022697685, 47.561731214924521 ], [ 34.796796021120372, 47.537194215641478 ], [ 34.861230102088427, 47.515318740168652 ], [ 34.951060160798647, 47.533016279278797 ], [ 34.965178559144078, 47.551129848364724 ], [ 34.955922664700097, 47.569256050227466 ], [ 34.933775191972416, 47.567043631659203 ], [ 34.94473473242283, 47.574870817235364 ], [ 34.926003294017676, 47.594972783767901 ], [ 34.940057442997499, 47.606908398904409 ], [ 34.905978257291622, 47.674187569701473 ], [ 34.937705060241228, 47.677526968295865 ], [ 34.929645942207344, 47.711559582609596 ], [ 34.955633556944008, 47.71227963829557 ], [ 34.957576799430626, 47.766438417200106 ], [ 34.894046720580604, 47.75963197203879 ], [ 34.878803182221986, 47.818842216795758 ], [ 34.903073654826187, 47.829765160234899 ], [ 34.897728400246365, 47.85217251275219 ], [ 34.871475632994986, 47.850833862893353 ], [ 34.862350733800213, 47.880572853855028 ], [ 34.816889545716833, 47.864383094704976 ], [ 34.802077580316961, 47.915034247833205 ], [ 34.853447299853883, 47.921645386326418 ], [ 34.849362285042332, 47.937387041179932 ], [ 34.86266396587024, 47.940540424901599 ], [ 34.918047577334733, 47.933851355656429 ], [ 34.904865500043684, 47.985941123684825 ], [ 34.870023769282398, 47.982587335038374 ], [ 34.858234833571601, 48.014659295990612 ], [ 34.846419057594346, 48.013517257716217 ], [ 34.839446586791439, 48.048800632044447 ], [ 34.875058383638361, 48.055078217386722 ], [ 34.855228899095323, 48.132605507339235 ], [ 34.915585203894921, 48.130392686773973 ], [ 34.914420756313746, 48.090067157274405 ], [ 34.99020392177448, 48.08914001919743 ], [ 35.101982605913406, 48.130738343001042 ], [ 35.315341401385467, 48.134981196026274 ] ] ], [ [ [ 36.804175745015527, 46.680322699034264 ], [ 36.801460502900795, 46.674537353117273 ], [ 36.801886875080129, 46.694148082968582 ], [ 36.805192234335038, 46.701827209558985 ], [ 36.807281962893171, 46.703877161103037 ], [ 36.804175745015527, 46.680322699034264 ] ] ], [ [ [ 36.76989305622044, 46.648653065987105 ], [ 36.771408257386042, 46.647850316739664 ], [ 36.768837983287199, 46.642569453618307 ], [ 36.765104463101409, 46.647554878655626 ], [ 36.76989305622044, 46.648653065987105 ] ] ], [ [ [ 36.223241364598209, 46.563314575008519 ], [ 36.219438091195855, 46.562003424619263 ], [ 36.21883954021348, 46.557772298753491 ], [ 36.21949695542105, 46.563075734858216 ], [ 36.223241364598209, 46.563314575008519 ] ] ], [ [ [ 36.773761970239605, 46.653088338856662 ], [ 36.76898078663487, 46.649417835965266 ], [ 36.766717354922889, 46.649939751219449 ], [ 36.775025175971962, 46.65462859873179 ], [ 36.773761970239605, 46.653088338856662 ] ] ], [ [ [ 36.806909509567106, 46.678593909782023 ], [ 36.807726317916149, 46.680221325654543 ], [ 36.809998053967888, 46.680477484948881 ], [ 36.808648670700506, 46.67901535907248 ], [ 36.806909509567106, 46.678593909782023 ] ] ], [ [ [ 36.804744374654035, 46.703569330361233 ], [ 36.805526158905991, 46.705450407211458 ], [ 36.806922181914047, 46.70515347715218 ], [ 36.805438010956323, 46.704211013728241 ], [ 36.804744374654035, 46.703569330361233 ] ] ], [ [ [ 36.768579972288762, 46.663311478442893 ], [ 36.767603358009467, 46.662966678370424 ], [ 36.767070385590728, 46.66083548656934 ], [ 36.765896285585995, 46.660203828844544 ], [ 36.767438115677407, 46.663755269590922 ], [ 36.768579972288762, 46.663311478442893 ] ] ], [ [ [ 36.805351956628385, 46.675583922061264 ], [ 36.80456994394865, 46.675928062031346 ], [ 36.804495015133739, 46.677641003430494 ], [ 36.805856873796586, 46.677551746616757 ], [ 36.805351956628385, 46.675583922061264 ] ] ], [ [ [ 36.774230019700553, 46.648093114806329 ], [ 36.775308476805662, 46.648124003820612 ], [ 36.775638011785702, 46.647804811044125 ], [ 36.773481641665342, 46.646870701422642 ], [ 36.774230019700553, 46.648093114806329 ] ] ], [ [ [ 36.772117353933652, 46.647894024690402 ], [ 36.771264943223457, 46.648680847843764 ], [ 36.771664684678342, 46.650657158402055 ], [ 36.772365588402067, 46.648878358750153 ], [ 36.772117353933652, 46.647894024690402 ] ] ], [ [ [ 36.243201878564719, 46.576000799398287 ], [ 36.242867463863263, 46.578354139033195 ], [ 36.244360772832295, 46.579102204104345 ], [ 36.243261045861459, 46.577797507250068 ], [ 36.243201878564719, 46.576000799398287 ] ] ], [ [ [ 36.763663154731717, 46.648178148403758 ], [ 36.763517636330732, 46.647330701051942 ], [ 36.762276282325445, 46.647973523859946 ], [ 36.763300277386804, 46.648276149325739 ], [ 36.763663154731717, 46.648178148403758 ] ] ] ] } },
{ "type": "Feature", "properties": { "NAME_LAT": "Lvivska", "ID": 13.0, "TYPE": "Області, автономії та ради", "NAME_UA": "Львівська", "NAME_RUS": "Львовская", "KOATUU": "4600000000", "CODETOPO": "81210000", "CODENAME": "Межі областей та автономни", "CODE_PR": null, "LABEL": "Львівська область", "SHAPE_Leng": 10.573795302400001, "SHAPE_Area": 2.72042907772, "Tm_observed_anom_1951_1960": -0.1, "Tm_winter_observed_anom_1951_1960": 0.4, "Tm_spring_observed_anom_1951_1960": -1.1, "Tm_summer_observed_anom_1951_1960": 0.6, "Tm_autumn_observed_anom_1951_1960": -0.3, "Tm_observed_anom_1961_1970": -0.2, "Tm_winter_observed_anom_1961_1970": -1.3, "Tm_spring_observed_anom_1961_1970": -0.3, "Tm_summer_observed_anom_1961_1970": 0.3, "Tm_autumn_observed_anom_1961_1970": 0.6, "Tm_observed_anom_1971_1980": -0.1, "Tm_winter_observed_anom_1971_1980": 0.6, "Tm_spring_observed_anom_1971_1980": -0.1, "Tm_summer_observed_anom_1971_1980": -0.3, "Tm_autumn_observed_anom_1971_1980": -0.5, "Tm_observed_anom_1981_1990": 0.3, "Tm_winter_observed_anom_1981_1990": 0.7, "Tm_spring_observed_anom_1981_1990": 0.4, "Tm_summer_observed_anom_1981_1990": 0.0, "Tm_autumn_observed_anom_1981_1990": -0.1, "Tm_observed_anom_1991_2000": 0.6, "Tm_winter_observed_anom_1991_2000": 1.3, "Tm_spring_observed_anom_1991_2000": 0.5, "Tm_summer_observed_anom_1991_2000": 0.9, "Tm_autumn_observed_anom_1991_2000": -0.2, "Tm_observed_anom_2001_2010": 1.1, "Tm_winter_observed_anom_2001_2010": 1.0, "Tm_spring_observed_anom_2001_2010": 1.1, "Tm_summer_observed_anom_2001_2010": 1.6, "Tm_autumn_observed_anom_2001_2010": 0.6, "Tm_observed_anom_2011_2020": 2.0, "Tm_winter_observed_anom_2011_2020": 2.4, "Tm_spring_observed_anom_2011_2020": 1.7, "Tm_summer_observed_anom_2011_2020": 2.3, "Tm_autumn_observed_anom_2011_2020": 1.4, "RR_observed_anom_1951_1960": -8.0, "RR_winter_observed_anom_1951_1960": -6.0, "RR_spring_observed_anom_1951_1960": -18.0, "RR_summer_observed_anom_1951_1960": -7.0, "RR_autumn_observed_anom_1951_1960": -2.0, "RR_observed_anom_1961_1970": 2.0, "RR_winter_observed_anom_1961_1970": 19.0, "RR_spring_observed_anom_1961_1970": 2.0, "RR_summer_observed_anom_1961_1970": -2.0, "RR_autumn_observed_anom_1961_1970": -6.0, "RR_observed_anom_1971_1980": 3.0, "RR_winter_observed_anom_1971_1980": -11.0, "RR_spring_observed_anom_1971_1980": -1.0, "RR_summer_observed_anom_1971_1980": 7.0, "RR_autumn_observed_anom_1971_1980": 13.0, "RR_observed_anom_1981_1990": -5.0, "RR_winter_observed_anom_1981_1990": -8.0, "RR_spring_observed_anom_1981_1990": -1.0, "RR_summer_observed_anom_1981_1990": -5.0, "RR_autumn_observed_anom_1981_1990": -7.0, "RR_observed_anom_1991_2000": -1.0, "RR_winter_observed_anom_1991_2000": -10.0, "RR_spring_observed_anom_1991_2000": 0.0, "RR_summer_observed_anom_1991_2000": -10.0, "RR_autumn_observed_anom_1991_2000": 22.0, "RR_observed_anom_2001_2010": 5.0, "RR_winter_observed_anom_2001_2010": -4.0, "RR_spring_observed_anom_2001_2010": 10.0, "RR_summer_observed_anom_2001_2010": 2.0, "RR_autumn_observed_anom_2001_2010": 15.0, "RR_observed_anom_2011_2020": -4.0, "RR_winter_observed_anom_2011_2020": 1.0, "RR_spring_observed_anom_2011_2020": 5.0, "RR_summer_observed_anom_2011_2020": -15.0, "RR_autumn_observed_anom_2011_2020": 1.0 }, "geometry": { "type": "Polygon", "coordinates": [ [ [ 22.892869925907235, 48.909616271174912 ], [ 22.872231938254231, 48.955180509873571 ], [ 22.915641661234531, 48.967138569390386 ], [ 22.91877828429125, 48.982083866478149 ], [ 22.897903288406894, 49.004863696603252 ], [ 22.868769325344942, 49.003553084008558 ], [ 22.893903450184951, 49.016767510812883 ], [ 22.866599393448098, 49.039966476272809 ], [ 22.864700411095953, 49.066417011636702 ], [ 22.892800367843563, 49.094668975393802 ], [ 22.831490284350025, 49.111250249000705 ], [ 22.792999998651908, 49.138148000131025 ], [ 22.789053000096771, 49.157599998741887 ], [ 22.739144999942653, 49.158050998855458 ], [ 22.756408000129966, 49.182462000421879 ], [ 22.718711000113444, 49.164938999935828 ], [ 22.707489999764562, 49.175006000127723 ], [ 22.747462001271231, 49.216175000177032 ], [ 22.714995999666542, 49.226617999721839 ], [ 22.739493000702282, 49.247239000080697 ], [ 22.746839999567214, 49.360000000200785 ], [ 22.69671700118954, 49.495269999611708 ], [ 22.653104999996629, 49.50740799998016 ], [ 22.640710000367108, 49.529792998948665 ], [ 22.674931000166396, 49.549227001226029 ], [ 22.805379000241544, 49.693296999957511 ], [ 22.84692299779897, 49.709607000263759 ], [ 22.900070998978265, 49.766865001219742 ], [ 22.961726000355497, 49.804746999875078 ], [ 22.970515000068076, 49.838188999723457 ], [ 22.995422000225972, 49.842223999638804 ], [ 23.279234001348925, 50.099629999825538 ], [ 23.470399000914028, 50.217725000409359 ], [ 23.58111200101888, 50.266166000361522 ], [ 23.638265999876864, 50.320545998999592 ], [ 23.686467999599358, 50.332003000339114 ], [ 23.708694000228775, 50.379297999603921 ], [ 23.803214999173747, 50.40462900042894 ], [ 23.997756998887269, 50.412042999685639 ], [ 24.069869999601679, 50.502934001204096 ], [ 24.098516001313271, 50.599249000142152 ], [ 24.091860001039095, 50.623436000372067 ], [ 24.118032780789065, 50.647845800444259 ], [ 24.154356071776135, 50.646362467654683 ], [ 24.173534290675832, 50.616914948766805 ], [ 24.200799197226047, 50.6146980695612 ], [ 24.231261001195094, 50.583901000131959 ], [ 24.313067921048571, 50.571845079987384 ], [ 24.323679252096667, 50.599344983884805 ], [ 24.381216846880875, 50.609473877218591 ], [ 24.413888999178823, 50.586310998854458 ], [ 24.399027413685076, 50.574505631630529 ], [ 24.407254999919189, 50.560153501283992 ], [ 24.450389001552026, 50.539244123418484 ], [ 24.525064749939133, 50.553590999925632 ], [ 24.548371000022485, 50.533480999749258 ], [ 24.555307999765262, 50.492618000321386 ], [ 24.596310001106531, 50.497464999910733 ], [ 24.596857997599386, 50.413156013240325 ], [ 24.654878761246721, 50.410194480991436 ], [ 24.710322998708307, 50.381924000193351 ], [ 24.721673998756899, 50.373438000064596 ], [ 24.714108129187707, 50.34291258974514 ], [ 24.777343001079487, 50.337851000224418 ], [ 24.865678999886825, 50.359627999933195 ], [ 24.887132999089488, 50.358641000282887 ], [ 24.885340306710646, 50.344495124051662 ], [ 24.937643296801582, 50.34529058879059 ], [ 24.929099513432675, 50.377326959072832 ], [ 24.941910999893594, 50.389450000118359 ], [ 25.016360998662037, 50.341908000254932 ], [ 25.059096999028156, 50.342540998868913 ], [ 25.054213999577314, 50.300778000205469 ], [ 25.204609001305244, 50.279514999918263 ], [ 25.206490999960579, 50.247194999650446 ], [ 25.191150001172502, 50.248714999598462 ], [ 25.165728999794396, 50.209058000027596 ], [ 25.215006998774868, 50.179652000140607 ], [ 25.197127999858196, 50.131259999750114 ], [ 25.311365999741952, 50.023336999703702 ], [ 25.402347000014913, 49.985716999640715 ], [ 25.403579001070909, 49.948322000061182 ], [ 25.426774997868733, 49.942004000085433 ], [ 25.38771000041703, 49.932377000399185 ], [ 25.375199999081588, 49.868005999678076 ], [ 25.29747279883145, 49.853748399769756 ], [ 25.287825998771723, 49.828467000152841 ], [ 25.180263000038281, 49.837753001200952 ], [ 25.137043999881541, 49.814718000136509 ], [ 25.083391186754739, 49.827201205272331 ], [ 25.090158373810766, 49.782219873849044 ], [ 25.073290999780681, 49.769733000378608 ], [ 25.111851000923821, 49.741481999795383 ], [ 25.067478000610095, 49.711315999934357 ], [ 25.02265000089767, 49.736015000392854 ], [ 24.999351001148682, 49.700024999954678 ], [ 24.998814256073956, 49.66005924244098 ], [ 24.982913124442007, 49.636716136341533 ], [ 24.960320463019798, 49.639118935091687 ], [ 24.954289998785271, 49.615464999910728 ], [ 24.93187960116353, 49.616747424155221 ], [ 24.942060918677328, 49.609150816657802 ], [ 24.872133468385755, 49.609001680284223 ], [ 24.833625851852446, 49.599283302283482 ], [ 24.839449669867236, 49.580829499882441 ], [ 24.82962189563483, 49.592521412234305 ], [ 24.792795731638591, 49.572713361233582 ], [ 24.72109829325251, 49.571960384964711 ], [ 24.720902908343419, 49.496836910895638 ], [ 24.638548000091021, 49.497492998703876 ], [ 24.572582474402566, 49.534742704712983 ], [ 24.519448999972269, 49.52160400082488 ], [ 24.507580125323386, 49.535511700605412 ], [ 24.523478468157634, 49.540045783786809 ], [ 24.495315519296639, 49.557504834381518 ], [ 24.435204449726427, 49.53717895734394 ], [ 24.43978864583022, 49.511761500193984 ], [ 24.401227423407761, 49.495465156093019 ], [ 24.417641998680153, 49.473291998727689 ], [ 24.410750001012616, 49.444603999575861 ], [ 24.370035000315909, 49.429817000255298 ], [ 24.388232999554134, 49.395068000388846 ], [ 24.429167999604374, 49.373693000332594 ], [ 24.399322000111113, 49.361730999986605 ], [ 24.381356999027162, 49.311243000964623 ], [ 24.300232999154446, 49.316138000069543 ], [ 24.298812584733867, 49.292050026888148 ], [ 24.305312354782245, 49.277453589412517 ], [ 24.339048056123772, 49.292143213739223 ], [ 24.363944194270005, 49.280453973273154 ], [ 24.34765199874164, 49.232734000274831 ], [ 24.449795000239931, 49.230714999798352 ], [ 24.436644999068335, 49.174080453850763 ], [ 24.358419715598245, 49.186103435426105 ], [ 24.235619521424667, 49.144126944903519 ], [ 24.172007999970106, 49.143856999901573 ], [ 24.159725000109518, 49.127210001141577 ], [ 24.058504998907438, 49.147062000212088 ], [ 24.021664998841516, 49.116254000422714 ], [ 23.969983998763382, 49.139965000285429 ], [ 23.905283999058156, 49.09946599965707 ], [ 23.752108000384794, 49.123976000393043 ], [ 23.691814998863947, 49.096246999600282 ], [ 23.672845999144386, 49.035941001077276 ], [ 23.621609999802502, 49.025320999665325 ], [ 23.624680000182707, 49.013831000401296 ], [ 23.565578998772651, 48.974062000162121 ], [ 23.585800999617334, 48.953261999642507 ], [ 23.56278400028225, 48.910133000038854 ], [ 23.577261999742348, 48.886472999830005 ], [ 23.60775700038613, 48.878128999954299 ], [ 23.576031999677923, 48.866846000343571 ], [ 23.552670999767713, 48.823138001018833 ], [ 23.578869999251935, 48.78526600012674 ], [ 23.544327999938105, 48.741735000870506 ], [ 23.55808621081087, 48.725160259039626 ], [ 23.511737981823273, 48.734746546416886 ], [ 23.471870870944826, 48.718299849159621 ], [ 23.396825324030374, 48.732883268049306 ], [ 23.361555804657542, 48.770696398420966 ], [ 23.3257271327019, 48.753402982262742 ], [ 23.285842744048239, 48.775888433705177 ], [ 23.267973238375134, 48.76167274939877 ], [ 23.201760230051434, 48.760436142015237 ], [ 23.131049622243154, 48.853555057420863 ], [ 23.091286110566443, 48.861835694662489 ], [ 23.021004913746651, 48.847834572408487 ], [ 23.001008472763658, 48.82951416194993 ], [ 22.974846893170422, 48.844639484425613 ], [ 22.970707598877482, 48.874383750810352 ], [ 22.892869925907235, 48.909616271174912 ] ] ] } },
{ "type": "Feature", "properties": { "NAME_LAT": "Ternopilska", "ID": 19.0, "TYPE": "Області, автономії та ради", "NAME_UA": "Тернопільська", "NAME_RUS": "Тернопольская", "KOATUU": "6100000000", "CODETOPO": "81210000", "CODENAME": "Межі областей та автономни", "CODE_PR": null, "LABEL": "Тернопільська область", "SHAPE_Leng": 10.3706989977, "SHAPE_Area": 1.71209624292, "Tm_observed_anom_1951_1960": -0.1, "Tm_winter_observed_anom_1951_1960": 0.3, "Tm_spring_observed_anom_1951_1960": -1.1, "Tm_summer_observed_anom_1951_1960": 0.7, "Tm_autumn_observed_anom_1951_1960": -0.4, "Tm_observed_anom_1961_1970": -0.2, "Tm_winter_observed_anom_1961_1970": -1.3, "Tm_spring_observed_anom_1961_1970": -0.3, "Tm_summer_observed_anom_1961_1970": 0.3, "Tm_autumn_observed_anom_1961_1970": 0.6, "Tm_observed_anom_1971_1980": -0.1, "Tm_winter_observed_anom_1971_1980": 0.6, "Tm_spring_observed_anom_1971_1980": -0.1, "Tm_summer_observed_anom_1971_1980": -0.3, "Tm_autumn_observed_anom_1971_1980": -0.5, "Tm_observed_anom_1981_1990": 0.3, "Tm_winter_observed_anom_1981_1990": 0.8, "Tm_spring_observed_anom_1981_1990": 0.4, "Tm_summer_observed_anom_1981_1990": 0.0, "Tm_autumn_observed_anom_1981_1990": -0.1, "Tm_observed_anom_1991_2000": 0.6, "Tm_winter_observed_anom_1991_2000": 1.4, "Tm_spring_observed_anom_1991_2000": 0.5, "Tm_summer_observed_anom_1991_2000": 0.9, "Tm_autumn_observed_anom_1991_2000": -0.3, "Tm_observed_anom_2001_2010": 1.1, "Tm_winter_observed_anom_2001_2010": 1.0, "Tm_spring_observed_anom_2001_2010": 1.3, "Tm_summer_observed_anom_2001_2010": 1.6, "Tm_autumn_observed_anom_2001_2010": 0.7, "Tm_observed_anom_2011_2020": 2.0, "Tm_winter_observed_anom_2011_2020": 2.3, "Tm_spring_observed_anom_2011_2020": 1.9, "Tm_summer_observed_anom_2011_2020": 2.4, "Tm_autumn_observed_anom_2011_2020": 1.5, "RR_observed_anom_1951_1960": -8.0, "RR_winter_observed_anom_1951_1960": -11.0, "RR_spring_observed_anom_1951_1960": -14.0, "RR_summer_observed_anom_1951_1960": -8.0, "RR_autumn_observed_anom_1951_1960": 2.0, "RR_observed_anom_1961_1970": 0.0, "RR_winter_observed_anom_1961_1970": 22.0, "RR_spring_observed_anom_1961_1970": -1.0, "RR_summer_observed_anom_1961_1970": -5.0, "RR_autumn_observed_anom_1961_1970": -11.0, "RR_observed_anom_1971_1980": 6.0, "RR_winter_observed_anom_1971_1980": -12.0, "RR_spring_observed_anom_1971_1980": 7.0, "RR_summer_observed_anom_1971_1980": 6.0, "RR_autumn_observed_anom_1971_1980": 22.0, "RR_observed_anom_1981_1990": -6.0, "RR_winter_observed_anom_1981_1990": -10.0, "RR_spring_observed_anom_1981_1990": -5.0, "RR_summer_observed_anom_1981_1990": -2.0, "RR_autumn_observed_anom_1981_1990": -12.0, "RR_observed_anom_1991_2000": 0.0, "RR_winter_observed_anom_1991_2000": -12.0, "RR_spring_observed_anom_1991_2000": -4.0, "RR_summer_observed_anom_1991_2000": -2.0, "RR_autumn_observed_anom_1991_2000": 22.0, "RR_observed_anom_2001_2010": 6.0, "RR_winter_observed_anom_2001_2010": -8.0, "RR_spring_observed_anom_2001_2010": 6.0, "RR_summer_observed_anom_2001_2010": 5.0, "RR_autumn_observed_anom_2001_2010": 22.0, "RR_observed_anom_2011_2020": -7.0, "RR_winter_observed_anom_2011_2020": -7.0, "RR_spring_observed_anom_2011_2020": 2.0, "RR_summer_observed_anom_2011_2020": -19.0, "RR_autumn_observed_anom_2011_2020": 6.0 }, "geometry": { "type": "Polygon", "coordinates": [ [ [ 26.218113998862805, 50.230215999969346 ], [ 26.186022000116111, 50.229275998889136 ], [ 26.179273000049761, 50.197093000442521 ], [ 26.21920234041653, 50.181178975230466 ], [ 26.208569219694596, 50.154135143622909 ], [ 26.242512311894529, 50.143153327864695 ], [ 26.234775936261315, 50.131164979181392 ], [ 26.273520277739522, 50.102901531981047 ], [ 26.198146463889088, 50.098314057848427 ], [ 26.199768851652038, 50.067731447049539 ], [ 26.226890973740296, 50.047338957228021 ], [ 26.175915167152141, 50.025154567330333 ], [ 26.2106070133039, 50.015896537895856 ], [ 26.202383312141023, 49.992140756291803 ], [ 26.172076655614035, 49.99404332514024 ], [ 26.142021070017222, 49.972347587272282 ], [ 26.166240213815684, 49.92223942141311 ], [ 26.132736255174905, 49.898435890304995 ], [ 26.200931252376279, 49.866259158334401 ], [ 26.178188969845962, 49.847229479557768 ], [ 26.240787807911886, 49.775645180381673 ], [ 26.243456564070073, 49.745313592848959 ], [ 26.190838301347412, 49.714152051576832 ], [ 26.241266373145493, 49.69360860695258 ], [ 26.272434798727829, 49.656859904262092 ], [ 26.262600237311972, 49.637544758184958 ], [ 26.231078590405502, 49.63647464319115 ], [ 26.199401246571142, 49.608984691191495 ], [ 26.219189001671964, 49.551255614555885 ], [ 26.175790933905375, 49.549380482224421 ], [ 26.142274222877973, 49.50945963055841 ], [ 26.190357662277165, 49.479389945390608 ], [ 26.193306502394023, 49.430149165752312 ], [ 26.235344017313423, 49.400492371926362 ], [ 26.219416070596083, 49.378514058977544 ], [ 26.244664241162695, 49.369418857195399 ], [ 26.231952806977347, 49.35780745305243 ], [ 26.243665508057632, 49.347378957773628 ], [ 26.229034712882594, 49.350347877953141 ], [ 26.226058968647351, 49.327937551377829 ], [ 26.259516992616, 49.289554991870318 ], [ 26.241425940755448, 49.277036991065188 ], [ 26.258380398837232, 49.264070449792371 ], [ 26.244886288272482, 49.244723425446637 ], [ 26.202857808841657, 49.244637847759407 ], [ 26.183148605924316, 49.195937484228409 ], [ 26.189719293811208, 49.17163810111839 ], [ 26.210841946799292, 49.161947378169884 ], [ 26.189937270589439, 49.158398198319105 ], [ 26.205517984568189, 49.132833114757375 ], [ 26.192054348430304, 49.077324959780015 ], [ 26.215455416734983, 49.072691326144707 ], [ 26.183350000103303, 49.056242000169107 ], [ 26.215967999724285, 49.009660999656319 ], [ 26.176999999551185, 48.995715000447831 ], [ 26.21222499978478, 48.982453000406565 ], [ 26.178329999730579, 48.975029999835556 ], [ 26.208053999893082, 48.954930000120328 ], [ 26.198789998960137, 48.918399999960968 ], [ 26.183974000100875, 48.915316999880588 ], [ 26.196444001390432, 48.903250000088349 ], [ 26.224622000405873, 48.909170999742742 ], [ 26.204413000160685, 48.895871999793883 ], [ 26.213953000331571, 48.881363999849611 ], [ 26.19961400008691, 48.859452000210581 ], [ 26.233292000026665, 48.819004000135408 ], [ 26.257992999678095, 48.815614000286814 ], [ 26.224908000105017, 48.813410000272199 ], [ 26.233557999702782, 48.790565999921853 ], [ 26.206885000842988, 48.798019000077716 ], [ 26.244776000812635, 48.755984999708915 ], [ 26.222837999974615, 48.753090000204281 ], [ 26.243351157231018, 48.736868964432063 ], [ 26.237984999708829, 48.697367999934158 ], [ 26.220293749557754, 48.687841500385844 ], [ 26.245295780177003, 48.683941536373709 ], [ 26.24781774719213, 48.667884119657344 ], [ 26.277101325966271, 48.673486035353164 ], [ 26.273177001118597, 48.64693599989738 ], [ 26.307479000156604, 48.656875999628596 ], [ 26.28783199974788, 48.639768000293884 ], [ 26.323573000394504, 48.629734999871289 ], [ 26.2928999987368, 48.622526000175696 ], [ 26.359610001201474, 48.587619000217614 ], [ 26.336414999953149, 48.569665999687061 ], [ 26.364869000005228, 48.557863000378063 ], [ 26.360295999561629, 48.541670000071349 ], [ 26.379730999187132, 48.564626000190685 ], [ 26.443323174425814, 48.538615582244233 ], [ 26.390119015081382, 48.53424700039966 ], [ 26.355090548191129, 48.507573000594448 ], [ 26.299608620142578, 48.509885000193549 ], [ 26.267858001346553, 48.5399750010464 ], [ 26.168696999767576, 48.528326998992725 ], [ 26.147359999665127, 48.54514000091126 ], [ 26.144624001197599, 48.59824400006147 ], [ 26.118295000214971, 48.620041999839316 ], [ 26.095981000023983, 48.59955500116331 ], [ 26.127082000734617, 48.55439799886949 ], [ 26.091878000570148, 48.538753999598327 ], [ 26.044349000406896, 48.585280000272689 ], [ 26.065884998894433, 48.607142001203329 ], [ 26.046647000259725, 48.649003999935587 ], [ 26.020999000104666, 48.610335000061127 ], [ 25.973639998787803, 48.620521000344809 ], [ 25.914457000790833, 48.586830999851657 ], [ 25.84911200011959, 48.597118001195724 ], [ 25.854558002150952, 48.620361000160926 ], [ 25.784617000874789, 48.675110998774471 ], [ 25.733543000909663, 48.633534998842038 ], [ 25.711900025366731, 48.662983864914338 ], [ 25.624713214444171, 48.675882330206321 ], [ 25.654700978568201, 48.705489669413623 ], [ 25.611579913682931, 48.725854425941918 ], [ 25.642238174552972, 48.748390226828406 ], [ 25.55363400060952, 48.800040944934608 ], [ 25.454227459830292, 48.83145406075721 ], [ 25.469598489679413, 48.85610603476664 ], [ 25.453017205280673, 48.866681553911519 ], [ 25.427534160573941, 48.868969242137723 ], [ 25.43905315757803, 48.847465604854676 ], [ 25.428042234362522, 48.842739291585985 ], [ 25.355235618030235, 48.859838413712737 ], [ 25.327136870870788, 48.838049642777719 ], [ 25.262153778075287, 48.8669594066522 ], [ 25.212648032981235, 48.846515193222501 ], [ 25.232893811001475, 48.932823748717965 ], [ 25.190582731308893, 48.926791882440341 ], [ 25.198159983597236, 48.914694159109104 ], [ 25.170745234705691, 48.89779609841213 ], [ 25.172265862380527, 48.870655276720584 ], [ 25.143079309663278, 48.868472623913362 ], [ 25.119948674692466, 48.923891426748867 ], [ 25.149155278694025, 48.943894924711913 ], [ 25.111464662065373, 48.964060621701265 ], [ 25.121113607008226, 48.995107780900298 ], [ 25.08013117581396, 48.984405136288956 ], [ 25.019221623380076, 49.011632437687751 ], [ 24.967220210145456, 48.993093018928619 ], [ 24.969822747422711, 49.011468455305874 ], [ 24.906707992580664, 49.050009196568112 ], [ 24.9180332288513, 49.083377291929423 ], [ 24.992929726626471, 49.071485471977894 ], [ 24.973815021446967, 49.096786038845551 ], [ 24.987093541134868, 49.1170381076235 ], [ 24.901510467834669, 49.129338757578523 ], [ 24.858176719580797, 49.163802641779398 ], [ 24.858482973811078, 49.17795055857232 ], [ 24.935147562111183, 49.235207153887984 ], [ 24.843300001194962, 49.262490000114326 ], [ 24.827136001326267, 49.318415999899401 ], [ 24.85943699981857, 49.346918001265692 ], [ 24.827594000863314, 49.385059001072989 ], [ 24.778647000059891, 49.381362999703583 ], [ 24.770891000320262, 49.431584999948711 ], [ 24.724209141739379, 49.481864588281042 ], [ 24.718899282676603, 49.570333713730804 ], [ 24.792795731638591, 49.572713361233582 ], [ 24.82962189563483, 49.592521412234305 ], [ 24.83597466879678, 49.579986499678114 ], [ 24.834391463596035, 49.59963412241774 ], [ 24.954289998785271, 49.615464999910728 ], [ 24.960320463019798, 49.639118935091687 ], [ 24.982913124442007, 49.636716136341533 ], [ 24.998814256073956, 49.66005924244098 ], [ 24.999351001148682, 49.700024999954678 ], [ 25.02265000089767, 49.736015000392854 ], [ 25.067478000610095, 49.711315999934357 ], [ 25.115012000104571, 49.745660000009934 ], [ 25.073290999780681, 49.769733000378608 ], [ 25.090158373810766, 49.782219873849044 ], [ 25.083391186754739, 49.827201205272331 ], [ 25.137043999881541, 49.814718000136509 ], [ 25.180263000038281, 49.837753001200952 ], [ 25.28600700032365, 49.828018001030841 ], [ 25.29747279883145, 49.853748399769756 ], [ 25.375199999081588, 49.868005999678076 ], [ 25.38771000041703, 49.932377000399185 ], [ 25.426774997868733, 49.942004000085433 ], [ 25.403579001070909, 49.948322000061182 ], [ 25.402347000014913, 49.985716999640715 ], [ 25.348284999853718, 50.00340499874261 ], [ 25.352132000092581, 50.016542000214088 ], [ 25.363587000440589, 50.045942998971157 ], [ 25.431250000088312, 50.052918999613041 ], [ 25.454371999768853, 50.094267999869203 ], [ 25.488434000329732, 50.102175001176306 ], [ 25.44841400020681, 50.124052000100619 ], [ 25.44927100015741, 50.150303000184238 ], [ 25.475690999940582, 50.165847001139127 ], [ 25.554143999846588, 50.150509999837539 ], [ 25.575659000063695, 50.176344998723607 ], [ 25.625313000195661, 50.152079000246601 ], [ 25.686723999313983, 50.177946999755136 ], [ 25.721855999755462, 50.173838000024602 ], [ 25.727926000885134, 50.187220000203752 ], [ 25.821161999927256, 50.181595999856427 ], [ 25.854413000860177, 50.189254999619436 ], [ 25.921925000739066, 50.254165000015689 ], [ 25.945780000047819, 50.258158999838884 ], [ 26.008572999045555, 50.228581000113991 ], [ 26.06073199868365, 50.255554000217842 ], [ 26.164608438929179, 50.23124278202971 ], [ 26.191500000025826, 50.262978999981783 ], [ 26.220774000120855, 50.266967001326975 ], [ 26.218113998862805, 50.230215999969346 ] ] ] } },
{ "type": "Feature", "properties": { "NAME_LAT": "Rivnenska", "ID": 17.0, "TYPE": "Області, автономії та ради", "NAME_UA": "Рівненська", "NAME_RUS": "Ровенская", "KOATUU": "5600000000", "CODETOPO": "81210000", "CODENAME": "Межі областей та автономни", "CODE_PR": null, "LABEL": "Рівненська область", "SHAPE_Leng": 13.8325869379, "SHAPE_Area": 2.5708359571699999, "Tm_observed_anom_1951_1960": -0.1, "Tm_winter_observed_anom_1951_1960": 0.4, "Tm_spring_observed_anom_1951_1960": -1.1, "Tm_summer_observed_anom_1951_1960": 0.7, "Tm_autumn_observed_anom_1951_1960": -0.4, "Tm_observed_anom_1961_1970": -0.2, "Tm_winter_observed_anom_1961_1970": -1.4, "Tm_spring_observed_anom_1961_1970": -0.3, "Tm_summer_observed_anom_1961_1970": 0.3, "Tm_autumn_observed_anom_1961_1970": 0.5, "Tm_observed_anom_1971_1980": -0.1, "Tm_winter_observed_anom_1971_1980": 0.5, "Tm_spring_observed_anom_1971_1980": -0.2, "Tm_summer_observed_anom_1971_1980": -0.2, "Tm_autumn_observed_anom_1971_1980": -0.4, "Tm_observed_anom_1981_1990": 0.3, "Tm_winter_observed_anom_1981_1990": 0.9, "Tm_spring_observed_anom_1981_1990": 0.5, "Tm_summer_observed_anom_1981_1990": -0.0, "Tm_autumn_observed_anom_1981_1990": -0.1, "Tm_observed_anom_1991_2000": 0.6, "Tm_winter_observed_anom_1991_2000": 1.5, "Tm_spring_observed_anom_1991_2000": 0.6, "Tm_summer_observed_anom_1991_2000": 0.8, "Tm_autumn_observed_anom_1991_2000": -0.4, "Tm_observed_anom_2001_2010": 1.2, "Tm_winter_observed_anom_2001_2010": 1.1, "Tm_spring_observed_anom_2001_2010": 1.2, "Tm_summer_observed_anom_2001_2010": 1.6, "Tm_autumn_observed_anom_2001_2010": 0.7, "Tm_observed_anom_2011_2020": 2.0, "Tm_winter_observed_anom_2011_2020": 2.4, "Tm_spring_observed_anom_2011_2020": 1.9, "Tm_summer_observed_anom_2011_2020": 2.3, "Tm_autumn_observed_anom_2011_2020": 1.4, "RR_observed_anom_1951_1960": -4.0, "RR_winter_observed_anom_1951_1960": -8.0, "RR_spring_observed_anom_1951_1960": -6.0, "RR_summer_observed_anom_1951_1960": -10.0, "RR_autumn_observed_anom_1951_1960": 14.0, "RR_observed_anom_1961_1970": 0.0, "RR_winter_observed_anom_1961_1970": 16.0, "RR_spring_observed_anom_1961_1970": 3.0, "RR_summer_observed_anom_1961_1970": -5.0, "RR_autumn_observed_anom_1961_1970": -11.0, "RR_observed_anom_1971_1980": 3.0, "RR_winter_observed_anom_1971_1980": -6.0, "RR_spring_observed_anom_1971_1980": 2.0, "RR_summer_observed_anom_1971_1980": 3.0, "RR_autumn_observed_anom_1971_1980": 15.0, "RR_observed_anom_1981_1990": -3.0, "RR_winter_observed_anom_1981_1990": -10.0, "RR_spring_observed_anom_1981_1990": -5.0, "RR_summer_observed_anom_1981_1990": 2.0, "RR_autumn_observed_anom_1981_1990": -4.0, "RR_observed_anom_1991_2000": 1.0, "RR_winter_observed_anom_1991_2000": -13.0, "RR_spring_observed_anom_1991_2000": -2.0, "RR_summer_observed_anom_1991_2000": 2.0, "RR_autumn_observed_anom_1991_2000": 15.0, "RR_observed_anom_2001_2010": 3.0, "RR_winter_observed_anom_2001_2010": -9.0, "RR_spring_observed_anom_2001_2010": 7.0, "RR_summer_observed_anom_2001_2010": 4.0, "RR_autumn_observed_anom_2001_2010": 9.0, "RR_observed_anom_2011_2020": -3.0, "RR_winter_observed_anom_2011_2020": 1.0, "RR_spring_observed_anom_2011_2020": 7.0, "RR_summer_observed_anom_2011_2020": -10.0, "RR_autumn_observed_anom_2011_2020": -2.0 }, "geometry": { "type": "Polygon", "coordinates": [ [ [ 25.78338099873497, 51.94882500037437 ], [ 25.827918000316345, 51.942086999916057 ], [ 25.819560999841144, 51.928073000269649 ], [ 25.830554999614435, 51.92458699959127 ], [ 25.927438998711693, 51.915622999902439 ], [ 26.000433998730955, 51.933342001333244 ], [ 26.044941998974934, 51.926071998824625 ], [ 26.09536000016476, 51.912538999775961 ], [ 26.156151173938383, 51.865756602386227 ], [ 26.373621999856255, 51.863123999873608 ], [ 26.395927998778973, 51.877621000209899 ], [ 26.397992001330692, 51.831790000109322 ], [ 26.430618001320568, 51.832854999759377 ], [ 26.443242999865447, 51.809094001188157 ], [ 26.47074199994421, 51.813265000180536 ], [ 26.47090000003584, 51.799783999932572 ], [ 26.547752999901888, 51.797413001209975 ], [ 26.594571998799552, 51.829935000900491 ], [ 26.693972999755033, 51.823494998896024 ], [ 26.754277999131205, 51.802520000198797 ], [ 26.75514200030392, 51.776906999859079 ], [ 26.795805000401344, 51.755862999778572 ], [ 26.848629000129108, 51.766278999876874 ], [ 26.950784001281534, 51.735358000272413 ], [ 26.999994998970919, 51.768623000951663 ], [ 27.205907999655324, 51.77031199969997 ], [ 27.209569001209331, 51.664628000382834 ], [ 27.274539000775121, 51.654606998714939 ], [ 27.246896998598459, 51.620065000300428 ], [ 27.258345001321629, 51.602065001199776 ], [ 27.360931999912737, 51.616173998931856 ], [ 27.428693999629274, 51.606060000169805 ], [ 27.456262999338833, 51.620337000253301 ], [ 27.470560998592077, 51.606803000259163 ], [ 27.485071999574018, 51.613934000854385 ], [ 27.483408999326741, 51.59326400003448 ], [ 27.504983999612762, 51.586881999805371 ], [ 27.528307999615379, 51.607455998896171 ], [ 27.513862999878427, 51.606615998830193 ], [ 27.509784998879468, 51.629104998997434 ], [ 27.519985998955576, 51.637149000327042 ], [ 27.54057516691131, 51.621550835003973 ], [ 27.54994924396334, 51.637445526590682 ], [ 27.619688084838117, 51.605285557983052 ], [ 27.645497204833021, 51.616069538179545 ], [ 27.722792442717946, 51.603600488372763 ], [ 27.720500324431327, 51.561284557737054 ], [ 27.676360363640754, 51.539364518158891 ], [ 27.669161662981253, 51.496965798633653 ], [ 27.57898760369585, 51.478243729365545 ], [ 27.582095164261318, 51.429805019986588 ], [ 27.59868900229651, 51.430190984727062 ], [ 27.614270163238302, 51.402732974847822 ], [ 27.584771043050068, 51.401582009902768 ], [ 27.528873123696599, 51.431916960000649 ], [ 27.534142083391316, 51.452682029952655 ], [ 27.504743044256941, 51.452019045243674 ], [ 27.494613003388281, 51.376208041269024 ], [ 27.527559842813389, 51.353625961270041 ], [ 27.490842985116558, 51.315575805579897 ], [ 27.44072892420138, 51.310542015002909 ], [ 27.461391260099447, 51.264147282072315 ], [ 27.447359622949136, 51.258219637327329 ], [ 27.47290908978357, 51.237154290039371 ], [ 27.400983844129996, 51.20058298491773 ], [ 27.397965537680307, 51.170274303117537 ], [ 27.364307528770325, 51.142828702983195 ], [ 27.367502043885111, 51.098019029655404 ], [ 27.324816916368491, 51.081718520794027 ], [ 27.326308635336147, 51.042498242800605 ], [ 27.219796024967479, 51.030333000168753 ], [ 27.226261084782095, 51.007922009893775 ], [ 27.200035084952106, 51.000029010131641 ], [ 27.238043623615226, 50.945508122802551 ], [ 27.21726396486099, 50.917533974913908 ], [ 27.25584408203963, 50.895895708221303 ], [ 27.230803656664307, 50.839743399439271 ], [ 27.233994872166477, 50.795624025029667 ], [ 27.241514011163588, 50.770186965357084 ], [ 27.27035918932603, 50.76285201021301 ], [ 27.275784845095416, 50.721916994874334 ], [ 27.243824624907404, 50.672972327811578 ], [ 27.204096964704036, 50.66794700974765 ], [ 27.213434909694229, 50.639366969710807 ], [ 27.185673568381333, 50.625643959202307 ], [ 27.22471913957753, 50.605848382697616 ], [ 27.215315910102049, 50.588369010122619 ], [ 27.23181472487056, 50.566794429819993 ], [ 27.13069069841788, 50.560865163597327 ], [ 27.11791604099335, 50.594744159316406 ], [ 27.079462596922212, 50.583675987058086 ], [ 27.064806165672906, 50.562089317169182 ], [ 27.072809884569381, 50.550987449112426 ], [ 27.017519485137029, 50.559002554325332 ], [ 26.982791461057957, 50.52274346503981 ], [ 26.899663912860149, 50.546353328044574 ], [ 26.856317939222379, 50.509003293668002 ], [ 26.827239278171021, 50.523066854952333 ], [ 26.817377416035811, 50.502526487808097 ], [ 26.765042990142774, 50.489080573710453 ], [ 26.761561361068857, 50.470457003588763 ], [ 26.786549858689909, 50.467714095629958 ], [ 26.742741372717035, 50.461528376034664 ], [ 26.745169206794344, 50.479600523246461 ], [ 26.734398755998654, 50.477254585031972 ], [ 26.736947505723663, 50.444787170592349 ], [ 26.717582824088936, 50.44576503133203 ], [ 26.712585383209728, 50.416961954031876 ], [ 26.692017727037353, 50.420112087603684 ], [ 26.682467449414162, 50.389312571119206 ], [ 26.659506193656796, 50.392214863226286 ], [ 26.647964206383904, 50.36457530180968 ], [ 26.601868553791576, 50.368240796376597 ], [ 26.586610787258905, 50.339649458156885 ], [ 26.55272899015165, 50.330254715583578 ], [ 26.560642920735063, 50.316993288410458 ], [ 26.527064823783462, 50.310949486330628 ], [ 26.496083988685996, 50.275728145438507 ], [ 26.503253535123406, 50.262838851432775 ], [ 26.383106317603335, 50.260761868066709 ], [ 26.323983424896028, 50.231146621120615 ], [ 26.27369999735788, 50.178734373293594 ], [ 26.229466357787032, 50.171997855817324 ], [ 26.179273000049761, 50.197093000442521 ], [ 26.186022000116111, 50.229275998889136 ], [ 26.218113998862805, 50.230215999969346 ], [ 26.220774000120855, 50.266967001326975 ], [ 26.191500000025826, 50.262978999981783 ], [ 26.164608438929179, 50.23124278202971 ], [ 26.06073199868365, 50.255554000217842 ], [ 26.008572999045555, 50.228581000113991 ], [ 25.937985000308402, 50.257418998988555 ], [ 25.854413000860177, 50.189254999619436 ], [ 25.821161999927256, 50.181595999856427 ], [ 25.727926000885134, 50.187220000203752 ], [ 25.721855999755462, 50.173838000024602 ], [ 25.686723999313983, 50.177946999755136 ], [ 25.625313000195661, 50.152079000246601 ], [ 25.575659000063695, 50.176344998723607 ], [ 25.554143999846588, 50.150509999837539 ], [ 25.475690999940582, 50.165847001139127 ], [ 25.44927100015741, 50.150303000184238 ], [ 25.44841400020681, 50.124052000100619 ], [ 25.488434000329732, 50.102175001176306 ], [ 25.454371999768853, 50.094267999869203 ], [ 25.431250000088312, 50.052918999613041 ], [ 25.363587000440589, 50.045942998971157 ], [ 25.348284999853718, 50.00340499874261 ], [ 25.211248935191065, 50.114925059444886 ], [ 25.197127999858196, 50.131259999750114 ], [ 25.215006998774868, 50.179652000140607 ], [ 25.165728999794396, 50.209058000027596 ], [ 25.191150001172502, 50.248714999598462 ], [ 25.206490999960579, 50.247194999650446 ], [ 25.204609001305244, 50.279514999918263 ], [ 25.119692000985935, 50.282828999859362 ], [ 25.101051000204393, 50.300658000067585 ], [ 25.166675000251928, 50.331178000065563 ], [ 25.145860999986041, 50.344712000059701 ], [ 25.142304999676867, 50.370433000883224 ], [ 25.168514999668389, 50.380206000107762 ], [ 25.179157000296186, 50.362575000037168 ], [ 25.198407001282931, 50.36344599973404 ], [ 25.209316998981194, 50.381338000149526 ], [ 25.169642000378872, 50.394497999983628 ], [ 25.158724999659853, 50.429936000147222 ], [ 25.13862300075175, 50.42903900105 ], [ 25.15192400079286, 50.447334000264846 ], [ 25.139418998788642, 50.461641999979236 ], [ 25.083891000270341, 50.475455000248985 ], [ 25.149999999301372, 50.466942999820503 ], [ 25.156976999090091, 50.480309000161128 ], [ 25.160134000784353, 50.505859000293526 ], [ 25.121493002201134, 50.530681000128993 ], [ 25.123678001339556, 50.55349099981072 ], [ 25.300496000291048, 50.538558000052603 ], [ 25.321977999885632, 50.568588999983263 ], [ 25.318698999759931, 50.583236000042291 ], [ 25.300160000084816, 50.579601998834107 ], [ 25.292211000438215, 50.630536998684477 ], [ 25.327455999795404, 50.612925001288716 ], [ 25.403882999801453, 50.611421000279847 ], [ 25.355048998813118, 50.64284199955955 ], [ 25.385656000125152, 50.658156999846597 ], [ 25.381094001088172, 50.686484000337259 ], [ 25.457346000218593, 50.662590001028661 ], [ 25.470035999062986, 50.679354999834288 ], [ 25.601592999917898, 50.696114000161913 ], [ 25.606483998838371, 50.717669000424962 ], [ 25.693960000254663, 50.724743000190244 ], [ 25.695289998635417, 50.704075000361911 ], [ 25.723199998781809, 50.683031000281346 ], [ 25.708533999645226, 50.671374998758097 ], [ 25.77653899977588, 50.674958000312415 ], [ 25.829476900439488, 50.619933906325628 ], [ 25.843748000071002, 50.631070999927601 ], [ 25.823704000240298, 50.64646000002989 ], [ 25.876442998746256, 50.701641999679453 ], [ 25.87163900113984, 50.739489000318031 ], [ 25.901412999111471, 50.832349000007241 ], [ 26.022677000144313, 50.820726000005834 ], [ 26.040017001184538, 50.840607999560461 ], [ 26.014157001145577, 50.865830999901675 ], [ 25.991807000193774, 50.865839000270569 ], [ 26.001225000134525, 50.934989000143162 ], [ 25.966795998837142, 50.956966999228541 ], [ 26.08074799992113, 50.971667999979161 ], [ 26.085855998956049, 51.002398999814886 ], [ 26.106773001273837, 51.005224999734878 ], [ 26.091264000134345, 51.050475999168953 ], [ 26.017850999724715, 51.082997999758788 ], [ 25.940401000206862, 51.084085998670844 ], [ 25.941655998726219, 51.119443998742497 ], [ 26.059278000879885, 51.142969999966454 ], [ 26.065476999864529, 51.179356999826609 ], [ 25.994954999674349, 51.227888001231179 ], [ 25.949253001026023, 51.232812999920952 ], [ 25.937846000193645, 51.277994999770328 ], [ 25.843494000048963, 51.322614999783355 ], [ 25.821470999787664, 51.345063999904596 ], [ 25.844084001176611, 51.375454000202865 ], [ 25.832219999953907, 51.387757000985744 ], [ 25.781299999895964, 51.373970999263122 ], [ 25.755561000940304, 51.381274998843026 ], [ 25.759861001384991, 51.400503999760701 ], [ 25.724994999720309, 51.400322001260292 ], [ 25.725290999880599, 51.380985999005588 ], [ 25.700053999793113, 51.375982000270028 ], [ 25.70289000017425, 51.39390999964769 ], [ 25.646455000298886, 51.417122999927415 ], [ 25.642194999900198, 51.479782999986412 ], [ 25.61831600038397, 51.477352001194845 ], [ 25.62305000105755, 51.493215998920164 ], [ 25.602850001227466, 51.493510999933619 ], [ 25.610903000274106, 51.506594998960963 ], [ 25.555464999610933, 51.500526998822863 ], [ 25.551589998980148, 51.512808000389839 ], [ 25.597522001040375, 51.525143999996544 ], [ 25.565175999573569, 51.539963999939573 ], [ 25.602435000076071, 51.582604000375227 ], [ 25.582225999830882, 51.605729001093437 ], [ 25.563538999626019, 51.603254000272841 ], [ 25.555246000303555, 51.624344999822824 ], [ 25.532633999860082, 51.6144820000452 ], [ 25.533858999693962, 51.631440999703273 ], [ 25.578189999869494, 51.624920001158046 ], [ 25.589386000864124, 51.646056000085252 ], [ 25.608486000329549, 51.641085000173518 ], [ 25.666170001145531, 51.719925999985833 ], [ 25.681889001177353, 51.756466999753172 ], [ 25.670094001337986, 51.771987999647365 ], [ 25.650275000191982, 51.76743099994161 ], [ 25.660227998724054, 51.782798999075453 ], [ 25.631823999179119, 51.803745000032677 ], [ 25.650321999661401, 51.818828001312113 ], [ 25.64040299909999, 51.848504000160403 ], [ 25.706078998847602, 51.895451998711678 ], [ 25.629802000362872, 51.901507000948243 ], [ 25.592696999767611, 51.924392999638144 ], [ 25.781917998717518, 51.922296000061294 ], [ 25.768076999854543, 51.950014000346755 ], [ 25.78338099873497, 51.94882500037437 ] ] ] } },
{ "type": "Feature", "properties": { "NAME_LAT": "Volynska", "ID": 3.0, "TYPE": "Області, автономії та ради", "NAME_UA": "Волинська", "NAME_RUS": "Волынская", "KOATUU": "0700000000", "CODETOPO": "81210000", "CODENAME": "Межі областей та автономни", "CODE_PR": null, "LABEL": "Волинська область", "SHAPE_Leng": 12.061502433599999, "SHAPE_Area": 2.5905117262, "Tm_observed_anom_1951_1960": -0.0, "Tm_winter_observed_anom_1951_1960": 0.5, "Tm_spring_observed_anom_1951_1960": -1.1, "Tm_summer_observed_anom_1951_1960": 0.7, "Tm_autumn_observed_anom_1951_1960": -0.3, "Tm_observed_anom_1961_1970": -0.2, "Tm_winter_observed_anom_1961_1970": -1.4, "Tm_spring_observed_anom_1961_1970": -0.3, "Tm_summer_observed_anom_1961_1970": 0.3, "Tm_autumn_observed_anom_1961_1970": 0.6, "Tm_observed_anom_1971_1980": -0.1, "Tm_winter_observed_anom_1971_1980": 0.6, "Tm_spring_observed_anom_1971_1980": -0.2, "Tm_summer_observed_anom_1971_1980": -0.2, "Tm_autumn_observed_anom_1971_1980": -0.5, "Tm_observed_anom_1981_1990": 0.3, "Tm_winter_observed_anom_1981_1990": 0.8, "Tm_spring_observed_anom_1981_1990": 0.5, "Tm_summer_observed_anom_1981_1990": -0.0, "Tm_autumn_observed_anom_1981_1990": -0.1, "Tm_observed_anom_1991_2000": 0.6, "Tm_winter_observed_anom_1991_2000": 1.5, "Tm_spring_observed_anom_1991_2000": 0.6, "Tm_summer_observed_anom_1991_2000": 0.8, "Tm_autumn_observed_anom_1991_2000": -0.4, "Tm_observed_anom_2001_2010": 1.1, "Tm_winter_observed_anom_2001_2010": 1.0, "Tm_spring_observed_anom_2001_2010": 1.1, "Tm_summer_observed_anom_2001_2010": 1.5, "Tm_autumn_observed_anom_2001_2010": 0.7, "Tm_observed_anom_2011_2020": 2.0, "Tm_winter_observed_anom_2011_2020": 2.5, "Tm_spring_observed_anom_2011_2020": 1.8, "Tm_summer_observed_anom_2011_2020": 2.2, "Tm_autumn_observed_anom_2011_2020": 1.4, "RR_observed_anom_1951_1960": -5.0, "RR_winter_observed_anom_1951_1960": -9.0, "RR_spring_observed_anom_1951_1960": -15.0, "RR_summer_observed_anom_1951_1960": -3.0, "RR_autumn_observed_anom_1951_1960": 3.0, "RR_observed_anom_1961_1970": 1.0, "RR_winter_observed_anom_1961_1970": 15.0, "RR_spring_observed_anom_1961_1970": 5.0, "RR_summer_observed_anom_1961_1970": -5.0, "RR_autumn_observed_anom_1961_1970": -7.0, "RR_observed_anom_1971_1980": 4.0, "RR_winter_observed_anom_1971_1980": -7.0, "RR_spring_observed_anom_1971_1980": -1.0, "RR_summer_observed_anom_1971_1980": 6.0, "RR_autumn_observed_anom_1971_1980": 14.0, "RR_observed_anom_1981_1990": -4.0, "RR_winter_observed_anom_1981_1990": -8.0, "RR_spring_observed_anom_1981_1990": -4.0, "RR_summer_observed_anom_1981_1990": -1.0, "RR_autumn_observed_anom_1981_1990": -8.0, "RR_observed_anom_1991_2000": 0.0, "RR_winter_observed_anom_1991_2000": -13.0, "RR_spring_observed_anom_1991_2000": 3.0, "RR_summer_observed_anom_1991_2000": -2.0, "RR_autumn_observed_anom_1991_2000": 14.0, "RR_observed_anom_2001_2010": 7.0, "RR_winter_observed_anom_2001_2010": -1.0, "RR_spring_observed_anom_2001_2010": 12.0, "RR_summer_observed_anom_2001_2010": 12.0, "RR_autumn_observed_anom_2001_2010": 4.0, "RR_observed_anom_2011_2020": 0.0, "RR_winter_observed_anom_2011_2020": 6.0, "RR_spring_observed_anom_2011_2020": 11.0, "RR_summer_observed_anom_2011_2020": -8.0, "RR_autumn_observed_anom_2011_2020": -2.0 }, "geometry": { "type": "Polygon", "coordinates": [ [ [ 25.288672000013662, 51.95920699980411 ], [ 25.40929600121035, 51.921068000089065 ], [ 25.510002000292957, 51.921284001056733 ], [ 25.526867001012135, 51.940142000154083 ], [ 25.629802000362872, 51.901507000948243 ], [ 25.706078998847602, 51.895451998711678 ], [ 25.64040299909999, 51.848504000160403 ], [ 25.650321999661401, 51.818828001312113 ], [ 25.631823999179119, 51.803745000032677 ], [ 25.660227998724054, 51.782798999075453 ], [ 25.650275000191982, 51.76743099994161 ], [ 25.670094001337986, 51.771987999647365 ], [ 25.681889001177353, 51.756466999753172 ], [ 25.666170001145531, 51.719925999985833 ], [ 25.608486000329549, 51.641085000173518 ], [ 25.589386000864124, 51.646056000085252 ], [ 25.578189999869494, 51.624920001158046 ], [ 25.533858999693962, 51.631440999703273 ], [ 25.532633999860082, 51.6144820000452 ], [ 25.555246000303555, 51.624344999822824 ], [ 25.563538999626019, 51.603254000272841 ], [ 25.582225999830882, 51.605729001093437 ], [ 25.602435000076071, 51.582604000375227 ], [ 25.565175999573569, 51.539963999939573 ], [ 25.597522001040375, 51.525143999996544 ], [ 25.551589998980148, 51.512808000389839 ], [ 25.555464999610933, 51.500526998822863 ], [ 25.610903000274106, 51.506594998960963 ], [ 25.602850001227466, 51.493510999933619 ], [ 25.62305000105755, 51.493215998920164 ], [ 25.61831600038397, 51.477352001194845 ], [ 25.642194999900198, 51.479782999986412 ], [ 25.646455000298886, 51.417122999927415 ], [ 25.70289000017425, 51.39390999964769 ], [ 25.700053999793113, 51.375982000270028 ], [ 25.725290999880599, 51.380985999005588 ], [ 25.724994999720309, 51.400322001260292 ], [ 25.759861001384991, 51.400503999760701 ], [ 25.755561000940304, 51.381274998843026 ], [ 25.781299999895964, 51.373970999263122 ], [ 25.832219999953907, 51.387757000985744 ], [ 25.844084001176611, 51.375454000202865 ], [ 25.821470999787664, 51.345063999904596 ], [ 25.843494000048963, 51.322614999783355 ], [ 25.937846000193645, 51.277994999770328 ], [ 25.949253001026023, 51.232812999920952 ], [ 25.994954999674349, 51.227888001231179 ], [ 26.067598999694951, 51.177169999696673 ], [ 26.059278000879885, 51.142969999966454 ], [ 25.992941001227109, 51.139426000210676 ], [ 25.994246999400389, 51.123661999902311 ], [ 25.938252000030673, 51.114466001205926 ], [ 25.949923001346292, 51.10415799979279 ], [ 25.940401000206862, 51.084085998670844 ], [ 26.017850999724715, 51.082997999758788 ], [ 26.091264000134345, 51.050475999168953 ], [ 26.106773001273837, 51.005224999734878 ], [ 26.085855998956049, 51.002398999814886 ], [ 26.08074799992113, 50.971667999979161 ], [ 25.966795998837142, 50.956966999228541 ], [ 26.001225000134525, 50.934989000143162 ], [ 25.991807000193774, 50.865839000270569 ], [ 26.037833000293574, 50.850772999775018 ], [ 26.022677000144313, 50.820726000005834 ], [ 25.901412999111471, 50.832349000007241 ], [ 25.87163900113984, 50.739489000318031 ], [ 25.876442998746256, 50.701641999679453 ], [ 25.823704000240298, 50.64646000002989 ], [ 25.843748000071002, 50.631070999927601 ], [ 25.829476900439488, 50.619933906325628 ], [ 25.77653899977588, 50.674958000312415 ], [ 25.708533999645226, 50.671374998758097 ], [ 25.723199998781809, 50.683031000281346 ], [ 25.695289998635417, 50.704075000361911 ], [ 25.693960000254663, 50.724743000190244 ], [ 25.606483998838371, 50.717669000424962 ], [ 25.601592999917898, 50.696114000161913 ], [ 25.470035999062986, 50.679354999834288 ], [ 25.457346000218593, 50.662590001028661 ], [ 25.381094001088172, 50.686484000337259 ], [ 25.385656000125152, 50.658156999846597 ], [ 25.355048998813118, 50.64284199955955 ], [ 25.403882999801453, 50.611421000279847 ], [ 25.327455999795404, 50.612925001288716 ], [ 25.292211000438215, 50.630536998684477 ], [ 25.300160000084816, 50.579601998834107 ], [ 25.318698999759931, 50.583236000042291 ], [ 25.321977999885632, 50.568588999983263 ], [ 25.300496000291048, 50.538558000052603 ], [ 25.123678001339556, 50.55349099981072 ], [ 25.121493002201134, 50.530681000128993 ], [ 25.160134000784353, 50.505859000293526 ], [ 25.156976999090091, 50.480309000161128 ], [ 25.149999999301372, 50.466942999820503 ], [ 25.083891000270341, 50.475455000248985 ], [ 25.139418998788642, 50.461641999979236 ], [ 25.15192400079286, 50.447334000264846 ], [ 25.13862300075175, 50.42903900105 ], [ 25.158724999659853, 50.429936000147222 ], [ 25.169642000378872, 50.394497999983628 ], [ 25.209316998981194, 50.381338000149526 ], [ 25.198407001282931, 50.36344599973404 ], [ 25.179157000296186, 50.362575000037168 ], [ 25.168514999668389, 50.380206000107762 ], [ 25.141249999588695, 50.369624000448198 ], [ 25.166675000251928, 50.331178000065563 ], [ 25.110550000283183, 50.311969000070235 ], [ 25.101051000204393, 50.300658000067585 ], [ 25.112613117002638, 50.287237057445168 ], [ 25.054213999577314, 50.300778000205469 ], [ 25.059096999028156, 50.342540998868913 ], [ 25.016360998662037, 50.341908000254932 ], [ 24.941910999893594, 50.389450000118359 ], [ 24.929099513432675, 50.377326959072832 ], [ 24.937643296801582, 50.34529058879059 ], [ 24.885340306710646, 50.344495124051662 ], [ 24.887132999089488, 50.358641000282887 ], [ 24.865678999886825, 50.359627999933195 ], [ 24.777343001079487, 50.337851000224418 ], [ 24.714108129187707, 50.34291258974514 ], [ 24.721673998756899, 50.373438000064596 ], [ 24.710322998708307, 50.381924000193351 ], [ 24.654878761246721, 50.410194480991436 ], [ 24.596857997599386, 50.413156013240325 ], [ 24.596310001106531, 50.497464999910733 ], [ 24.555307999765262, 50.492618000321386 ], [ 24.548371000022485, 50.533480999749258 ], [ 24.525064749939133, 50.553590999925632 ], [ 24.450389001552026, 50.539244123418484 ], [ 24.407254999919189, 50.560153501283992 ], [ 24.399027413685076, 50.574505631630529 ], [ 24.413888999178823, 50.586310998854458 ], [ 24.381216846880875, 50.609473877218591 ], [ 24.323679252096667, 50.599344983884805 ], [ 24.313067921048571, 50.571845079987384 ], [ 24.211963999839611, 50.591761000170948 ], [ 24.154008562945705, 50.646555612352529 ], [ 24.087969000569785, 50.635507000348696 ], [ 24.090629000029196, 50.663477999710835 ], [ 24.062143000300068, 50.678382999976407 ], [ 24.072149001276273, 50.720644000920856 ], [ 24.016958001211663, 50.723268999665549 ], [ 24.023969000769625, 50.75060799956043 ], [ 24.011629999225931, 50.754361999107914 ], [ 24.023919000262538, 50.766331998923533 ], [ 23.980524999230227, 50.762191998662729 ], [ 23.958417001344401, 50.793776999210081 ], [ 23.998260998746957, 50.839964998686639 ], [ 24.09975000066288, 50.835773999671289 ], [ 24.145763803257807, 50.86931044901894 ], [ 24.052418672384704, 50.891629056436727 ], [ 23.970252001229767, 50.950637998745549 ], [ 23.957084000127395, 50.99001699988554 ], [ 23.91549499869609, 51.006623000352135 ], [ 23.935731000186365, 51.01468899999827 ], [ 23.916016000239097, 51.027973000154759 ], [ 23.931558999349193, 51.037827999563433 ], [ 23.913356999027144, 51.041122001280257 ], [ 23.910875999728489, 51.074187999977141 ], [ 23.876771000781957, 51.0769089986523 ], [ 23.857183001295368, 51.099488001171267 ], [ 23.849864000124398, 51.123675999648583 ], [ 23.86920399986559, 51.129467999649364 ], [ 23.868827998714039, 51.149999000354512 ], [ 23.739730998887353, 51.212431000691026 ], [ 23.726262000092106, 51.261355999580644 ], [ 23.695388999103898, 51.29157099990266 ], [ 23.649155000203962, 51.287418999088459 ], [ 23.637103000204149, 51.329005000381414 ], [ 23.666224998685607, 51.367617000325254 ], [ 23.685870999048234, 51.368720999975096 ], [ 23.677002000143034, 51.39364800105534 ], [ 23.701972999655084, 51.403571000002557 ], [ 23.702668000228869, 51.419956000170203 ], [ 23.677070998828412, 51.430085999670098 ], [ 23.685195000249905, 51.443954000677536 ], [ 23.649705000386348, 51.446426999607297 ], [ 23.646643001274356, 51.458841000113011 ], [ 23.675636000102202, 51.470969000020261 ], [ 23.669926999432334, 51.482673001059084 ], [ 23.616439998807778, 51.503142999850468 ], [ 23.676840999013734, 51.50574500023248 ], [ 23.636459001082926, 51.549571999649004 ], [ 23.662337999300121, 51.58276100042076 ], [ 23.603949999293889, 51.62150500015656 ], [ 23.678108999931283, 51.653000000150826 ], [ 23.782513999622267, 51.667652999587176 ], [ 23.788314000891319, 51.639687999602415 ], [ 23.912388001106251, 51.631440999703273 ], [ 23.879928999824358, 51.608054000392713 ], [ 23.880835000235948, 51.591806001146949 ], [ 23.943279000226539, 51.596779000251559 ], [ 23.99649700103663, 51.580383999622825 ], [ 24.07507500131112, 51.618788999913363 ], [ 24.12135399958828, 51.667112999865992 ], [ 24.271708001224169, 51.717827001216051 ], [ 24.319020998621056, 51.750746001227924 ], [ 24.297122999627618, 51.807433000133756 ], [ 24.342005000031577, 51.847423999818659 ], [ 24.339912999786009, 51.862998001257665 ], [ 24.372350000053302, 51.877075000212017 ], [ 24.626743999836606, 51.902549001336297 ], [ 24.749561999687387, 51.880897001096628 ], [ 24.829415001202221, 51.912575999683554 ], [ 24.843190998866362, 51.896013001199947 ], [ 24.916518999852826, 51.914778999652015 ], [ 24.95434999975356, 51.896392999837985 ], [ 25.100192999308319, 51.953247000149872 ], [ 25.191630999971551, 51.969183000296141 ], [ 25.288672000013662, 51.95920699980411 ] ] ] } },
{ "type": "Feature", "properties": { "NAME_LAT": "Donetska", "ID": 5.0, "TYPE": "Області, автономії та ради", "NAME_UA": "Донецька", "NAME_RUS": "Донецкая", "KOATUU": "1400000000", "CODETOPO": "81210000", "CODENAME": "Межі областей та автономни", "CODE_PR": null, "LABEL": "Донецька область", "SHAPE_Leng": 14.8042546784, "SHAPE_Area": 3.1975639062900001, "Tm_observed_anom_1951_1960": -0.2, "Tm_winter_observed_anom_1951_1960": -0.0, "Tm_spring_observed_anom_1951_1960": -1.2, "Tm_summer_observed_anom_1951_1960": 0.9, "Tm_autumn_observed_anom_1951_1960": -0.6, "Tm_observed_anom_1961_1970": 0.1, "Tm_winter_observed_anom_1961_1970": -0.4, "Tm_spring_observed_anom_1961_1970": -0.0, "Tm_summer_observed_anom_1961_1970": 0.3, "Tm_autumn_observed_anom_1961_1970": 0.5, "Tm_observed_anom_1971_1980": -0.1, "Tm_winter_observed_anom_1971_1980": -0.2, "Tm_spring_observed_anom_1971_1980": 0.1, "Tm_summer_observed_anom_1971_1980": -0.2, "Tm_autumn_observed_anom_1971_1980": -0.2, "Tm_observed_anom_1981_1990": 0.0, "Tm_winter_observed_anom_1981_1990": 0.6, "Tm_spring_observed_anom_1981_1990": -0.1, "Tm_summer_observed_anom_1981_1990": -0.1, "Tm_autumn_observed_anom_1981_1990": -0.3, "Tm_observed_anom_1991_2000": 0.2, "Tm_winter_observed_anom_1991_2000": 0.7, "Tm_spring_observed_anom_1991_2000": 0.2, "Tm_summer_observed_anom_1991_2000": 0.6, "Tm_autumn_observed_anom_1991_2000": -0.5, "Tm_observed_anom_2001_2010": 1.2, "Tm_winter_observed_anom_2001_2010": 1.2, "Tm_spring_observed_anom_2001_2010": 0.8, "Tm_summer_observed_anom_2001_2010": 1.4, "Tm_autumn_observed_anom_2001_2010": 1.3, "Tm_observed_anom_2011_2020": 1.7, "Tm_winter_observed_anom_2011_2020": 1.9, "Tm_spring_observed_anom_2011_2020": 1.6, "Tm_summer_observed_anom_2011_2020": 2.1, "Tm_autumn_observed_anom_2011_2020": 1.2, "RR_observed_anom_1951_1960": -6.0, "RR_winter_observed_anom_1951_1960": -3.0, "RR_spring_observed_anom_1951_1960": -13.0, "RR_summer_observed_anom_1951_1960": -6.0, "RR_autumn_observed_anom_1951_1960": -5.0, "RR_observed_anom_1961_1970": 3.0, "RR_winter_observed_anom_1961_1970": 22.0, "RR_spring_observed_anom_1961_1970": 5.0, "RR_summer_observed_anom_1961_1970": -12.0, "RR_autumn_observed_anom_1961_1970": -10.0, "RR_observed_anom_1971_1980": 1.0, "RR_winter_observed_anom_1971_1980": -14.0, "RR_spring_observed_anom_1971_1980": 7.0, "RR_summer_observed_anom_1971_1980": 7.0, "RR_autumn_observed_anom_1971_1980": 11.0, "RR_observed_anom_1981_1990": -4.0, "RR_winter_observed_anom_1981_1990": -8.0, "RR_spring_observed_anom_1981_1990": -12.0, "RR_summer_observed_anom_1981_1990": 5.0, "RR_autumn_observed_anom_1981_1990": -1.0, "RR_observed_anom_1991_2000": 2.0, "RR_winter_observed_anom_1991_2000": -15.0, "RR_spring_observed_anom_1991_2000": 19.0, "RR_summer_observed_anom_1991_2000": -7.0, "RR_autumn_observed_anom_1991_2000": 19.0, "RR_observed_anom_2001_2010": 2.0, "RR_winter_observed_anom_2001_2010": -2.0, "RR_spring_observed_anom_2001_2010": -4.0, "RR_summer_observed_anom_2001_2010": -1.0, "RR_autumn_observed_anom_2001_2010": 21.0, "RR_observed_anom_2011_2020": -8.0, "RR_winter_observed_anom_2011_2020": -9.0, "RR_spring_observed_anom_2011_2020": 6.0, "RR_summer_observed_anom_2011_2020": -17.0, "RR_autumn_observed_anom_2011_2020": -9.0 }, "geometry": { "type": "Polygon", "coordinates": [ [ [ 37.890235822126385, 49.218749314030561 ], [ 37.936080998240357, 49.191501003569385 ], [ 37.89235145205879, 49.175180321115874 ], [ 37.892212660586722, 49.160466335054252 ], [ 37.924195413288601, 49.144468364424426 ], [ 38.03996064726698, 49.127135700053429 ], [ 38.042134785293001, 49.150442639017513 ], [ 38.082513519584154, 49.146376952435332 ], [ 38.053642217015579, 49.057918869760954 ], [ 38.098578296352173, 48.99305838513726 ], [ 38.052501497147261, 48.985906602108912 ], [ 38.053544424736288, 48.965207861654392 ], [ 38.028349392411428, 48.973584288385098 ], [ 38.005516753196503, 48.946476795568572 ], [ 38.036703338788925, 48.923872705561848 ], [ 38.054325183761136, 48.93970684219795 ], [ 38.132435842341124, 48.923775294595089 ], [ 38.223983345355975, 48.934843694381925 ], [ 38.222587664989646, 48.839336876596519 ], [ 38.313668407272075, 48.828497086272421 ], [ 38.316822551820223, 48.805782456995701 ], [ 38.278992647293762, 48.803517390316244 ], [ 38.283204061818878, 48.773448025307061 ], [ 38.262801781977544, 48.749600440009203 ], [ 38.320040353980062, 48.734855423739759 ], [ 38.325084920233792, 48.714177076311955 ], [ 38.30433734299487, 48.71162821327232 ], [ 38.313330477120701, 48.684259214691906 ], [ 38.247021912232356, 48.656552628601844 ], [ 38.246871232622198, 48.641166520719253 ], [ 38.262397997170751, 48.642446000583391 ], [ 38.280385998415966, 48.53751399997202 ], [ 38.319968248137059, 48.508291869175366 ], [ 38.29743134558106, 48.493012232929118 ], [ 38.30856017801068, 48.473192908926535 ], [ 38.289201492156053, 48.476093011184446 ], [ 38.341079057953039, 48.437633599212177 ], [ 38.370369648741189, 48.442779650361501 ], [ 38.381769274233534, 48.429434636600092 ], [ 38.432622996055329, 48.446389000253077 ], [ 38.446249039862209, 48.376887477875698 ], [ 38.488288536887353, 48.363276235111073 ], [ 38.433294776133891, 48.339776244978623 ], [ 38.441594666961237, 48.316666085772169 ], [ 38.426616391734001, 48.30701670735607 ], [ 38.424455572667455, 48.262988569168044 ], [ 38.460431460944051, 48.27596376731492 ], [ 38.575601501109304, 48.266875132382381 ], [ 38.613774005966491, 48.203531870600273 ], [ 38.602909147040407, 48.171623381214999 ], [ 38.692645151953116, 48.15883478519811 ], [ 38.68991420227951, 48.145681255086799 ], [ 38.819579063723722, 48.115768507011921 ], [ 38.806477852571732, 48.088418319550726 ], [ 38.816335535557414, 48.084461724330026 ], [ 38.7992198254355, 48.0745633740014 ], [ 38.817427277447791, 48.065351065200446 ], [ 38.827744790990209, 48.07869959441166 ], [ 38.831435066376116, 48.079966720288837 ], [ 38.812758302254736, 48.04813452219139 ], [ 38.83925922213632, 48.01299918526513 ], [ 39.038470967761839, 48.006290510799374 ], [ 39.038413987616309, 47.956106998839857 ], [ 39.092102986764303, 47.941107997836752 ], [ 39.065203985576375, 47.895508999441688 ], [ 39.074066986003515, 47.869697998964398 ], [ 38.879028518252426, 47.876096626758851 ], [ 38.833990223770684, 47.863260349586369 ], [ 38.827086255227414, 47.815291183442298 ], [ 38.78649279160993, 47.814918491795879 ], [ 38.795337180567344, 47.773567352951886 ], [ 38.769454201051417, 47.722006063430001 ], [ 38.770799421357083, 47.68507212737768 ], [ 38.734996934961487, 47.680156984358234 ], [ 38.732852270416856, 47.699654645146666 ], [ 38.671239195433429, 47.700460667027073 ], [ 38.657726530056209, 47.69731404081125 ], [ 38.665111081012469, 47.668822410426799 ], [ 38.628723537961832, 47.66874359743997 ], [ 38.615542366288082, 47.64400640277421 ], [ 38.455066082234794, 47.643601044153797 ], [ 38.455434020964219, 47.616823968552239 ], [ 38.348902065278992, 47.616909531850354 ], [ 38.349577453437632, 47.575423860723504 ], [ 38.3099583521971, 47.576073950053683 ], [ 38.304780483933087, 47.54558375178965 ], [ 38.284075830436109, 47.544760652682896 ], [ 38.301808822619989, 47.392103084390726 ], [ 38.285430991847704, 47.391862995981398 ], [ 38.285675288184905, 47.373160433907799 ], [ 38.246591994026176, 47.365703867040736 ], [ 38.219451916973298, 47.325694593131857 ], [ 38.219621542601033, 47.305272974269258 ], [ 38.33488024782605, 47.305492775771881 ], [ 38.321665508057663, 47.28200289042195 ], [ 38.331964561216409, 47.269119091273978 ], [ 38.287292175694233, 47.254113979377564 ], [ 38.285633672956521, 47.238597870895944 ], [ 38.232713645419324, 47.230316193138719 ], [ 38.229622796955425, 47.119464950148256 ], [ 38.186491980721257, 47.095418436612476 ], [ 38.160629310595084, 47.066589446246837 ], [ 38.095785253887243, 47.027220022886638 ], [ 38.085909545789832, 47.024817820387 ], [ 38.134236160071623, 47.064400134859227 ], [ 38.102825764698196, 47.099928530378293 ], [ 38.064617300448958, 47.112523847698355 ], [ 38.033524971900817, 47.090408953811107 ], [ 37.970655964002447, 47.094509811079831 ], [ 37.981289523593546, 47.087274229223226 ], [ 37.89026661581255, 47.111368521940676 ], [ 37.709766896725796, 47.080292758904591 ], [ 37.629947980415864, 47.094819744436563 ], [ 37.586327058847587, 47.078653600584119 ], [ 37.574699233084061, 47.100300807437236 ], [ 37.5744364520815, 47.085747363850658 ], [ 37.520778218740702, 47.072191504035573 ], [ 37.498688351187354, 47.041397491402051 ], [ 37.475505572624968, 47.02937600000331 ], [ 37.433194905721223, 46.981905692294788 ], [ 37.32953003098703, 46.884603753061697 ], [ 37.306820987399533, 46.870155197405325 ], [ 37.286993709792796, 46.86696953701545 ], [ 37.282534818927672, 46.869221057206914 ], [ 37.299558330553396, 46.871053905214467 ], [ 37.315441553985409, 46.883396417711424 ], [ 37.314371016310247, 46.877994734270487 ], [ 37.329974007395435, 46.887935014590141 ], [ 37.319717853696886, 46.911956603415433 ], [ 37.238107564313566, 46.951025974270237 ], [ 37.062893913624123, 46.884113266415056 ], [ 37.021359981279033, 46.92837436768383 ], [ 37.141798630403343, 46.981817437325788 ], [ 37.089516288746609, 47.007326407688481 ], [ 37.125307024600374, 47.039118014885389 ], [ 37.098765026385763, 47.059483014230636 ], [ 37.081454272197789, 47.047316993685229 ], [ 36.986194952336064, 47.079244192566364 ], [ 37.012977830363468, 47.090503592167977 ], [ 37.002712568331276, 47.12740174239741 ], [ 36.982707712391914, 47.124565348113265 ], [ 36.948653210378268, 47.158451944902254 ], [ 36.888860873131705, 47.171164262221851 ], [ 36.853298547990505, 47.199426795710963 ], [ 36.962217057072394, 47.201417668991155 ], [ 36.926824353961649, 47.31974883963818 ], [ 37.026395049792598, 47.314479501328833 ], [ 37.037706307001372, 47.299418162019492 ], [ 37.122347639932514, 47.340462346960635 ], [ 37.106651522250843, 47.376229109586632 ], [ 37.142140586819551, 47.380139127119946 ], [ 37.161744586144607, 47.341628111149305 ], [ 37.204357488208416, 47.356112890598354 ], [ 37.195145136239944, 47.373080519251459 ], [ 37.244743899112564, 47.46887919581917 ], [ 37.186193204553661, 47.468968887005474 ], [ 37.196242546557187, 47.479027743836241 ], [ 37.179242878656794, 47.483952886417512 ], [ 37.151752864603907, 47.456865585179514 ], [ 37.075707732926446, 47.492531492435319 ], [ 37.020486601076698, 47.552967238847884 ], [ 37.001961979762427, 47.53965595955583 ], [ 36.945024528659985, 47.576228513835758 ], [ 36.893439652618781, 47.545182437420465 ], [ 36.830607553796483, 47.624190899990936 ], [ 36.74532759339462, 47.605941432552015 ], [ 36.742937386052404, 47.620514802417119 ], [ 36.764365178111404, 47.634307933964919 ], [ 36.725055791692341, 47.631016825367112 ], [ 36.71843899286614, 47.659046673665955 ], [ 36.77572102010987, 47.664658997215895 ], [ 36.791942986680397, 47.682437888998322 ], [ 36.713256674756622, 47.678481410689471 ], [ 36.671487405120558, 47.793196872338683 ], [ 36.587582217646116, 47.78580210778199 ], [ 36.605273379663629, 47.850191108433819 ], [ 36.585291533778161, 47.847715750582324 ], [ 36.577454987158831, 47.880696161699404 ], [ 36.549493133901876, 47.877933114322673 ], [ 36.541492332406108, 47.905996938109126 ], [ 36.639736989571304, 47.920221282886814 ], [ 36.629568101587495, 47.961733923782447 ], [ 36.585588360415386, 47.956217264715917 ], [ 36.586790003956423, 48.001078146340319 ], [ 36.569200755811153, 48.011574936135332 ], [ 36.590645159247572, 48.020001867892802 ], [ 36.574305048739916, 48.039815882298058 ], [ 36.587355362760661, 48.052136709442493 ], [ 36.581000836820067, 48.079783039156837 ], [ 36.650424908683476, 48.087966426410389 ], [ 36.636540022904626, 48.094017773802136 ], [ 36.653297151743061, 48.100131544935778 ], [ 36.718791123312599, 48.084691414777865 ], [ 36.746982229047546, 48.064655552013051 ], [ 36.743835161264599, 48.050665591244979 ], [ 36.804060996918395, 48.052725385868769 ], [ 36.852910454554717, 48.032758989436729 ], [ 36.856644617755819, 48.052168307122599 ], [ 36.876965844399081, 48.051469322552123 ], [ 36.89453601792377, 48.077732969801616 ], [ 36.872384977585568, 48.184464069562068 ], [ 36.936792196703436, 48.193994486557244 ], [ 36.911837966849589, 48.309382924383385 ], [ 36.814959257564567, 48.312915865175967 ], [ 36.808082087019613, 48.347767114361773 ], [ 36.825714954082741, 48.370790649969422 ], [ 36.823551720336525, 48.414162294755045 ], [ 36.849657730820525, 48.416822143128343 ], [ 36.828872187802119, 48.484269137311742 ], [ 36.8555468423138, 48.486972523663951 ], [ 36.848490424294539, 48.517432466935702 ], [ 36.904243304585748, 48.52200718328578 ], [ 36.898847441557052, 48.544626114804259 ], [ 36.857764788115389, 48.568706418567274 ], [ 36.80774286544181, 48.568286219334482 ], [ 36.804443689925222, 48.59618046875454 ], [ 36.743360605208636, 48.596498725336801 ], [ 36.708929573242131, 48.691608504130102 ], [ 36.734019115990293, 48.703474841791433 ], [ 36.708132876431989, 48.768200483866167 ], [ 36.689229891447212, 48.775196513309368 ], [ 36.720325230026219, 48.805301181205493 ], [ 36.790512706696973, 48.801416081188108 ], [ 36.788491996609253, 48.780479997954444 ], [ 36.821617997173746, 48.770877000274254 ], [ 36.837598379762312, 48.77222314508299 ], [ 36.852679666034646, 48.800477424594362 ], [ 36.918254998370401, 48.79834899910793 ], [ 36.973238996083694, 48.790814999713405 ], [ 37.032454992904491, 48.74927499694445 ], [ 37.043921992007199, 48.766268997317297 ], [ 36.994870991803737, 48.787389998250717 ], [ 37.022021569340836, 48.81715474489647 ], [ 37.076774860372382, 48.817402237424233 ], [ 37.099158995991786, 48.850390999645811 ], [ 37.192547558723732, 48.81505085111678 ], [ 37.193917997818232, 48.883069001134402 ], [ 37.265880520370615, 48.920070061684896 ], [ 37.32804415941132, 48.922092291626882 ], [ 37.328386990867841, 48.94151300372306 ], [ 37.307500704894494, 48.946992302253875 ], [ 37.320916989928037, 48.957355004031115 ], [ 37.295345789177702, 48.971097672820292 ], [ 37.343050623888075, 49.003100106285785 ], [ 37.368290009876944, 48.993086449381053 ], [ 37.374998359687424, 49.025125416006063 ], [ 37.390255922074061, 49.024987740592678 ], [ 37.383170205041836, 49.048222635766933 ], [ 37.496428423234022, 49.063593007312363 ], [ 37.507042386597789, 49.078549936231468 ], [ 37.48888341523832, 49.101924916102917 ], [ 37.584728061551687, 49.126351200748218 ], [ 37.541224997036863, 49.145636008196163 ], [ 37.565292992678394, 49.147212008028646 ], [ 37.554187352864915, 49.165968581585673 ], [ 37.498769990743369, 49.182996010658314 ], [ 37.563437989872227, 49.229497011079104 ], [ 37.797870046666219, 49.202171415579301 ], [ 37.842590292309069, 49.201711692941217 ], [ 37.864721078116133, 49.235990787146022 ], [ 37.890235822126385, 49.218749314030561 ] ], [ [ 36.760799426453275, 47.980512527132362 ], [ 36.762619134466377, 47.980865828496121 ], [ 36.762766309418566, 47.981029393592564 ], [ 36.760073330920363, 47.98155896837261 ], [ 36.760799426453275, 47.980512527132362 ] ] ] } },
{ "type": "Feature", "properties": { "NAME_LAT": "Ivano-Frankivska", "ID": 9.0, "TYPE": "Області, автономії та ради", "NAME_UA": "Івано-Франківська", "NAME_RUS": "Ивано-Франковская", "KOATUU": "2600000000", "CODETOPO": "81210000", "CODENAME": "Межі областей та автономни", "CODE_PR": null, "LABEL": "Івано-Франківська область", "SHAPE_Leng": 9.9656118951899995, "SHAPE_Area": 1.70428638903, "Tm_observed_anom_1951_1960": -0.1, "Tm_winter_observed_anom_1951_1960": 0.3, "Tm_spring_observed_anom_1951_1960": -1.0, "Tm_summer_observed_anom_1951_1960": 0.6, "Tm_autumn_observed_anom_1951_1960": -0.3, "Tm_observed_anom_1961_1970": -0.1, "Tm_winter_observed_anom_1961_1970": -1.2, "Tm_spring_observed_anom_1961_1970": -0.2, "Tm_summer_observed_anom_1961_1970": 0.3, "Tm_autumn_observed_anom_1961_1970": 0.7, "Tm_observed_anom_1971_1980": -0.1, "Tm_winter_observed_anom_1971_1980": 0.6, "Tm_spring_observed_anom_1971_1980": -0.1, "Tm_summer_observed_anom_1971_1980": -0.4, "Tm_autumn_observed_anom_1971_1980": -0.5, "Tm_observed_anom_1981_1990": 0.2, "Tm_winter_observed_anom_1981_1990": 0.6, "Tm_spring_observed_anom_1981_1990": 0.4, "Tm_summer_observed_anom_1981_1990": 0.1, "Tm_autumn_observed_anom_1981_1990": -0.1, "Tm_observed_anom_1991_2000": 0.6, "Tm_winter_observed_anom_1991_2000": 1.2, "Tm_spring_observed_anom_1991_2000": 0.4, "Tm_summer_observed_anom_1991_2000": 1.0, "Tm_autumn_observed_anom_1991_2000": -0.2, "Tm_observed_anom_2001_2010": 1.1, "Tm_winter_observed_anom_2001_2010": 1.0, "Tm_spring_observed_anom_2001_2010": 1.2, "Tm_summer_observed_anom_2001_2010": 1.7, "Tm_autumn_observed_anom_2001_2010": 0.5, "Tm_observed_anom_2011_2020": 2.0, "Tm_winter_observed_anom_2011_2020": 2.3, "Tm_spring_observed_anom_2011_2020": 1.8, "Tm_summer_observed_anom_2011_2020": 2.3, "Tm_autumn_observed_anom_2011_2020": 1.5, "RR_observed_anom_1951_1960": -6.0, "RR_winter_observed_anom_1951_1960": 3.0, "RR_spring_observed_anom_1951_1960": -13.0, "RR_summer_observed_anom_1951_1960": -7.0, "RR_autumn_observed_anom_1951_1960": -1.0, "RR_observed_anom_1961_1970": 0.0, "RR_winter_observed_anom_1961_1970": 18.0, "RR_spring_observed_anom_1961_1970": 2.0, "RR_summer_observed_anom_1961_1970": -5.0, "RR_autumn_observed_anom_1961_1970": -9.0, "RR_observed_anom_1971_1980": 6.0, "RR_winter_observed_anom_1971_1980": -14.0, "RR_spring_observed_anom_1971_1980": 2.0, "RR_summer_observed_anom_1971_1980": 11.0, "RR_autumn_observed_anom_1971_1980": 18.0, "RR_observed_anom_1981_1990": -6.0, "RR_winter_observed_anom_1981_1990": -5.0, "RR_spring_observed_anom_1981_1990": -3.0, "RR_summer_observed_anom_1981_1990": -6.0, "RR_autumn_observed_anom_1981_1990": -9.0, "RR_observed_anom_1991_2000": -1.0, "RR_winter_observed_anom_1991_2000": -4.0, "RR_spring_observed_anom_1991_2000": -4.0, "RR_summer_observed_anom_1991_2000": -10.0, "RR_autumn_observed_anom_1991_2000": 26.0, "RR_observed_anom_2001_2010": 9.0, "RR_winter_observed_anom_2001_2010": 5.0, "RR_spring_observed_anom_2001_2010": 4.0, "RR_summer_observed_anom_2001_2010": 9.0, "RR_autumn_observed_anom_2001_2010": 21.0, "RR_observed_anom_2011_2020": -3.0, "RR_winter_observed_anom_2011_2020": 10.0, "RR_spring_observed_anom_2011_2020": 0.0, "RR_summer_observed_anom_2011_2020": -15.0, "RR_autumn_observed_anom_2011_2020": 5.0 }, "geometry": { "type": "Polygon", "coordinates": [ [ [ 24.418099928070092, 48.324744755966606 ], [ 24.35787047534302, 48.35219957145398 ], [ 24.349772597428284, 48.381637336294943 ], [ 24.284505162384221, 48.401538898802073 ], [ 24.288646734659949, 48.380586027024435 ], [ 24.259301605385645, 48.350674721462156 ], [ 24.178815817496854, 48.365278322037852 ], [ 24.148646274306998, 48.389161508797486 ], [ 24.145423698545699, 48.434525173498855 ], [ 24.126893460066015, 48.447640110103919 ], [ 24.140399216851222, 48.480985710722905 ], [ 24.114886164465815, 48.496664366268419 ], [ 24.134585104319967, 48.524411849028525 ], [ 24.126179778774656, 48.53368867879044 ], [ 24.034604162053313, 48.50132135619657 ], [ 24.002847615825658, 48.506507814784754 ], [ 23.965928724531864, 48.4584564443104 ], [ 23.925027781807557, 48.465280219407532 ], [ 23.908354919444832, 48.483138629245275 ], [ 23.928746514440945, 48.552321650424744 ], [ 23.846076038579213, 48.55922138136259 ], [ 23.791791395957034, 48.592176447785732 ], [ 23.788961781661783, 48.640651067093984 ], [ 23.70356148027895, 48.639191504285407 ], [ 23.637343047244713, 48.684279238996623 ], [ 23.630513674767144, 48.704139487548218 ], [ 23.548837000128344, 48.726261001345051 ], [ 23.544327999938105, 48.741735000870506 ], [ 23.578731999183276, 48.778993001326853 ], [ 23.552670999767713, 48.823138001018833 ], [ 23.576031999677923, 48.866846000343571 ], [ 23.60775700038613, 48.878128999954299 ], [ 23.577261999742348, 48.886472999830005 ], [ 23.56278400028225, 48.910133000038854 ], [ 23.585800999617334, 48.953261999642507 ], [ 23.565578998772651, 48.974062000162121 ], [ 23.624680000182707, 49.013831000401296 ], [ 23.621609999802502, 49.025320999665325 ], [ 23.672845999144386, 49.035941001077276 ], [ 23.687929998671393, 49.06533200027252 ], [ 23.677033999820082, 49.075270999957581 ], [ 23.699411000218333, 49.100514000321766 ], [ 23.762367999584399, 49.124565999722051 ], [ 23.799897999094242, 49.106766999997944 ], [ 23.905283999058156, 49.09946599965707 ], [ 23.969983998763382, 49.139965000285429 ], [ 24.021664998841516, 49.116254000422714 ], [ 24.058504998907438, 49.147062000212088 ], [ 24.159725000109518, 49.127210001141577 ], [ 24.172007999970106, 49.143856999901573 ], [ 24.235619521424667, 49.144126944903519 ], [ 24.358419715598245, 49.186103435426105 ], [ 24.436644999068335, 49.174080453850763 ], [ 24.449795000239931, 49.230714999798352 ], [ 24.347171999988689, 49.23297899898256 ], [ 24.363944194270005, 49.280453973273154 ], [ 24.339048056123772, 49.292143213739223 ], [ 24.305191683750081, 49.277480493530845 ], [ 24.299827999363572, 49.315119499865943 ], [ 24.358336999553728, 49.322603999675778 ], [ 24.381356999027162, 49.311243000964623 ], [ 24.399322000111113, 49.361730999986605 ], [ 24.429167999604374, 49.373693000332594 ], [ 24.388232999554134, 49.395068000388846 ], [ 24.370035000315909, 49.429817000255298 ], [ 24.410750001012616, 49.444603999575861 ], [ 24.417641998680153, 49.473291998727689 ], [ 24.401227423407761, 49.495465156093019 ], [ 24.43978864583022, 49.511761500193984 ], [ 24.434632221900415, 49.5366648401112 ], [ 24.48124088196198, 49.553972614845236 ], [ 24.472721515186663, 49.559625869239369 ], [ 24.520673478199342, 49.543200789885475 ], [ 24.507580125323386, 49.535511700605412 ], [ 24.519448999972269, 49.52160400082488 ], [ 24.572582474402566, 49.534742704712983 ], [ 24.638548000091021, 49.497492998703876 ], [ 24.730512096956602, 49.490981018560092 ], [ 24.724245497732397, 49.48191544224477 ], [ 24.770891000320262, 49.431584999948711 ], [ 24.778690332094016, 49.381449733019679 ], [ 24.827594000863314, 49.385059001072989 ], [ 24.85943699981857, 49.346918001265692 ], [ 24.827136001326267, 49.318415999899401 ], [ 24.843300001194962, 49.262490000114326 ], [ 24.935147562111183, 49.235207153887984 ], [ 24.858482973811078, 49.17795055857232 ], [ 24.85814575142615, 49.163899381851934 ], [ 24.901510467834669, 49.129338757578523 ], [ 24.986992221714559, 49.116999483540269 ], [ 24.973815021446967, 49.096786038845551 ], [ 24.992932555893617, 49.071535271036851 ], [ 24.9180332288513, 49.083377291929423 ], [ 24.904516531813385, 49.053035310032442 ], [ 24.969822747422711, 49.011468455305874 ], [ 24.967220210145456, 48.993093018928619 ], [ 25.019221623380076, 49.011632437687751 ], [ 25.08013117581396, 48.984405136288956 ], [ 25.121113607008226, 48.995107780900298 ], [ 25.111547341237667, 48.964023986918392 ], [ 25.149155278694025, 48.943894924711913 ], [ 25.119948674692466, 48.923891426748867 ], [ 25.140157286430508, 48.869845444412647 ], [ 25.172265862380527, 48.870655276720584 ], [ 25.170808994840115, 48.897847917348429 ], [ 25.198159983597236, 48.914694159109104 ], [ 25.191042882923568, 48.927105154080493 ], [ 25.234561851948797, 48.93274136901988 ], [ 25.212648032981235, 48.846515193222501 ], [ 25.262153778075287, 48.8669594066522 ], [ 25.327136870870788, 48.838049642777719 ], [ 25.355235618030235, 48.859838413712737 ], [ 25.428042234362522, 48.842739291585985 ], [ 25.438390680986004, 48.871776877002219 ], [ 25.469472870577363, 48.856504867906267 ], [ 25.454227459830292, 48.83145406075721 ], [ 25.55363400060952, 48.800040944934608 ], [ 25.642519513065963, 48.747893002461012 ], [ 25.611356215417857, 48.724404324900604 ], [ 25.65448397125914, 48.705986249866442 ], [ 25.62252309456602, 48.679763513676107 ], [ 25.642590969598416, 48.667741518657067 ], [ 25.586847994440291, 48.634309459914562 ], [ 25.610863871671199, 48.52752834166057 ], [ 25.605768150180836, 48.411375230083706 ], [ 25.622151759996598, 48.410433108402174 ], [ 25.62103099968175, 48.380262001291271 ], [ 25.446936643412243, 48.403663167622028 ], [ 25.34660810957746, 48.3805137242299 ], [ 25.2454309997417, 48.315401998704203 ], [ 25.179607656868768, 48.246783152821138 ], [ 25.106457001290437, 48.224487998823008 ], [ 25.137775000316879, 48.181151000419277 ], [ 25.087304001179575, 48.181306000372558 ], [ 25.092708000374785, 48.161628001232202 ], [ 25.066850000428076, 48.157535000440816 ], [ 25.066613000290602, 48.13181799890242 ], [ 25.039744998733568, 48.128218000161496 ], [ 25.034321001314026, 48.110695999721543 ], [ 24.980828000412771, 48.112479000106703 ], [ 24.99404699487377, 48.08621776573824 ], [ 24.911187635301985, 48.026075056219781 ], [ 24.91937755792884, 47.946267012713406 ], [ 24.957435947811632, 47.919558829677158 ], [ 24.960714574718736, 47.903340003539256 ], [ 24.944345852280151, 47.898078170072381 ], [ 24.956748521328052, 47.879206030035164 ], [ 24.997004394737871, 47.855093909157517 ], [ 24.945046575240099, 47.790873003487263 ], [ 24.922220231279539, 47.726780090229909 ], [ 24.883215079213414, 47.724275002590218 ], [ 24.878570080845407, 47.752592001720416 ], [ 24.836430082782954, 47.779627002884808 ], [ 24.827946085444353, 47.820494003396448 ], [ 24.706316096311639, 47.840242003966239 ], [ 24.671037099883108, 47.865647003707181 ], [ 24.673861099710848, 47.896463003865449 ], [ 24.635365104217044, 47.924534004241821 ], [ 24.628388105327645, 47.948087004012962 ], [ 24.597262107960773, 47.946287003743123 ], [ 24.564881219993197, 47.968421252839448 ], [ 24.574189196874784, 48.013837573745946 ], [ 24.625687179520583, 48.053034905537402 ], [ 24.598159324693938, 48.088678083327807 ], [ 24.504064709619513, 48.152807894869397 ], [ 24.520272171924091, 48.176750831686434 ], [ 24.510973610944234, 48.185944388723499 ], [ 24.545527015460266, 48.216225920890452 ], [ 24.485295953846048, 48.243387518719942 ], [ 24.488284205852267, 48.279940190788068 ], [ 24.418099928070092, 48.324744755966606 ] ] ] } },
{ "type": "Feature", "properties": { "NAME_LAT": "Zakarpatska", "ID": 7.0, "TYPE": "Області, автономії та ради", "NAME_UA": "Закарпатська", "NAME_RUS": "Закарпатская", "KOATUU": "2100000000", "CODETOPO": "81210000", "CODENAME": "Межі областей та автономни", "CODE_PR": null, "LABEL": "Закарпатська область", "SHAPE_Leng": 8.5534308948500009, "SHAPE_Area": 1.5495743063, "Tm_observed_anom_1951_1960": -0.0, "Tm_winter_observed_anom_1951_1960": 0.5, "Tm_spring_observed_anom_1951_1960": -0.9, "Tm_summer_observed_anom_1951_1960": 0.5, "Tm_autumn_observed_anom_1951_1960": -0.1, "Tm_observed_anom_1961_1970": -0.0, "Tm_winter_observed_anom_1961_1970": -0.9, "Tm_spring_observed_anom_1961_1970": -0.2, "Tm_summer_observed_anom_1961_1970": 0.3, "Tm_autumn_observed_anom_1961_1970": 0.8, "Tm_observed_anom_1971_1980": -0.1, "Tm_winter_observed_anom_1971_1980": 0.7, "Tm_spring_observed_anom_1971_1980": -0.1, "Tm_summer_observed_anom_1971_1980": -0.3, "Tm_autumn_observed_anom_1971_1980": -0.6, "Tm_observed_anom_1981_1990": 0.1, "Tm_winter_observed_anom_1981_1990": 0.3, "Tm_spring_observed_anom_1981_1990": 0.3, "Tm_summer_observed_anom_1981_1990": 0.1, "Tm_autumn_observed_anom_1981_1990": -0.2, "Tm_observed_anom_1991_2000": 0.6, "Tm_winter_observed_anom_1991_2000": 0.8, "Tm_spring_observed_anom_1991_2000": 0.2, "Tm_summer_observed_anom_1991_2000": 1.1, "Tm_autumn_observed_anom_1991_2000": 0.1, "Tm_observed_anom_2001_2010": 1.1, "Tm_winter_observed_anom_2001_2010": 1.0, "Tm_spring_observed_anom_2001_2010": 1.1, "Tm_summer_observed_anom_2001_2010": 1.7, "Tm_autumn_observed_anom_2001_2010": 0.5, "Tm_observed_anom_2011_2020": 1.9, "Tm_winter_observed_anom_2011_2020": 2.2, "Tm_spring_observed_anom_2011_2020": 1.5, "Tm_summer_observed_anom_2011_2020": 2.3, "Tm_autumn_observed_anom_2011_2020": 1.5, "RR_observed_anom_1951_1960": -2.0, "RR_winter_observed_anom_1951_1960": 13.0, "RR_spring_observed_anom_1951_1960": -12.0, "RR_summer_observed_anom_1951_1960": -2.0, "RR_autumn_observed_anom_1951_1960": -9.0, "RR_observed_anom_1961_1970": 0.0, "RR_winter_observed_anom_1961_1970": 10.0, "RR_spring_observed_anom_1961_1970": 2.0, "RR_summer_observed_anom_1961_1970": -7.0, "RR_autumn_observed_anom_1961_1970": -3.0, "RR_observed_anom_1971_1980": 3.0, "RR_winter_observed_anom_1971_1980": -8.0, "RR_spring_observed_anom_1971_1980": -4.0, "RR_summer_observed_anom_1971_1980": 13.0, "RR_autumn_observed_anom_1971_1980": 10.0, "RR_observed_anom_1981_1990": -3.0, "RR_winter_observed_anom_1981_1990": -2.0, "RR_spring_observed_anom_1981_1990": 3.0, "RR_summer_observed_anom_1981_1990": -6.0, "RR_autumn_observed_anom_1981_1990": -7.0, "RR_observed_anom_1991_2000": 2.0, "RR_winter_observed_anom_1991_2000": 4.0, "RR_spring_observed_anom_1991_2000": 0.0, "RR_summer_observed_anom_1991_2000": -15.0, "RR_autumn_observed_anom_1991_2000": 28.0, "RR_observed_anom_2001_2010": 11.0, "RR_winter_observed_anom_2001_2010": 13.0, "RR_spring_observed_anom_2001_2010": 13.0, "RR_summer_observed_anom_2001_2010": 1.0, "RR_autumn_observed_anom_2001_2010": 20.0, "RR_observed_anom_2011_2020": -2.0, "RR_winter_observed_anom_2011_2020": 16.0, "RR_spring_observed_anom_2011_2020": -3.0, "RR_summer_observed_anom_2011_2020": -17.0, "RR_autumn_observed_anom_2011_2020": 0.0 }, "geometry": { "type": "Polygon", "coordinates": [ [ [ 24.418099929868731, 48.324744818919157 ], [ 24.488284208550283, 48.2799402528413 ], [ 24.485295956544007, 48.243387580773174 ], [ 24.545527017258905, 48.216225983843003 ], [ 24.51097361274293, 48.185944450776674 ], [ 24.520272173722731, 48.176750893739666 ], [ 24.504064711418152, 48.152807956922572 ], [ 24.598159326492578, 48.088678145381039 ], [ 24.625687181319222, 48.053034967590577 ], [ 24.574544778919289, 48.014330080269929 ], [ 24.552355427461862, 47.958564611268741 ], [ 24.502055732986548, 47.952177782579497 ], [ 24.435831785309517, 47.97034249611022 ], [ 24.393929827900081, 47.954279740118807 ], [ 24.381508193049513, 47.926466343348011 ], [ 24.344712803853668, 47.914672549499471 ], [ 24.324899031366101, 47.926012698328293 ], [ 24.228261171316888, 47.896432465586713 ], [ 24.195078405544848, 47.91643471798875 ], [ 24.111154305327773, 47.915107490419246 ], [ 24.098537294561368, 47.936259801249719 ], [ 24.007708245539959, 47.9676779137057 ], [ 23.863884102570125, 47.931889865925484 ], [ 23.819594308431476, 47.982534792147874 ], [ 23.770778225535537, 47.996198854794216 ], [ 23.665737338608153, 47.983450099643278 ], [ 23.615136751660657, 48.008659520221613 ], [ 23.566693447645378, 48.003001690976191 ], [ 23.528445324193228, 48.022559614435579 ], [ 23.493729028172993, 47.967735033246129 ], [ 23.331936837216119, 48.020423662522944 ], [ 23.338770204482216, 48.035331216863085 ], [ 23.276732529883191, 48.057584762827446 ], [ 23.29206553909421, 48.07313296811293 ], [ 23.267836053991573, 48.100165574382686 ], [ 23.189163643787992, 48.097719090164787 ], [ 23.166552744114711, 48.120064489285653 ], [ 23.113720931076955, 48.086256111031616 ], [ 23.123187236302783, 48.077354590842617 ], [ 23.105721221358124, 48.065069845397943 ], [ 23.109118261999072, 48.035335225141466 ], [ 23.090895205849961, 48.00525044845034 ], [ 23.013654277124033, 47.99048923449152 ], [ 22.927303815019911, 48.018844815436807 ], [ 22.920217832687683, 48.006623348989308 ], [ 22.947803941099892, 47.967299710114446 ], [ 22.896170524151216, 47.954011955288422 ], [ 22.836116104675341, 47.99011052817923 ], [ 22.865659330314713, 48.012194068102701 ], [ 22.881369352414538, 48.054835806927883 ], [ 22.836039881736042, 48.080261679034152 ], [ 22.826139605958929, 48.11654469478276 ], [ 22.805058802922304, 48.106057499854671 ], [ 22.801063517068542, 48.12224886699255 ], [ 22.771153326665569, 48.121220304274516 ], [ 22.771761351106363, 48.108890170046209 ], [ 22.734760194328373, 48.119646648974594 ], [ 22.672748802416152, 48.091685981024114 ], [ 22.590228022306235, 48.107588978749277 ], [ 22.598167972974466, 48.145267102895389 ], [ 22.561408694256727, 48.181575843751091 ], [ 22.570338097925742, 48.196144373464961 ], [ 22.531303215172102, 48.209309664010732 ], [ 22.5021401401562, 48.248442128602278 ], [ 22.400625259349113, 48.249030120644477 ], [ 22.384409092506473, 48.234184235514988 ], [ 22.338668589384781, 48.278914415069096 ], [ 22.336758091213824, 48.307749974982301 ], [ 22.312917438789611, 48.325845738391024 ], [ 22.317576578097487, 48.354015917801291 ], [ 22.267359696793449, 48.360875608223637 ], [ 22.239657734117998, 48.38662521917945 ], [ 22.265016515001037, 48.409936750081897 ], [ 22.207063460411234, 48.425667965605044 ], [ 22.144538408121889, 48.403499343520821 ], [ 22.137624481385558, 48.432685182176328 ], [ 22.171304574947044, 48.587492167030803 ], [ 22.250247692777691, 48.647422386534856 ], [ 22.339530210951352, 48.683846399792458 ], [ 22.361729992745836, 48.730174548717343 ], [ 22.345624895773199, 48.766107971006988 ], [ 22.387583948441318, 48.800000503321485 ], [ 22.383464591218797, 48.865002986399645 ], [ 22.421068404384243, 48.884523217473429 ], [ 22.424817958582764, 48.929190671113474 ], [ 22.477273846012054, 48.991135097707513 ], [ 22.545523838555198, 49.00680486435391 ], [ 22.553181403000224, 49.079443262497477 ], [ 22.584427140600951, 49.097272157485008 ], [ 22.680112621301305, 49.039341586845694 ], [ 22.765537232258339, 49.053493223234568 ], [ 22.833461126130942, 49.025936404842128 ], [ 22.846952816620046, 49.00237940488654 ], [ 22.897921372873952, 49.004863716388343 ], [ 22.919498338178641, 48.970329549270218 ], [ 22.873544283842477, 48.956814963840429 ], [ 22.877935160779941, 48.932781415830618 ], [ 22.898222560323745, 48.904347113629285 ], [ 22.970725635680424, 48.874383759803607 ], [ 22.974810460735057, 48.84484288589141 ], [ 23.001008472763658, 48.82951416194993 ], [ 23.020574347129298, 48.847652181803653 ], [ 23.098522508108147, 48.862831468998024 ], [ 23.132475062075343, 48.852225583344932 ], [ 23.133615092163666, 48.83406429713051 ], [ 23.16804682380274, 48.816752110322568 ], [ 23.201659546451765, 48.76044729091069 ], [ 23.267873331789701, 48.761644076313985 ], [ 23.285500313689397, 48.775876275770429 ], [ 23.325613554622691, 48.753378696970231 ], [ 23.361556561886687, 48.770677442510873 ], [ 23.396942374391926, 48.732848682821384 ], [ 23.471871585905831, 48.718280891450888 ], [ 23.512127654468543, 48.734683711684852 ], [ 23.626223914003276, 48.7064265003836 ], [ 23.703561481178269, 48.639191567237958 ], [ 23.788961782561103, 48.640651129147216 ], [ 23.78651343314931, 48.606045485711491 ], [ 23.803991534082911, 48.580592837190579 ], [ 23.859933026488875, 48.554522304062004 ], [ 23.928746516239585, 48.552321712477976 ], [ 23.908354921243472, 48.483138691298507 ], [ 23.925027783606197, 48.465280282360084 ], [ 23.965928726330503, 48.458456507262895 ], [ 24.002847617624298, 48.506507876837986 ], [ 24.031854135061167, 48.500716234767367 ], [ 24.129233184864461, 48.532707941119497 ], [ 24.114886166264455, 48.496664428321651 ], [ 24.140399217750542, 48.480985772776137 ], [ 24.125263991940528, 48.453125726372093 ], [ 24.145423700344338, 48.434525236451407 ], [ 24.148646276105637, 48.389161571750037 ], [ 24.178815819295494, 48.365278384990404 ], [ 24.259301607184284, 48.350674783515387 ], [ 24.288646736458588, 48.380586089077667 ], [ 24.28450516418286, 48.401538960855305 ], [ 24.349772599226924, 48.381637398348175 ], [ 24.35787047714166, 48.352199634406531 ], [ 24.418099929868731, 48.324744818919157 ] ] ] } }
]
}
